R,S,T,U,V,W,label
605.0979040814029,409.9493692067459,681.591813893265,587.755459528332,836.9903173311454,1000.0,polyester
0.0,237.49225989232016,0.0,238.2561748136463,336.2225838581623,0.0,denim
772.0273163459102,428.54568625239153,759.5222644376065,794.5131229875416,603.7152092959689,1000.0,polyester
887.4459352032842,812.2357785363114,613.8832188014015,776.7546557669705,732.7712528347226,711.2531274053733,polyester
112.00275517341333,303.0912799249086,642.958089997094,459.3236545715163,468.6975924857878,702.1633335206102,cotton
412.913345889937,832.7284141073075,1000.0,968.6314835679398,690.6164627821311,655.3507598104347,polyester
884.868165739156,1000.0,926.8003198204257,883.371705997743,1000.0,1000.0,polyester
329.9436681779095,256.47185686185026,341.08958326985464,421.98306170822093,595.7684510458906,516.6713759846183,cotton
82.35376105119045,0.0,0.0,0.0,0.0,0.0,denim
0.0,165.76827411068393,0.0,182.80330089990332,117.017287706497,0.0,denim
503.0117212581583,386.0289402263417,689.2993542651425,386.2746254071402,386.36758949972216,974.9203138216051,cotton
767.266480618555,586.7527635757917,482.33135603429366,698.5113865626853,704.0412026352498,765.8208573581048,polyester
143.0504215850936,280.6001768330981,33.931764760904535,3.027447007212757,369.3933952551297,0.0,denim
349.27363748533514,90.38696356723393,331.7349446995763,248.95017492843797,12.224273058512011,317.2395360097904,cotton
252.179247302747,218.16518115770532,457.3965898299498,31.021564978412187,191.40263852367252,386.8048506978987,cotton
0.0,235.95600294044687,57.99558854613481,0.0,0.0,0.0,denim
413.2702742987173,511.16585208853866,363.79911931116754,521.3338590492473,508.99046893436315,376.6532147876864,cotton
0.0,33.716459203889585,87.53830971235867,0.0,243.64079223820067,32.735782819653025,denim
786.9430281175382,621.9344203785978,710.6793252294893,884.9575337754588,958.7926583096967,1000.0,polyester
830.6553519839757,686.0133007419083,828.0110056218456,1000.0,980.1232733711839,1000.0,polyester
590.5309119228898,501.02701391964933,724.0856539249617,765.7771299991678,1000.0,1000.0,polyester
744.3511988762586,879.5235803883038,960.826114029929,1000.0,977.9438894379391,1000.0,polyester
276.34959362555935,69.82303668515317,422.7443980930555,96.57211913303449,214.05218356310507,26.31928257531481,denim
78.91416468537804,87.80624058790046,138.45735908952136,321.0088052473142,182.77757400655767,0.0,denim
33.51425551875048,238.22543875464376,269.0389298966468,2.8449563891217764,0.0,21.631408812267992,denim
138.8714259703359,24.627690761590713,59.5202934575336,0.0,231.7019730913573,354.3666808623907,cotton
915.6972181279087,876.3697009231072,1000.0,986.9334009204342,816.4037627190689,1000.0,polyester
229.95570178579715,221.20738330579607,96.62522033905479,503.2146248014491,98.35651447081406,361.64464749346917,cotton
153.62261151461607,0.0,139.90148412062797,146.19912346602783,325.22214141777005,210.3753134160479,denim
244.25435241724895,416.79897720248516,329.3625482414319,149.31653497325192,178.66885886179176,347.6651177556755,cotton
380.147013103724,210.23198155285834,86.02910232171277,125.52657064183127,377.02805876912436,10.580201392911782,denim
44.12211728379101,151.0476503030472,463.9910119098916,232.4299725138878,0.0,160.6520267892938,denim
308.0395629471883,678.3102768360679,674.1748465364578,453.04436538586356,310.9953343416586,923.126663798088,cotton
0.0,0.0,256.2054986414575,499.2525630487258,202.94367698780135,0.0,denim
190.15613218024635,72.0579657200391,195.2324950696453,0.0,13.612332081412283,146.39154582350275,denim
260.4483919297866,133.31326062775514,340.8525269846879,216.7807283218786,118.94285803243764,389.90147548481934,denim
720.85132510956,521.0932896341533,578.0807925336517,945.6016986183273,909.6730383079453,640.5516937912366,polyester
671.3484148754571,826.8082859883322,1000.0,858.1905455179832,975.7192461450355,1000.0,polyester
0.0,0.0,0.0,4.064843582496096,24.386872475378702,251.75345152022965,denim
216.18136851762017,201.33065766274729,6.453923809776256,257.86516530665557,97.46321952621459,0.0,denim
491.20230382750646,562.528639835028,535.9568910182445,505.75704860058835,605.5694331411921,654.3735136591864,cotton
440.2144013690672,425.8088670160088,621.3769034559085,508.00329823974744,756.6617957867916,441.1615739127153,cotton
517.4668396453624,392.4600968130355,510.7952266444759,445.57418133825246,680.3386454339139,741.9158689720534,polyester
146.29497096439295,0.0,15.64478223276113,200.63520009142326,0.0,17.358265054571028,denim
212.1793165983578,292.09955088190503,241.9497927495991,291.01654311452364,168.57787151486616,499.1876662853805,cotton
748.8542701407968,825.8744795597294,849.1093959349032,881.4888707409757,1000.0,980.1863235263359,polyester
942.9387449088493,531.5236387723785,1000.0,1000.0,1000.0,918.1246794870922,polyester
124.46234675490028,241.83115179100594,595.215131299679,0.0,0.0,0.0,denim
455.3986621371984,410.04083315577924,496.75500709173116,368.35181350058997,149.34270796854696,454.5502414703087,cotton
207.22300950525803,87.3867992862357,116.20609155131979,204.96578296839425,113.08160710201176,80.15243712912269,cotton
134.4413879774222,228.03746123654906,0.0,10.477937615647178,103.31734366066266,0.0,denim
203.23761911223332,4.500718715059236,41.167352570962024,450.08989616537895,79.02048571672549,77.94471753271525,denim
572.6507999028478,871.8055837514504,754.870056036903,1000.0,1000.0,1000.0,polyester
67.43238433496441,146.88169021814554,171.42422272989475,0.0,40.19916123428093,277.86536605668806,denim
51.64262629741903,367.8281841175549,152.66291679022532,422.1277941712808,297.45636771625595,121.14525347232339,denim
292.6923287283578,651.4746800974146,369.2805988461946,392.5009232325606,612.9163950993907,420.6075687237585,cotton
358.15692603126695,466.2459190193132,755.9498997929197,484.09051361503555,515.6778864586466,350.25501759569966,cotton
598.9521434773493,498.4510128717608,343.1601342512603,633.552638037982,702.6496331512548,583.9676638419777,cotton
515.0657070388439,747.7753151015801,681.9521552610885,334.223067633521,476.05597166504987,759.7027078087787,polyester
320.8389451560723,18.394725193948403,323.14376831718033,193.10176411455006,232.04910995928404,240.3266047748129,cotton
0.0,173.86195664087046,224.54017945165356,0.0,79.80679824897405,97.48578392931623,denim
59.94636508618582,0.0,276.1837637302127,98.88688871753016,167.75092564314988,161.45983027953656,denim
222.11725552511567,251.7398276444166,299.8087996908039,298.5905044614366,0.0,313.75611469680723,cotton
875.037177487848,916.4301658662444,1000.0,927.2672702880419,955.652666263649,933.4168085085485,polyester
474.3867857924786,478.94851789161515,340.73801953178696,450.72791809647487,562.5901250043343,368.49446297444945,cotton
716.3396630577644,744.8691238515848,826.2024308745205,1000.0,928.6696883397932,725.377051339517,polyester
316.5722730717231,0.0,575.1007051224901,502.82758868119396,673.4279118058125,647.1774916161442,cotton
313.2381983346207,427.0879093239595,672.990493031653,474.33530279741854,623.2321556821099,436.9365195329848,cotton
232.8749093641801,168.1673801588122,0.0,94.78507899693514,47.50190819293008,0.0,denim
341.48351776736104,454.497570745751,284.74694323702363,756.054063372816,592.6766144429096,715.6995511353371,cotton
0.0,91.60303944051553,205.4214795934493,90.23751102671238,32.88611894745317,0.0,denim
0.0,327.55009706627874,0.0,0.0,92.66822908462434,45.550216484178264,denim
824.1881115091533,1000.0,1000.0,604.4769245211352,1000.0,1000.0,polyester
264.7915920296286,270.84965843272573,395.13974336745014,5.315417016087565,247.29018534850968,264.9703912483952,cotton
839.5079143068908,1000.0,790.7432861984696,923.6352528778548,1000.0,562.0712124467439,polyester
284.0969242849188,252.7002688083839,153.9520318763498,212.44405583355788,402.02106180874694,336.1197833770804,cotton
49.754962510009086,0.0,0.0,0.0,186.75734628343548,304.9620667810991,denim
405.3391872671981,55.99138189353687,377.4180324958481,525.9935191398356,718.7999084889814,670.3786970514849,cotton
598.8884547351856,513.3062742399889,593.2417488146409,595.4917294181819,1000.0,318.89213445227654,polyester
38.988995029614046,196.4554429753181,0.0,0.0,169.10391504898092,411.8732163512697,denim
792.361938173823,673.0817662777727,619.5297154430848,879.8772487494481,735.8794676664064,516.5051231735561,polyester
286.14120352528244,525.7746333397138,389.22209288979104,681.5952632781307,589.4414613958404,316.2155297661919,cotton
596.1757245375138,655.5263263519158,632.9461397205306,489.8109513844969,758.5657703776149,823.0401464334133,polyester
514.5473393138783,843.8900937874595,997.4968035222266,682.1844157986885,794.6523181761986,817.6000279919672,polyester
744.069311096209,869.6519835517449,938.5965482761825,671.8365920889739,1000.0,1000.0,polyester
251.25596130601812,275.6297191866689,275.82198720522547,0.0,0.0,164.87105510536549,cotton
522.1206706503704,754.6332230645955,493.429389446945,581.1218407957969,921.4286828010372,963.309403359874,polyester
712.6721407513537,868.0064547545974,725.3050844291049,885.2564603195043,1000.0,835.0124741685573,polyester
255.40251851499625,0.0,0.0,117.3290283237666,349.6972624452712,0.0,cotton
147.5097217185056,22.409888941639338,0.0,0.0,157.77199454939182,277.1947888769579,denim
282.83490277313433,332.5513718000689,38.365744029556566,251.02039240304205,212.53848760206952,305.3951395304199,cotton
78.15238575768262,321.7439246648893,113.48775290215124,77.44606224610719,71.74526238431002,259.0482236890183,denim
42.461973108741425,123.94787109358492,237.54007788156443,0.0,199.40759780804908,178.58513770904517,denim
177.19940096925487,157.11707058108811,0.0,549.2054401150092,351.05976249771584,678.461781969461,cotton
423.8870238625591,741.2713013079876,548.2519289645309,700.4026409194221,807.4753556968784,749.9719252463963,polyester
179.04944449256405,544.5118770434963,244.89594074637537,489.2393420234041,601.1366204857899,541.083351074508,cotton
0.0,36.99379949680727,39.5516693837055,17.19641108237775,218.5690754834469,193.6986084826205,denim
411.3184773821265,641.8859850467954,869.9762919103898,746.8607279590312,875.3264079338223,640.6250516075136,polyester
918.3817889223097,1000.0,882.3054709738516,1000.0,719.5822452068661,1000.0,polyester
516.8033336592903,895.488674121884,678.8726477852501,952.8368239594286,858.3360839094777,234.2984439318575,polyester
748.0920139001887,919.8431706107158,1000.0,798.9279038086185,1000.0,934.5953130927389,polyester
871.2281892459847,826.8584106484307,904.4606186125962,968.3406674247393,862.4404619140543,929.6484522562171,polyester
31.675163314435608,58.18149444297137,0.0,145.6150157389843,324.517363881447,10.456280969853058,denim
619.657515232903,661.3183343417278,669.239696963628,775.0383055601073,437.82527528843565,565.242395275061,polyester
0.0,91.30728347807678,0.0,68.72687897925894,63.35411409361544,229.07850269422937,denim
803.5046101477725,819.772702414747,968.6905805014293,941.8549660474156,829.3182881407238,910.8560865623133,polyester
472.5285007660953,484.14594326077383,868.9017284809012,985.9086617073717,988.6212149904748,875.9302647344037,polyester
48.27090878729891,273.1769145327841,0.0,220.82002227178782,352.29978285293186,59.45333022033534,denim
310.60987032633614,41.597682803813,260.0419722434379,498.84727906989394,237.29691439384985,355.9740579115764,cotton
0.0,49.021816983557954,90.34690971819208,129.55025547271947,278.2396266676791,314.497259348959,denim
196.02744140183486,109.21123121540246,160.33575550771135,52.54486547656238,351.0320518835865,107.64684308701078,denim
737.5910630452498,1000.0,868.8557493127046,355.21978484657507,823.2452108938415,1000.0,polyester
108.62582621590109,146.8764105274701,299.6858609673636,0.0,273.09387102944453,292.1634137662518,cotton
481.4059616710865,645.0803589500099,653.6048847836641,637.9468528585082,882.1885160068235,683.8916028887709,polyester
834.746426701025,791.5291141716192,1000.0,742.7758517717446,856.5156604312286,965.3963826828975,polyester
39.81164777080028,352.4144700674169,0.0,204.70089773522807,94.00515747121686,0.018524836573405423,denim
124.11493215014568,0.0,0.0,0.0,420.1011526460889,144.96783661509045,denim
122.16137593276552,0.0,0.0,0.0,0.0,83.91085438648008,denim
325.2890990454558,498.0571180188016,77.14571934196081,0.0,225.7376454616799,0.0,denim
606.0587329464094,683.972992154658,543.1299485777724,899.3500327762072,824.7396531348081,675.0906421501581,polyester
223.4350140893714,241.47934539243855,486.75115926683264,351.0642164290226,441.34354102352097,241.35711476562028,cotton
705.0521754607171,822.3348180301915,534.0761866810137,982.7064857318244,888.9368102515007,904.4981524046703,polyester
782.1984198274845,940.2079163016406,738.4328785177865,1000.0,1000.0,963.6758073711004,polyester
945.5496940447174,845.2916874680088,847.2406763104625,939.2133585962778,869.6638159328604,1000.0,polyester
904.8742022913375,1000.0,684.7064336501102,1000.0,1000.0,1000.0,polyester
145.72144724844986,142.78406859480094,141.40411319021482,59.66247966962243,330.1211418019819,0.0,denim
267.39344382871263,0.0,0.0,0.0,0.0,69.15560351364167,denim
474.48915910624976,831.6953321167578,739.962254849942,818.1178878125374,651.2921940879863,928.1324246828491,polyester
5.9450135610698425,0.0,182.26673814025582,72.88193597439444,368.8524241030971,19.452698074251096,denim
495.13231868371486,414.9933872322385,845.7297953817781,712.3184851680264,690.6500657026223,715.9111261426128,polyester
332.47657706038376,157.06609457910963,474.99955856037184,354.70605179106553,666.7353985978835,466.87252337380426,cotton
199.87626387313904,181.95258885916056,314.55382381542466,671.4452500320524,370.23446136955715,850.2514645500823,cotton
458.6991172980409,278.4628293764487,379.42465631392366,469.7623361806165,565.3021015714718,442.8873750268345,cotton
86.23760610919247,0.0,196.17867040317893,0.0,0.0,107.27940293760037,denim
474.74016264902434,734.413346800283,670.9714246205103,827.3835567073917,928.8675793372455,476.39198707179133,polyester
0.0,0.0,69.01934957944914,406.07037226838645,0.0,201.29769326141326,denim
221.3820464817361,0.0,154.23496305422526,335.07064005355926,86.39082367177139,459.78284988205144,cotton
777.1776328212144,609.9421009038217,789.4508054889271,999.6909005369063,767.3619901499934,652.6755883714368,polyester
660.7679742523972,347.09307534769806,297.65207222545314,303.92072015293274,107.45458482482343,440.6469668644038,cotton
481.65737879695223,0.0,0.0,0.0,0.0,140.97235444064233,denim
107.81677436743092,280.3213978157466,140.78754492524942,0.0,169.52095222606548,53.55029660983286,denim
580.7265743720718,675.4195778473322,863.9626419034208,849.1518908312083,896.4092329393458,899.0564813843573,polyester
0.0,230.7497120280317,0.0,39.19997261380267,0.0,4.458630390407009,denim
416.2710215254094,411.9341060725521,497.928258843826,395.8628846341352,592.7305874074036,854.781245937619,cotton
283.1486096019505,417.8379831991928,637.5708987737344,425.7403633722632,358.5694543521154,410.7200398383999,cotton
674.95598680907,689.2347777606183,992.1366914015831,688.1661937005883,1000.0,1000.0,polyester
32.4743361872695,98.3154285776385,48.153297223680894,58.71469113957137,52.12882832181968,287.62576292786133,denim
642.3325111846185,661.7719273435453,634.1095073412966,915.8528865231199,845.9614767286328,957.5700530098417,polyester
533.1509691709813,435.03552867193844,459.22692060983144,233.10890533318505,482.8456477814365,346.26944470496153,cotton
102.38387595161137,66.46020347643199,124.13863324403955,127.34674314934222,520.7073148960261,226.40110554138812,denim
67.51221750170482,0.0,87.77811490351105,280.10060943801165,0.0,157.03091900620277,denim
42.68068083099615,350.3155179149849,190.3423505101519,205.00537005009676,289.73345217177365,0.0,cotton
0.0,271.5564359354988,62.6661099200538,155.5653633477536,382.25952502730263,19.808015428926097,cotton
36.03765676611958,17.512521248193906,127.99263975386255,217.23292439388564,0.0,123.3192835690282,denim
385.8086986102036,430.1073710372354,535.191991757283,308.5168622293793,237.91125212473492,501.5239369610119,cotton
838.4268085235484,572.9466354995324,687.8413189074025,738.0732146085925,657.5974250451478,652.104487764977,polyester
605.5321544365279,571.187920407144,716.3955481736932,565.6636169866521,911.0149803050931,1000.0,polyester
522.7559203565546,435.2693953166944,715.0966590737642,167.78538488439779,457.9599925677016,365.2215981792284,cotton
305.6615196123097,316.88415414251574,343.0504579219203,429.0048699305807,451.73789842687904,428.2351085248504,cotton
357.9780679246859,449.7482215705405,867.3691184826121,412.858468642557,832.7211715552193,503.7423955939954,polyester
70.60346527686752,0.0,122.5604352970443,237.3208653700278,124.76604399975486,358.7058562242921,cotton
674.1932603808252,673.7819203432371,959.0451507228946,1000.0,865.1313637393487,607.0222529922935,polyester
673.4592067765346,495.67868713876646,626.3295298162798,770.5008519436458,227.60241192960842,433.5225788842987,cotton
0.0,5.634294318133811,33.089514237893,108.83520850020537,125.18614709454741,0.0,denim
929.1290209158254,1000.0,1000.0,1000.0,1000.0,944.7096233970907,polyester
0.0,242.61536566891218,163.89268433955976,160.6423868054851,212.6421189187378,192.18112021118435,denim
220.01371223535565,273.2428887090371,0.0,21.45389271490641,0.0,180.98673989912487,denim
248.89285679718884,327.3810762110857,175.3042660020743,0.0,227.34762398867437,147.96875740192814,cotton
346.7620643507439,674.6477519904223,621.6439500633286,732.0872303122517,271.74186965426327,598.6092050234639,cotton
81.09296168833119,0.0,214.27255986500865,0.0,20.2500464417966,17.92671636223413,denim
0.0,0.0,0.0,271.06553393970916,273.86349102503334,287.29404607606654,denim
638.1362453491674,589.3809319284093,661.2948704563148,676.6944530220173,573.0032706014244,703.0822792110986,polyester
125.91970711013809,293.07791631946947,262.47669329861105,81.71735711008486,18.67189914376081,0.0,cotton
0.0,96.26161281533811,0.0,110.95723945391244,0.0,199.27046948932383,denim
183.96516367025868,431.4470942893835,798.0658722975456,799.6295544135357,199.0775858718253,419.1079868513454,cotton
212.79898431419795,400.68046847323126,257.7023622548041,495.4052665950313,24.505803211441844,216.08833919230432,cotton
325.8201677155903,164.02092946347457,89.68737702481525,9.76040735969508,177.6765821913384,122.59791903770684,denim
217.84556431511956,338.60690979873345,414.87023399393,131.99661318750447,16.096368887153005,30.276741795475573,cotton
174.35992256502323,64.8896246518735,168.17909507962625,243.21697402887705,298.6006698456577,271.6701904116684,cotton
130.66309420877565,0.0,229.59043837627328,29.728806090734437,55.119886691487444,127.20739659092213,denim
287.55881125669816,326.7097696239252,0.0,266.02170696533983,0.0,127.04211926141195,denim
101.7229033330982,75.4389418291227,0.0,167.76736188035943,90.62893292892574,0.0,denim
25.172446130169632,0.0,237.98504341059407,0.0,0.0,234.73451426835226,denim
336.6161411239467,109.29433651081189,464.5297941090952,304.2203290708194,392.7102853985667,86.6027083977828,cotton
754.3918465657999,602.2595240574553,597.7832467921743,755.194351855146,711.8844220660658,750.1590476177403,polyester
1000.0,764.5063643920778,743.3658711440239,980.4352103832148,888.4594980527618,970.4316420494785,polyester
210.18897118329213,16.005925730993056,309.01926365672057,273.01484328021553,155.36080976437216,310.73302419315314,cotton
13.619009955673306,0.0,117.17968648506634,420.32921049261466,358.82022232171045,191.64947312207775,cotton
0.0,167.91137869181316,179.9907636954041,391.11355465865313,337.1106936562047,467.3733756922428,cotton
847.9748476613591,624.1269361257899,840.2743665797146,646.1557927717864,278.06815017707464,834.2462010207935,polyester
621.1965850308786,584.5343755840277,366.40821983886275,484.5805768711574,558.5276224812616,558.560116339494,cotton
336.0546774600056,425.0368584447124,109.98855318982584,381.8299889640647,168.95431260578664,542.3427460278065,cotton
50.2451807343125,144.12734726341353,0.0,0.0,8.072487055647784,181.3077908104807,denim
390.69552581164305,102.72267859388415,226.11113335471973,217.89687042044355,230.3771158261039,310.8841714146143,cotton
0.0,63.03731231287365,0.0,368.6960612115112,13.963283278229781,0.0,denim
0.0,148.02303875733256,36.024758260725484,0.0,148.9451712325708,256.84270943750283,denim
194.11825596295353,198.41910914000448,0.0,64.3614537362564,188.8200965263674,79.6428870077687,denim
519.1933550865895,640.9764493749037,906.1970551956574,741.2510908210195,647.8461779952614,949.243921138024,polyester
115.82724645934337,271.5700437982697,440.09050055309444,118.26352990697845,0.0,4.934730464528457,denim
165.33013348754636,206.5178257024449,59.94885961527419,71.03173390758434,241.59038213308548,0.0,cotton
900.3231693139645,1000.0,1000.0,671.6421816925578,707.4287586041035,597.2782109897603,polyester
835.8404590594433,642.9859943889385,488.13127661358874,436.8133550798203,700.8455978292112,691.2807223367244,polyester
208.6215501095799,0.0,184.06331398046612,456.62347005141737,483.2915259099967,369.2899772262219,cotton
190.35604599573227,143.3559788202446,381.411632291108,0.0,0.0,308.8804177985404,denim
477.4699434767676,859.7696393405344,767.6864232857081,782.4222845528703,752.0081505368731,978.187024116163,polyester
738.3430771898844,848.6440979478373,751.4555814849504,1000.0,794.7174996836516,660.7427827131489,polyester
0.0,150.2135235949631,0.0,0.0,396.92423705948306,0.0,denim
0.0,32.02144038788196,276.4171790249119,139.13390374004697,0.0,315.57729764799825,denim
0.0,0.0,0.0,246.3570457302573,0.0,0.0,denim
588.3904992784644,790.4438289681794,670.6877623227521,841.9803389006813,612.5869340167983,1000.0,polyester
318.0903337011409,276.5999005665199,226.58077081169932,26.806334534458273,257.0327480609185,600.729010540125,cotton
0.0,115.09603686968329,116.06942016669376,111.1538565512474,284.9968339417145,624.9916905216357,cotton
112.73609545187645,255.0156259045444,243.18618235402232,137.58397750163473,0.0,132.1161016596285,denim
308.4928466773747,262.8172129462157,608.1793858674588,759.4917374164684,641.8119717253578,442.54879098684984,cotton
568.1065223156832,527.6376029803594,435.84763323867605,511.92405087153514,763.49642611361,820.7547514510607,polyester
530.535554624528,671.652703049927,779.9050680228086,410.51987233607576,649.6180008106994,691.764613800717,cotton
784.4777913323104,920.6770095764898,585.958072223521,890.9660196230191,787.6432854093532,884.7697613136141,polyester
581.0551845907557,377.52726715911945,661.2609186461453,590.4191687033634,561.9915198219421,355.35417850597673,cotton
558.644424312582,732.1386634934277,700.5862980225214,816.1328566866354,666.8848882220313,696.589874178182,polyester
527.4030965709294,728.4348023839646,678.2994048257975,502.4159639255663,944.5762084372701,621.358221510181,polyester
98.3946165447242,0.0,19.428330782814918,0.0,97.27841145488458,288.9275628859711,denim
122.0870332937923,0.0,65.47106110713256,85.91321007558739,38.170916942823226,0.0,denim
128.21943929337587,87.74631868552241,115.30115897598412,263.19247960406136,0.0,71.73019526999946,denim
0.0,24.36708313760338,0.0,27.34150791943859,0.0,239.31978069465742,denim
884.1412990221978,866.2585668686556,868.893380448214,922.9586143083827,918.9931736393859,1000.0,polyester
408.8575604265825,562.7475553532481,324.9476253879074,305.3455988184337,628.5423944050399,553.632972207081,cotton
455.4625505224526,39.84390578487686,0.0,375.2710395202779,0.0,125.05976938902464,denim
339.0192489787513,0.0,0.0,94.92038929991685,90.03553648871532,0.0,denim
256.53438323605803,454.10247781851916,249.10564605954957,638.1901715273682,507.610141548198,679.9062634028483,cotton
355.812370690569,371.58302135024803,389.2168149083697,485.42284120169813,564.0570790468613,739.9676694199701,cotton
0.0,72.08715900136366,153.98438890774406,93.38248490776135,0.0,0.0,denim
0.0,34.461164099627716,94.26465429585443,0.0,0.0,354.94613162099046,denim
916.4353206080333,1000.0,1000.0,528.7403575621147,653.7557270208222,784.9122734547494,polyester
545.4867657510083,82.40007082967657,112.37668911139411,686.8435720692137,521.3385455669031,643.6299226409427,cotton
12.587210100842398,19.016416258477854,157.3331879902961,77.67684814521795,0.0,68.7877391070682,denim
0.0,93.88479096245185,80.35396173162026,95.130685336702,0.0,44.393993085854476,denim
0.0,0.0,197.51006111590584,0.0,0.0,19.49126611411789,denim
90.05402586969348,245.036044449918,200.8011825168184,0.0,12.996194435558138,0.0,denim
606.6931166135787,957.6023380046639,894.2881613895831,1000.0,808.5649948543364,1000.0,polyester
314.7177392601314,416.36568815461686,471.0219675263931,766.0917465403452,639.2227458099129,481.6556943132616,cotton
499.70408325763003,627.9809261376017,518.0335746046982,550.128249375437,823.2746192317328,455.48502281286875,polyester
880.1912538179779,918.7375002850004,1000.0,1000.0,1000.0,817.0972046758196,polyester
0.0,58.960109665786725,0.0,101.4746389935565,0.0,0.0,denim
0.0,50.48251354149074,207.24549359704315,62.4829250695923,0.0,0.0,denim
402.6878835644505,80.43231063830446,72.37862823842246,379.7099761433276,8.277055082190941,147.49652648551307,denim
190.57577740122005,428.07697591835574,348.53567776380817,377.18467781301547,350.1154655458247,376.48738338562265,cotton
0.0,193.42109110497228,34.664872146484605,244.0118512430006,86.473856928823,224.68925620869274,denim
346.59490334462475,0.0,61.19771696239603,124.83425663639713,174.98884639833577,40.61735991266015,denim
1000.0,604.7205320517326,975.6467644970077,946.8283352755244,948.419555377482,866.3347504320645,polyester
497.93091953656653,509.23606055792413,1000.0,1000.0,1000.0,915.8102585242433,polyester
141.02007785113318,328.6444834333913,408.9773912807432,285.2546649061049,151.03154361274542,501.699164895575,cotton
807.6779413940397,766.353654588117,660.764485294545,697.4335937012323,817.4512755229727,667.6216885516919,polyester
324.47946484471146,147.12410369446562,168.15818692390536,276.2103896400937,242.35916024552142,351.7711088274984,denim
759.4339460992974,737.5848741839948,1000.0,1000.0,1000.0,1000.0,polyester
150.83164429830353,467.0308505189047,87.18908903256013,425.6589162827597,206.7316573159795,259.8908263144821,cotton
188.9641783874299,0.0,0.0,0.0,374.2212077722957,258.59165547634257,denim
175.2406987001921,140.85891177145444,97.10497426353737,163.09803847037898,173.86652438172933,5.893383627597345,denim
35.7293164378385,200.96715643280186,186.7492799558098,101.30704343773903,15.872441212280307,92.19158956932792,denim
77.06483741869289,0.0,0.0,49.00378390125443,0.0,0.0,denim
0.0,123.46826673672666,102.90223686506125,332.84795134836423,469.99250548840973,425.3142107262974,cotton
645.5788177141065,772.3898536185087,843.0155297978743,842.7743524700843,868.9208603665646,731.3122705291465,polyester
321.8902574387888,820.1199678909476,437.48199322518116,569.5481541639365,493.53765433693576,485.60729900995074,cotton
392.58679214779465,434.50582737432853,647.0910582952977,403.36573674976955,589.1530932484577,617.7786055711742,cotton
310.57982902496514,654.9841273994875,232.4326243362018,726.8700956453927,644.6809192875835,719.7519520904499,cotton
634.0815083353584,729.6463241405311,961.0599669047738,784.5347838307785,714.2585818123068,520.2216336167841,polyester
905.2337624087918,823.0102814665964,614.8961424344727,865.3373727659159,941.0814603492564,984.0928978531617,polyester
384.47832418647937,242.70567324255927,108.61853757256989,530.4111072230389,547.965049831781,334.5664471399888,cotton
143.78936593262407,234.6903279220114,43.43403786557607,248.2656545335597,145.0776478800682,0.0,denim
95.61825465880341,0.0,0.0,238.72798625682827,0.0,0.0,denim
905.8677130563983,1000.0,993.9629090853437,981.560317228156,1000.0,1000.0,polyester
547.7213030100879,743.9153964926187,626.7636452192365,941.8754225069662,592.9082896300703,821.4342259622048,polyester
435.7125418161275,31.777145607041234,415.5209604683295,513.4304033544325,543.5674026804069,433.3507566730121,cotton
362.7567536028833,353.04959506141967,306.59318921119336,773.3930552079212,274.5831062047496,534.6476213507369,cotton
400.19137605714445,194.3978198778949,162.68066928009597,253.52392331445833,52.58534729237092,68.1340481650383,denim
331.3212000911751,59.467645401478855,39.2668873747704,0.0,0.0,178.420762084342,denim
250.44172303869803,320.7031110250671,399.32760225105653,623.2427364633144,279.8975213966355,0.0,cotton
264.5829950360215,272.93786911559255,405.9432915021838,104.32629156754086,539.8450006989194,475.33910514092264,cotton
0.0,0.0,0.0,160.2624074795398,0.0,55.905441718827774,denim
807.1922672084066,746.2203810958305,418.6522284109847,649.3682489477384,767.8123645047167,653.5164932276655,polyester
151.53106048647481,84.06569020045754,44.36645675492642,367.2306628102913,322.777504477221,0.0,denim
442.1169257048134,362.16587164075014,246.42591166422974,506.99309136566586,279.7098815119606,443.87164056445886,cotton
0.0,257.90550515836094,0.0,0.0,0.0,59.01235531291624,denim
310.3495452085282,71.83429834121618,302.02086162307063,187.33791349194783,393.1745130816821,254.77730518534005,cotton
154.0826591731299,145.92381630948273,0.0,0.0,86.92744104315688,0.0,denim
740.807388327349,865.3731445566993,1000.0,914.0458428751198,1000.0,835.0407493064644,polyester
6.43206231120007,0.0,94.48214185481748,6.585088376618415,228.96004465079645,0.0,denim
649.8732589408557,423.8660999275351,587.104211722911,505.4585361297575,518.8340277347479,831.7437557259996,polyester
705.8454854834749,827.7451866186316,699.5724079001941,1000.0,911.5571355360252,1000.0,polyester
145.78028790356396,488.7641527241285,331.0516686994953,288.41731627546596,125.63011532530042,0.0,cotton
779.6966819855965,933.3918453269721,861.0630759568245,713.2272889642875,921.4751449796449,1000.0,polyester
148.2517788110864,0.0,113.84919832132417,0.0,480.14632986885215,238.4493574234274,cotton
127.15739609938501,0.0,101.50388265931059,138.37665914385542,0.0,159.19392854546925,denim
401.20702693907947,320.430041874814,0.0,334.0657641118163,57.30249888812364,485.4919849855406,cotton
236.1983910997006,594.8263830177336,379.3035153765375,792.3266686343812,485.20606245006354,557.4152521228032,polyester
87.17988555420865,244.3780395259189,0.0,164.4515921197996,324.1937452274965,231.2872520824441,denim
106.59048336491627,0.0,121.1940635376317,322.745854227305,0.0,0.0,denim
837.1144887953991,863.4282676143159,827.6936643565484,1000.0,825.0088315839538,944.5154119686091,polyester
31.10874204254619,202.89077252493956,221.2932851925267,498.5113679511356,0.0,5.992200209648111,denim
377.3371527365495,576.0658714198024,558.2891123327961,1000.0,782.4132454444638,747.5714868200699,polyester
874.6646681586391,788.457240242594,991.5063213651691,712.5275901514015,1000.0,809.8825002476211,polyester
431.645517755416,211.16520509547527,214.98330006178185,0.0,297.563072730118,350.46015147017886,cotton
163.15552037777508,473.6930338778463,291.31663635729797,454.77215359379534,468.06993270361403,790.6166272456037,cotton
318.67355777914196,209.1827112434013,286.2930086227019,326.62136241824527,0.0,99.11921151942983,cotton
45.983780996640235,241.70394640382563,68.13554855185275,56.076776868072976,3.24194244964319,94.58633116648306,denim
376.480497549912,355.6800991180128,355.9443260437197,594.2145610567234,529.0902489054114,680.5055310242772,cotton
790.9895186455873,716.1076856266567,975.566068448614,955.8119411215172,831.0920840357526,947.560905497612,polyester
66.27519759586073,383.41649773837105,73.37190117131095,0.0,201.5345575424023,317.6544419388278,denim
370.87595723986794,109.85491127659276,204.78812769582885,140.4830933267329,402.3462338138651,183.63955271375187,cotton
259.24416160941246,107.96693464464703,154.6396817616215,194.7143055583128,153.37420546213826,236.04218674836227,cotton
426.48384708990625,191.63307594053177,15.37718515409884,367.2832040810183,367.79738179519575,82.88109359363179,cotton
259.88792849124974,105.66006549574887,94.76994756852986,0.0,51.92459939761668,80.63517992095656,denim
442.8679158212677,363.5846507932633,343.03428725852774,428.33382595015576,704.0974915592683,546.6156845784017,cotton
826.240053575268,562.3931549844668,533.6935894267431,829.8849241594535,1000.0,780.1046427801324,polyester
159.41311113172668,65.2432246051781,42.56751641476803,33.6662602412039,0.0,0.0,denim
508.7012008977582,454.1670548619211,579.9806662520564,659.8597157623565,638.875923043361,417.26008351748015,cotton
53.157120839951794,0.0,92.80794734987596,0.0,279.0665912223663,134.71362492290203,denim
559.9537248101287,874.5716956165913,570.077711297807,547.7245253702455,526.4415982643326,982.2588367550461,polyester
291.7889747915292,386.9858436517493,362.4530592731903,527.5850345855893,400.29512199746875,622.6646719233228,cotton
215.4291504405411,143.21767826674002,151.9419014718346,126.53881961526389,0.0,383.21207950586046,denim
0.0,0.0,0.0,0.0,25.675081339851864,142.24096543271108,denim
619.3944960150607,566.4230850985487,797.619991369553,909.8967883181839,700.3828991845629,766.541335112728,polyester
155.04200008386928,100.12472800717961,0.0,540.1562719944791,215.0909881823011,376.6106167893194,cotton
876.5149450715605,964.4792199667187,653.4796121672639,688.5870392656337,1000.0,1000.0,polyester
292.81898472964224,123.28884216058894,145.36134716528454,481.0944486586794,0.0,483.84349725689685,cotton
874.0061531007017,746.0871959331786,1000.0,289.7520314708835,571.1285259077114,514.0034132907319,polyester
196.8654965324912,0.0,359.1032675370187,257.95459963176233,199.73424709896187,206.6033542523458,denim
679.6588540440094,830.7629456202887,1000.0,859.7447426403943,1000.0,1000.0,polyester
54.58304649113377,24.809901862113996,125.45846653510418,217.37588927849106,0.0,3.266206424805141,denim
227.4957486638974,606.2388659817377,148.94973510325536,318.76185978175727,594.670146968006,207.63698126497252,cotton
0.0,0.0,98.89343565945678,31.128446015600773,277.14124023115943,0.0,denim
604.4739706938304,232.69092362134904,368.30566461781666,357.033555796551,508.3681054355392,470.8042822088558,cotton
207.6634277036295,0.0,0.0,39.82754692906846,0.0,0.0,denim
738.645605442433,828.2918951444547,954.0223370720809,1000.0,1000.0,939.2523688409026,polyester
59.59583510576155,99.70010855583674,158.27327086413902,229.35372583932343,557.9225119126156,402.37668563135986,cotton
390.55581443544736,174.37540264615998,578.2797247545633,830.7502875075503,367.43810314369426,430.96023223628157,cotton
613.6555177576064,668.241372869744,586.3813546090728,735.0238719649649,948.4077265095997,1000.0,polyester
743.304615430614,674.562985408901,879.7262585669587,1000.0,1000.0,810.9214323221315,polyester
770.4704495983955,727.4387811502879,791.5775053796908,678.6563423457121,967.2725684624946,1000.0,polyester
345.43230354403494,380.03214860942535,157.79228228360057,191.37221249615237,0.0,362.2625708269842,cotton
217.53928776611187,154.41454555435286,139.95475713102067,0.0,147.72114980981289,0.0,denim
0.0,239.69009086446573,57.25503357316319,488.6754479592922,87.3446747839078,132.7817235438965,cotton
797.1810758088409,640.364941517714,910.0443921848076,1000.0,769.1568352806432,776.0696288170419,polyester
389.9883875279072,188.44517062261235,415.0331609788132,133.6071086979823,211.79293514119405,625.9194636340968,cotton
242.96760042604024,38.78466451584043,123.33638531496122,18.821665760195913,444.59534973995494,292.1149708676514,cotton
412.82042388911,194.97827028544853,146.79852769099347,71.4727255485557,108.05762663657597,260.36221414881027,cotton
0.0,200.23943906395328,41.159421600691616,215.2777594968787,113.92182541342774,19.239093494760102,denim
47.164137665688344,237.44776403203127,0.0,215.13778208388163,187.99055904170615,113.91490831644833,denim
479.24231255771997,518.5832159428436,457.00036110276704,436.4037027077148,539.4455125063979,591.9479496479357,cotton
0.0,0.0,30.6793111037236,1.1201158217319005,118.3630248734436,0.0,denim
918.962318229927,831.8725199678968,721.3611175989859,1000.0,1000.0,833.2316763937717,polyester
444.57714116924734,362.69300857093407,710.1287516834132,296.7597168412228,525.4549461623764,520.5774566883936,cotton
188.06933349909974,56.597118098438614,141.1000164864218,153.1580218167988,0.0,33.50404208382493,denim
5.265369856591761,374.1392161839875,4.513277711428074,111.11656573904607,0.0,412.0583081770299,denim
749.6198531876151,407.277244162541,721.2111692473128,619.1116536303559,783.3604886796829,706.1294815379432,polyester
882.3594174472292,784.5888062108429,703.9089470273232,964.5678794807502,861.6644431794396,965.3473061092243,polyester
783.9016596618284,960.2486355904663,794.6090614879619,966.4816964183001,1000.0,979.009089221831,polyester
812.7865024727927,648.1624749927022,752.910182652807,884.7333278355131,1000.0,1000.0,polyester
743.8130284661524,691.7064428029103,696.4336796938743,734.7631735111377,915.3579068733642,794.8130021815696,polyester
0.0,0.0,137.52649558208395,164.23147958847272,0.0,278.90122210043944,denim
168.89935060324535,173.97418962097345,143.6206532118428,396.81899928646504,0.0,240.70550072465934,cotton
94.40409915104432,0.0,42.90698030952582,154.01320517536712,0.0,512.5572226481503,denim
138.0615703682523,161.79426986060088,0.0,170.85868864718014,0.0,105.3416023057654,denim
519.6786966209274,500.69745264812394,899.2394984901944,447.5677541395905,375.20800535058896,294.2186543766977,cotton
239.11102319923003,482.9845177049428,334.59893163384083,624.9700916189282,531.6044558229171,480.2772021776327,cotton
172.7417623229669,75.85545329046082,0.0,242.44387614286399,259.41021921357463,501.215289702504,cotton
264.0048896136705,77.41117540052292,0.0,0.0,371.46652585452836,54.42381426042665,denim
630.0654855254656,587.4537215905705,920.0812736902941,900.734013754964,851.5046591350921,888.7732170856266,polyester
70.80254704397005,147.42808590280922,430.00550636685375,0.0,564.965565828197,375.03802116598945,cotton
114.13806124732258,402.13746304981953,0.0,110.7520029522855,187.9864616314253,0.0,denim
300.32604264619823,212.7728394810516,415.7412635776909,163.0690052092122,435.97987864909,220.47734275960028,cotton
194.80424477030812,35.428364934067986,344.317780605202,171.11066045975468,190.54329378629592,101.82390511778468,cotton
921.4211794940834,765.6653517671166,774.5343007911113,784.4142895340493,729.0834919744074,1000.0,polyester
894.4310584407033,707.9721840487358,915.2623903323204,834.1169309178998,916.034741061354,783.9439540082269,polyester
858.4795381347005,600.2009625594949,792.5817382337358,932.250476184108,883.1843356834902,956.6518757183304,polyester
707.5176126388958,423.9664095042491,851.1188211314828,776.5624508374547,598.767624519327,784.3803420120604,polyester
715.5249046804948,367.6704696408319,514.9476395245606,390.3718306574549,335.4120426173923,532.5261556461029,cotton
768.6112143547026,943.8607022333123,794.4077394399865,1000.0,926.3219463054536,682.7560229393184,polyester
0.0,186.5031927610163,76.714125433165,105.78403678122004,0.0,0.0,denim
868.8540713571789,663.5875909314742,898.3007448950409,818.3375253383251,441.4678651140864,819.8520124251716,polyester
118.73643094794542,36.6399950423679,252.0775760629774,462.3392962890741,51.625553848622474,118.59054194451281,cotton
124.62361724982492,24.25271947005811,218.8830433657618,315.3271129464057,23.58066260487948,0.0,denim
791.3230977054214,650.3628604998501,685.5371190808899,761.9711256617901,594.7754862565185,884.2108173529956,polyester
0.0,0.0,108.51344207155185,18.49151829181929,13.716535123099419,0.0,denim
0.0,61.96194959113077,128.12896124008722,0.0,176.05401037265665,170.82145397927806,denim
713.6458219134807,991.4139477207327,1000.0,1000.0,1000.0,964.3701140162249,polyester
0.0,32.00601186080119,177.45118426197706,251.33217397856572,0.0,5.483548965873553,denim
440.24337726292475,437.8774559201916,483.49455465042877,508.523142625478,272.30563258129905,521.7519663877143,cotton
789.8230161991288,966.1025047013754,734.608749180526,199.56001428139848,742.0821488618332,687.7596256920108,polyester
122.58079404613385,45.81249532077129,129.39096236328578,201.14611229158382,183.6747788111545,0.0,denim
0.0,378.91259554815326,213.51576741912584,384.7251492920504,399.315470249637,215.03686884614822,cotton
0.0,145.33747941276616,26.829434625000694,16.89551640807877,105.63909858507242,0.0,denim
363.09926881660107,182.5190905464679,844.3038181840859,608.2123117196768,676.0918369359746,621.4558665287065,cotton
13.517083675727974,0.0,0.0,177.88552605385516,359.5493058677384,10.34601668011748,denim
456.5664827548576,296.71081355202523,603.0284325355401,380.3185781035527,421.9339526988259,272.6532549530567,cotton
286.0626997228324,73.66883111338633,90.02031350002736,440.8908520278287,497.04212730042605,166.39763128131636,cotton
124.83981808728642,57.423294782307025,98.68252819788076,0.0,28.331249951648424,79.47393156695506,denim
465.90234972619896,477.5222836818329,833.0387896808406,444.48182937944966,656.8465062578542,418.51192294107,cotton
216.39859550394385,384.3794283102745,63.48647932956172,206.60007563594488,363.8199147963661,326.9532675634911,cotton
264.5489758010979,253.9793939175566,120.420036318618,104.80616145327116,0.0,369.4717933576063,cotton
0.0,9.173406014289938,79.55802394252326,118.40936407403245,0.0,470.9103490628012,denim
345.0557002312627,74.08808838146291,289.95852479295735,662.1382071523044,262.47859463438397,704.0056522362464,cotton
107.17299147438221,66.55328152211601,206.90274686918053,259.06260290048283,0.0,0.0,denim
775.1651662324459,658.5229750708232,584.6607196788337,786.1726223160993,978.1874205679478,764.4646842341197,polyester
31.109033110411694,124.15425845567964,181.61365603563812,0.0,403.683677709546,1.413181469663698,denim
457.134481002069,723.7931006066489,236.86062093489963,259.54307551617705,448.95605021103074,628.7434377454616,cotton
155.81988154571948,392.37299821973556,0.0,268.4261698664586,401.7723822048538,113.92657627464502,cotton
649.8368815623944,718.103287520554,669.8590334590075,670.2794273594834,1000.0,687.7551066931281,polyester
671.1537387116667,473.7363058711646,333.6002564828782,648.4812349312228,738.6485903108083,484.03034377255176,polyester
0.0,26.80187732443393,332.7614975777851,380.2739482876932,58.97174584306974,0.0,denim
213.89566205660066,416.89973311505634,210.1586905081139,504.44959869398747,456.21334330173477,423.91519325661307,cotton
543.2838335048707,742.069720495635,664.0909130772018,889.4355542226245,976.1725630635394,810.8879195789339,polyester
75.14899183306414,506.2621651985013,521.965757331039,652.3905821285158,668.3970357429431,343.58842685762363,cotton
0.0,108.73206677194278,0.0,67.79423812125229,125.32320468493901,218.76766104737737,denim
789.7999116095573,669.0323796428208,632.2154374611672,1000.0,992.6649139668066,1000.0,polyester
151.52643673040305,375.4212307089485,542.9080452811493,77.63099439596752,236.80403884056972,8.695056629068517,cotton
825.9335535758709,907.5358996444822,723.5136480032087,900.8994914676481,728.7196150128094,1000.0,polyester
869.4825479293138,533.557688994415,800.6980228283405,764.536306781174,1000.0,723.3930473022943,polyester
546.5181820270902,391.75418618531364,403.93091830628117,707.133808383066,260.8142924551011,737.9132736505182,cotton
817.9103091263178,820.2323400710422,917.8309463201294,1000.0,1000.0,1000.0,polyester
364.1693554278918,337.8200450313189,282.13721975653635,135.7882764820175,369.89281310578934,240.27989864106928,cotton
98.14762709804313,24.68778327688574,0.0,0.0,0.0,0.0,denim
2.1493849167147516,226.3261693986932,28.67584178257311,300.23883428149156,0.0,0.0,denim
484.3800135108982,645.6131001170683,583.8018834044966,818.6376054533839,1000.0,667.7792816268365,polyester
0.0,0.0,209.00185184899152,313.0582229751558,55.506190892703096,48.368141957361814,denim
528.5946960111776,458.07910867560315,639.2190536636631,848.2848036887805,584.7062724176827,1000.0,polyester
767.919813939087,1000.0,1000.0,980.4722599653377,1000.0,1000.0,polyester
491.3735534842115,589.9595993627829,335.81265383947573,522.369253398993,368.2085554317581,697.4976928040946,cotton
327.1274187786065,154.16671731103742,85.51713580808536,0.0,0.0,96.80346159834433,denim
5.555770189513993,428.4232075793798,49.684871241373656,227.23128418429943,343.2580702208896,70.7106648030636,cotton
439.2435599044034,567.3446134824264,251.97856439380374,287.2342797340094,344.89804797063573,381.4707747862208,cotton
42.508216629654584,303.89339762164514,82.68590493683925,313.6906145622178,299.7099714196779,271.6138617313305,cotton
258.2537163316193,74.75302663464939,78.98110955094393,363.18702139505854,114.53105955250848,55.45196406941008,cotton
558.2074202029422,923.4440365468529,554.0340279228631,918.6119160343463,788.472042273437,746.496840391346,polyester
0.0,151.57627505429727,0.0,174.15389248904967,108.32972934468089,174.8836659711323,denim
887.8217825432989,681.9856198543821,845.5384147970404,802.3778685181882,412.2699369014556,981.4267622582836,polyester
10.469992939080981,0.0,0.0,294.59819936994273,98.11731837198994,137.4766578571899,denim
27.421739578075815,109.84733300179548,0.0,207.15869424058704,4.509379616603937,0.0,denim
0.0,0.0,11.545172025915925,280.2221325983058,301.0735567835432,281.76546286797634,denim
105.66510733370315,307.5985189535327,377.53437629028974,469.1022199615199,316.61957139952904,0.0,cotton
133.56896018538217,0.0,99.34687287252646,40.45277646516052,191.3715940692578,19.082110202006575,denim
94.26530362793284,159.73880968203656,71.42094000835301,136.60831059619463,0.0,162.32530564192808,denim
139.77343699513779,24.31670554999225,0.0,231.2587947135308,0.0,129.04604699916212,denim
238.76770356295845,164.30871423542573,37.57553236234051,47.01740505000265,240.88711640706583,36.77507166099264,cotton
571.6761599540737,317.0118265607174,255.17683224123945,302.00221570079646,444.73845852026477,334.78029919802407,cotton
651.5794531474664,753.7525101657978,1000.0,577.7639141860847,1000.0,886.8476545914306,polyester
0.0,481.51234737006354,303.1063095186049,212.12246056701582,215.93330165898635,347.59847144476595,cotton
322.7571506826139,398.04946550618956,79.74536556233028,169.67007987287693,34.24333182971682,59.92268215696063,cotton
42.49088154152826,159.90347245417323,10.975763316881796,0.0,0.0,129.27379450332378,denim
238.07056087393022,83.13377307038537,0.0,91.5477965866335,205.6132357885116,0.0,denim
616.2150748611947,676.7156695477219,466.07120743435905,599.8556313550808,646.1687346190199,863.636272126419,polyester
166.7441748420272,359.6154004516518,290.88362899410714,423.1346861699319,202.60830096454413,103.49451991069796,cotton
128.86431628412552,0.0,30.001376135273794,398.8134382544051,238.07108554705198,73.53626928279776,denim
642.2390567094064,393.1908441453555,763.0591660030692,529.9201079989413,332.8228675687499,494.4915881600362,cotton
472.30398153097775,0.0,418.72359059626194,118.97247486176887,0.0,466.1686101725876,cotton
203.86584694084362,373.9027634546152,424.3322721426837,336.6663775660005,103.64286094086964,313.00146424098494,cotton
210.19983056361926,512.8625848189074,333.92671409285776,237.85355609289007,288.69720974378015,156.99750540947102,cotton
833.1358877419773,711.2402212539689,699.5182359605174,687.9337105152995,830.5165338775994,1000.0,polyester
0.0,0.0,170.8755890083237,0.0,0.0,447.22548152055145,denim
152.90201139984066,184.5640294912401,30.77108740732435,7.976572185042741,241.5748708465444,204.51066651273172,denim
124.53827047905918,0.0,365.15434869954885,54.603796343409314,99.55548748750766,60.58943343151044,denim
230.90681226728225,105.69975093781888,288.04263697767146,361.87518636038874,309.23318443167784,110.63547027853238,cotton
265.3126107463707,514.0228771295665,485.7540352704973,555.1592861023596,572.234663423734,412.1114963245956,cotton
482.58439149241576,717.6285196039008,805.5608440254067,992.566993986231,499.01321255593314,913.3987349765931,polyester
617.0700219810744,904.5781700068436,1000.0,1000.0,1000.0,797.9926063671447,polyester
709.5343572005136,700.7062064593816,698.6141561066804,1000.0,1000.0,1000.0,polyester
305.0100988383456,413.29371114278996,720.5725089455955,405.2176564405459,656.3156593672294,754.7449760590041,cotton
346.4092369643012,350.6253839326873,425.75304060750875,313.36519525327526,638.6920839914015,560.6807544454298,cotton
889.2937309646711,428.2059122590206,395.8409835384565,554.2642140776713,781.6059580650351,490.0207774159944,polyester
812.887504778773,551.0987169330707,559.8917147244367,649.298393370477,386.70932701341053,1000.0,polyester
718.1276947406764,990.3591696504511,651.5291363570279,551.5890289073077,997.456626481577,1000.0,polyester
245.8121899882452,188.7112496352203,334.154448265904,73.07816707798969,97.66021620237493,370.6483585632085,cotton
339.9248985484213,216.3840893261221,289.87764960698826,744.5991591833872,726.9308016074551,757.9020739813408,cotton
57.273194932985035,234.29933591951885,116.73161996827174,130.64547368605355,278.17006381214105,9.91434155068827,denim
391.2660280790908,0.0,602.7492072703259,390.92355534023113,302.2436196193,621.58650761062,cotton
996.5997206144776,899.8115280475283,792.8719015370125,953.5932285605205,992.1699086945312,925.1533687111091,polyester
316.4329960934087,310.24856063461925,390.78181187836475,129.99824531863055,512.5757922025972,253.2701304802416,cotton
530.3978453116223,447.6773676587693,264.6881242280916,538.1397226198475,664.7302051589236,989.3859699268958,cotton
0.0,164.83010808107497,12.264700038002509,282.7921256352582,0.0,0.0,denim
754.8065580560539,924.622068895559,1000.0,798.4102177788054,532.5018496450355,1000.0,polyester
469.140179131327,11.617454786742428,208.7467818045826,0.0,72.95116392177174,120.39531226264029,denim
790.8748279649644,747.4503886728021,760.5401670165984,762.3827655692883,385.3851431801309,913.7475990009891,polyester
718.8413465868391,654.1106573613611,465.3603259874454,809.2238529220845,663.800023393496,703.2190828002949,polyester
110.5110559659165,0.0,81.37200920844462,111.87879299027406,171.74098706371294,39.749393108086316,denim
779.1117677376204,1000.0,750.2371978260858,568.1792980930185,1000.0,919.1330586031956,polyester
172.33630290697823,0.0,151.19179436114985,617.9020832915184,128.81520831533123,333.2448534991031,cotton
74.1784876147275,134.1678907075325,166.35251193837723,0.0,102.15471699333558,44.437215145528484,denim
75.68798368612094,257.4729165255639,69.65824464603466,192.50678338135285,361.7292284167613,243.4885719617475,cotton
451.54654204612757,460.9098927632531,301.44453825475557,308.9733764043651,309.41123603954685,309.0104138991709,cotton
266.2261777384264,324.562029354389,496.0810574300727,292.8451681287728,636.1552230159564,865.4873348560934,cotton
641.7575387554913,730.987823957907,419.32234914624087,622.2449875438873,664.3673135527027,857.8158193277402,polyester
332.0702902925552,0.0,332.2297348351616,334.2291311020046,138.26789057167463,288.35402138017974,cotton
836.9606446789636,798.2162453894888,930.6925891190727,1000.0,1000.0,889.6460904980079,polyester
745.8604118193624,769.2520720745506,596.037535980849,739.4147191577866,857.8118422408662,723.0706275456166,polyester
246.0869398921483,96.19137733923444,238.00025090818707,59.23259181263555,372.01974718183493,412.3459745845619,cotton
916.9917023822027,914.8726738259289,690.711588603345,1000.0,938.6135947458325,971.749618696928,polyester
217.96465123921445,238.94325347766733,174.85887933472407,159.48117052188348,103.18723872979328,156.3548238118716,denim
334.5537303704632,614.553407138211,605.0393407238006,712.9802571336348,676.1008373903938,444.0602410331727,polyester
647.7871258596562,893.1083266337548,1000.0,803.7362185259984,744.2133165763005,1000.0,polyester
0.0,97.81608216057131,257.0090517236423,51.937229827761,102.84339712555867,223.39651195628596,denim
364.5075283998635,502.9155318469075,591.2947423872521,716.4058624779179,596.4235329429284,789.7172732819206,polyester
377.62081671764554,169.30831116296696,0.0,202.27081089285292,388.1498764767025,349.0024613629528,cotton
516.8329058283127,380.97169507149863,337.6850856490568,647.9046687671289,616.4744461110242,650.7167031921203,cotton
18.60602073489035,1.432564938459393,0.0,436.9502738187214,0.0,0.0,denim
0.0,273.01902921992246,522.2823222325513,267.0260332383052,292.05355640297427,570.7333765089294,cotton
0.0,105.3365060652497,57.673548527747826,71.33191967358844,0.0,132.82138199077986,denim
519.2686962437426,458.69752281259656,873.1915964122159,693.3989601604342,425.08878864094703,651.7974257944815,polyester
984.3640848214109,540.3537990115817,662.8860281455801,701.3143521611843,737.2176241528,736.2562515442958,polyester
131.48759310281233,142.15493630015217,32.976003081986576,201.67843467034461,48.10177947235679,229.37658813641693,denim
721.1037749649244,726.1958247922312,856.7445167712955,882.1228408112315,1000.0,920.7789320791611,polyester
132.4100084094365,115.76033567818128,223.41472232163534,0.0,68.30613212415182,126.08805091866236,denim
408.87097034235353,832.5285946756685,859.6370943530227,995.8248446293154,1000.0,793.6184163670556,polyester
149.63405560707938,26.954532650217715,65.37893762880674,245.41122398997283,91.66563895807676,95.621686496537,cotton
199.8249399449414,0.0,472.74227980597504,60.46644873029538,177.11228167708384,341.23461266529097,cotton
348.86592504074935,644.6123450039245,383.6637215185175,503.5311183265906,754.0102995094692,453.25877309999345,cotton
477.93389655987255,461.49819803204866,366.3366184142036,504.0157632494652,167.28242550598662,510.6475938299918,cotton
444.7012264704804,356.29862446316395,23.147416699756832,645.1587117049371,426.5859698200317,962.9216377423556,cotton
467.34085187677033,257.36455363813,527.6063918545553,597.2075099016823,298.63329405528424,667.4595731948573,cotton
301.2943756044894,353.67557896172264,470.0210682630025,458.8985061555925,472.80316884764386,697.6932430630094,cotton
314.12039791655604,30.567829045289983,248.228559632704,152.48819785753068,182.6461815061026,749.2413273540312,cotton
599.021641025681,536.3421362599823,372.6511321900933,459.84628237068193,590.9474895973457,563.9852195381353,cotton
56.567621346027664,89.08401451573663,133.46559556800094,292.50812762803764,291.8932682270009,291.1283331521676,cotton
0.0,220.87337605968105,16.063827119196397,141.4419057924482,0.0,0.0,denim
1000.0,788.4294062834279,932.0369982238575,1000.0,876.7452568110702,905.9962102189761,polyester
680.3682869608806,549.1079990597239,943.451288916561,789.5563989426615,799.4990589145602,584.7680149970096,polyester
891.045404490608,703.4927713517475,760.8181560103411,984.1525610981803,1000.0,1000.0,polyester
50.96598392879174,0.0,245.70483258688674,0.0,490.7019687326605,0.0,denim
579.2748998752498,382.01059975920003,431.94917712984096,873.9784411746425,612.580001155709,669.4058312403171,cotton
885.9128938561907,875.9943987762458,844.2788872377803,1000.0,827.5711177419735,992.396576690346,polyester
392.18342125878456,520.116807050384,456.4157385225794,264.2319343167302,459.3610382546935,513.961818894911,cotton
398.94932107881027,0.0,11.279410363816027,260.74358596431847,268.75221043573504,252.32427189735225,cotton
340.53472389355244,578.5307187066917,491.16628201511935,601.0385970823179,406.6959334980284,765.6790952618135,cotton
71.00780561603045,333.98332460428645,1.4581114694691735,194.40906389544992,338.23375871733685,492.012633590357,cotton
47.710061866578265,304.78685842724076,0.0,0.0,0.0,68.41678700441518,denim
128.42214396374993,69.15980034000876,0.0,0.0,135.0212133555253,0.0,denim
287.32758417715775,746.4089650590107,569.7269302233501,715.1950807317,607.5191638496391,835.4495066029034,polyester
266.6127171418628,0.0,466.6729533923856,0.0,218.36957602210117,79.09172050569387,cotton
125.98986727626327,317.5819940803343,216.35304893177837,11.742556773330222,504.7208083085385,5.926079825496458,cotton
515.2870259755051,281.9543447219968,527.6246449826978,534.6964001791321,256.2056204076224,579.7558975643591,cotton
0.0,0.0,465.2738585562918,47.41356646945859,117.62507693337034,291.0663018221317,denim
276.225657452541,239.7670862739364,498.04665986978097,348.0406256938407,608.3249034330328,434.43859061682184,cotton
0.0,86.41739324866417,0.0,0.0,80.43630212486134,109.00499440768792,denim
0.0,0.0,0.0,0.0,0.0,0.0,denim
97.62770063794868,124.71744753844015,63.22391143605244,137.1420827521864,284.1925770178076,175.1817409204731,denim
751.7654538442113,557.6079277771419,686.3005829651223,692.7336235923726,819.2867707897724,1000.0,polyester
58.720506892010086,0.0,14.126998081389075,0.0,0.0,18.094795700589657,denim
359.36170647467196,616.377229141586,598.7848946778272,535.7265564098421,450.2894642724705,341.8908433905174,cotton
777.2178981617334,893.8222871842554,987.1463685923477,716.2879368256246,866.712635208459,717.441941497777,polyester
0.0,0.0,0.0,0.0,0.0,218.66345854766132,denim
486.9432499422412,410.8974888936242,331.55844269032696,155.41383803700023,533.3693755374654,326.20796881232513,cotton
456.5546000032221,553.468969938926,365.5342688903366,519.0828931288924,388.96377510111483,574.2772266184974,cotton
778.0077971555985,809.126285044826,973.3333726674884,962.5909624209897,934.8684990190477,1000.0,polyester
453.2588185411181,418.4646035516092,618.9107695842195,373.8445210084866,574.25745446028,409.48846592940583,cotton
128.14255778925536,224.6500958812819,481.3612638947435,0.0,338.547998654725,4.874501361622876,denim
382.8532957942857,0.0,12.691307534607546,53.560721472145076,14.535989868601831,219.21156804248935,denim
90.76977304360098,92.0334064792593,36.818462958541716,160.09536138557525,0.0,0.0,denim
733.6551143676438,758.2493433766106,928.8122830725082,942.9291653008405,581.5576029847186,812.7381335170747,polyester
0.0,30.992911352997986,0.0,340.5655844127024,447.42381738772593,31.648151686364145,denim
236.86083925942629,356.1405969534047,416.5111418489972,592.9858025634593,615.2878914291251,734.4213228099884,cotton
465.04121561085987,663.2232460907674,586.3444641559181,792.0500772748132,700.4290545193969,1000.0,polyester
261.29334328653016,421.5354433295393,43.341989045269315,605.7467783196745,796.8724616605905,512.1325864641692,cotton
702.6711604671095,498.8712602555632,826.5759270400164,762.4339131743557,1000.0,789.8550289459574,polyester
163.9433649073331,218.27398248426994,66.05803516868218,85.1138864674988,0.0,245.18305398792722,denim
748.0725401158293,657.6142660671738,996.4532489359576,1000.0,871.6831202814049,682.218539924376,polyester
71.4311577739153,160.15276744098156,204.90010061848338,78.80511164159086,220.8438039991695,290.5332460413733,cotton
501.43296769194694,353.01996167751867,231.77347846208352,461.95705121707283,306.5910299899656,488.2675855785534,cotton
694.9719107250719,700.0408847063055,592.1275045307275,907.656600820023,750.8842463045949,915.71689174476,polyester
347.61511353811676,88.19421165553518,118.66095782154241,513.5873131569253,609.7986582348942,753.2017543488266,cotton
99.06972778017148,333.80333414129234,40.85751310123143,171.58449770092804,14.656635451439797,94.85897797088572,cotton
458.56024037219777,315.93744965596727,547.0135123541977,186.35898603765378,539.9840837888032,544.4520325019201,cotton
114.88018260301736,255.42942503579297,27.027607434234994,0.0,258.65131028613064,0.0,denim
196.69227809978145,359.905886805435,604.9233060143133,831.699658684816,582.9023871664988,481.54054436417533,cotton
180.8234402674557,205.36065676434654,0.0,296.20610358703993,243.13634737907603,387.18240488993627,cotton
217.51747335231968,479.036901316093,178.6933206607964,134.51723120326724,124.71773534993766,191.07515503476506,cotton
554.1803495540821,659.0515341815853,600.8624610239168,776.9507317129887,1000.0,803.2933588774383,polyester
133.46554192928647,276.14990517197884,237.29900999398222,0.0,0.0,237.62905268707527,denim
507.12393497021833,747.0613874740503,978.7820499318328,851.4660709170404,996.1402613767091,1000.0,polyester
250.8556845580025,141.7132562217342,159.41842640285435,0.0,57.499577996898715,106.35955569907111,denim
842.2301603697654,712.5850627001984,989.094132453258,587.827087801043,943.2788292094017,879.0526169055357,polyester
55.36194695790168,221.43064256906018,6.311014685677321,0.0,0.0,0.0,denim
417.30462348158454,302.35889189956697,653.1626889664082,198.59123661430743,402.7570346974105,795.5954699989557,cotton
255.07957690237572,423.46325872473517,529.8403572894678,905.1374350552317,557.204753101611,753.075741400177,polyester
44.081997447928075,124.10854064872296,70.96984125700072,79.87184827835043,337.0813048536314,304.709239154322,cotton
345.18331173825663,425.05197666903223,567.754537377833,571.629562606606,438.9315857722514,534.1007013910121,cotton
741.6598439269751,814.9648120179963,628.7873274380744,1000.0,827.2216504176358,1000.0,polyester
484.7619687546753,521.3113206030804,539.9668702993149,476.28635746295413,363.0633859122466,671.1955118241793,cotton
795.1789480533201,804.8632310239553,673.5111780776072,611.490340118382,809.4262331291643,789.5162610521271,polyester
550.1418356302314,552.2951296596431,1000.0,769.7964421391978,599.3549800419635,1000.0,polyester
256.5829547716068,302.4762086719455,431.49041383022944,407.28761659372947,320.26978072584785,561.8609706782457,cotton
561.7480912307528,405.7838334867341,598.8332446305742,923.0038708706802,869.3407051267592,1000.0,polyester
1000.0,1000.0,1000.0,1000.0,832.9163096606983,1000.0,polyester
0.0,128.04107786751197,0.0,302.0543303641826,222.27171776547394,35.82632640827276,denim
726.4166476590508,823.7171494135775,664.9435211206032,525.8800835097845,846.4945464307997,691.0193443494093,polyester
321.8344957853917,0.0,137.3742713200657,0.0,47.241816087010456,55.24093845829614,denim
416.64917651531675,723.7639934563388,665.2600398233252,727.5693600618415,762.6696769750313,1000.0,polyester
13.850081718352953,278.0262031337586,170.5802133031432,315.38426138954105,492.05640802394237,129.48714313739987,cotton
685.9147214303391,677.6541100561506,719.4055583241225,510.69475061065583,1000.0,882.0566416437779,polyester
874.2609033959307,1000.0,1000.0,709.7773410867114,1000.0,1000.0,polyester
735.4450384359359,1000.0,613.3074930821718,1000.0,587.2998906102605,932.1659219233595,polyester
939.1103093862907,788.1932401961315,926.4720295958649,878.408475607786,823.6320740932962,931.4671547480099,polyester
0.0,0.0,0.0,0.0,180.38696220961407,0.0,denim
140.34928907784143,0.0,35.99213050949864,0.0,277.13830851570776,156.8598627880024,denim
0.7162666118142766,305.02813450688893,171.16001400773592,119.51036149552857,234.83870929178883,0.0,denim
272.2695896251623,236.77855681400274,219.03044316362383,0.0,52.916027940523634,0.0,denim
44.79402679142059,88.14260114919232,122.63870043322018,125.20248468226524,202.03443958157584,394.0355256165192,denim
625.7104193438429,783.7680433844074,1000.0,785.625189365671,981.7970202207288,1000.0,polyester
475.1788996359105,312.0659414608983,566.472549247349,202.99779891403654,538.287124650749,873.2827511127862,cotton
921.798489812233,1000.0,1000.0,1000.0,1000.0,1000.0,polyester
164.91035904007651,25.136079628464593,218.33295087271912,123.84649524797645,68.48202143475216,179.26278076635637,denim
151.38292701283007,368.10596167567246,690.2992696198381,422.1198190992475,349.6681578045627,577.6536630130606,cotton
138.689902986319,151.45539014160127,30.95328024996419,0.0,0.0,14.656819566994926,denim
347.2805039944607,541.2180620244123,441.0303239106331,824.2443143686994,506.033589556958,743.3423919899031,polyester
570.3637940189064,599.3118233007459,801.0195442833539,769.0161819588852,495.39086534412314,598.253389779563,polyester
0.0,204.5107905062175,345.29282660724493,420.10880260501546,278.9787638591398,71.09709389606729,cotton
188.1312355573718,231.89724820716316,346.914185902251,2.0706662595599994,62.41800250812731,35.34615828739271,denim
280.76703333796564,661.6946452191654,649.7899015066591,490.5124552594973,638.6234396905317,763.2690151827935,cotton
556.4190933984411,881.0180661951815,1000.0,968.6610669381269,1000.0,707.9720239626098,polyester
498.0445407115213,548.8329052706719,555.8243505298531,395.67014240075775,745.6981424760936,330.0791296059359,cotton
226.3585571875148,172.12901774508367,263.25664842446497,217.92754884807022,497.9132874159173,372.79794500555596,cotton
475.45467838064644,505.74064150378007,511.48549983423186,624.9015315227391,609.4766652494261,643.0482521291893,polyester
785.042958091575,675.6980060463433,668.0245418925098,801.0000988892978,446.2926349286464,738.1390809015596,polyester
740.0708732059519,983.2497855120698,906.4702856044754,768.1909385789565,1000.0,1000.0,polyester
128.56677320275838,0.0,126.50456957404899,182.28040785302863,297.145021981387,160.98893104327615,denim
148.6288367391579,29.612947223867977,99.6324784601968,122.0055975397155,331.07584453654175,0.0,denim
747.3682243862796,946.5171989492375,961.7315320892892,966.7564378532254,1000.0,1000.0,polyester
958.6341721746569,743.1748171137849,843.1111630540252,1000.0,617.8909778099523,1000.0,polyester
286.9839400948637,620.0014274756159,571.1656489249651,390.02318603908384,533.7645588513769,492.93394155350745,cotton
643.2882151715461,707.526766735631,309.77768700150546,672.7829039278658,864.6962471409634,734.4930530358531,polyester
269.35984922097094,294.50131885804973,113.15413616873349,168.01691482251766,288.0142075202306,125.79913018266203,denim
0.0,113.59697787554293,265.8909021595942,153.2760631598921,298.6712961136908,0.0,denim
351.32350693766637,714.8130921003291,1000.0,731.7863521788545,993.5392694822046,518.4204157593925,polyester
601.5018414391775,267.301879993655,558.0030460022414,375.7598804110962,394.41206559293613,655.6128405491002,cotton
534.4863224497876,205.10464990148753,485.7585461958075,198.14081340751608,72.5159948071283,380.4590710687945,cotton
326.80722904490096,410.4341338384729,460.8954501000648,370.20336439119365,579.2416928054607,99.28694638463759,cotton
105.10313662637753,188.99693046550678,431.50154540233336,704.5174018747101,343.0562361250227,601.9672549612849,cotton
584.7436407590754,625.803330756997,727.7449138421537,794.5060211650724,928.0174558830772,1000.0,polyester
845.8364850839595,948.5264430611384,927.3047159067694,1000.0,709.7133675319076,800.7272728210917,polyester
739.574430267701,829.8150333669148,623.394145314047,617.5977315017024,939.9288935047559,891.3946013444902,polyester
536.4254638944736,845.1736953872974,765.2395542476866,959.577304030176,919.6188180381007,858.1901519528731,polyester
845.0175180344403,681.3839753228326,687.5624009794454,813.5459455837215,813.8719490333981,1000.0,polyester
785.706868945923,940.9453671430269,953.3627392700932,836.7729911835754,777.9796891910865,1000.0,polyester
0.0,173.8829273877411,224.29077599126734,359.0335889149014,0.0,102.52810658624966,cotton
287.92412957795165,0.0,170.2905267492203,300.7636432865848,157.83737345681226,328.15544460359325,cotton
1000.0,875.99351118097,781.765433025956,475.90605245683304,840.0044826385542,1000.0,polyester
705.7893477857987,900.3357005542622,870.7168260332915,751.951564724618,1000.0,795.9268320645836,polyester
819.5358131264148,679.3106018059447,1000.0,973.0216189828975,862.7298366788314,972.7043935450009,polyester
643.5497491234701,648.2809964119662,540.364055611963,662.6616938375779,901.2733364011281,828.7764058102812,polyester
455.5652043378635,626.7298481850512,238.96349127429426,472.0392616065157,261.55757794451335,398.06691440846953,cotton
0.0,88.82700741442028,363.69617499574326,0.0,317.9572838269345,570.6984024445746,cotton
118.70350391878932,102.21598687943585,0.0,0.0,0.0,0.0,denim
46.69839764908623,0.0,144.26077408198938,0.0,412.5741141078123,0.0,denim
441.84569775782484,445.75188694481415,485.9540560630205,285.80591869014665,223.5003563425853,175.4971163513594,cotton
553.0330636682421,705.2734463380336,910.2964574131912,247.75367974752623,322.9335153651916,899.5274277403357,polyester
1000.0,999.4612192235465,1000.0,794.4124234791792,847.1328682328179,858.9491618877094,polyester
0.0,277.1700406310422,177.0847974860489,0.0,0.0,111.47002964375429,denim
191.64764495784573,206.54774997410192,465.79769092765684,53.7682949235873,0.0,176.9352574601171,denim
411.4081341597378,269.2631880756267,64.78870903747014,777.3378894121113,414.09001666485875,282.9181952955287,cotton
431.7734799085545,563.455185605316,553.7406214459571,658.7492533325045,675.361486151258,646.476164883308,polyester
218.91115686018486,289.3499684236619,368.39289360962823,228.32718927332851,121.15369368208184,334.5988437980894,cotton
545.2971808001671,320.5158879386293,401.1101559607643,602.084284793153,305.4005702927831,640.0660871710757,cotton
52.41690053376865,0.0,284.94778921730096,72.86683566448768,209.68541716397863,0.0,denim
0.0,186.1269950862119,208.16809733772777,193.43784527882033,437.76911847500446,271.62981489015476,cotton
80.23418428839761,0.0,87.59324611959056,218.78910627788358,15.106285304483336,0.0,denim
0.0,325.0114418771135,44.075804597336194,161.96100555799484,59.41443935469081,188.35879007994959,denim
512.0538064745639,650.8192240669001,671.8535015100003,733.3908772465468,601.5149343932289,873.8319711705313,polyester
85.1859807604656,0.0,0.0,43.89708365190781,70.2854648254194,0.0,denim
0.0,0.0,113.69655759746269,6.417655721951071,109.83591629252628,156.4973822912699,denim
579.2049896011589,533.0450099262184,778.6143072573966,1000.0,962.6363851748365,889.3112388276505,polyester
851.1055243018299,731.702973369907,1000.0,811.932669880909,1000.0,1000.0,polyester
312.5745210076066,568.0744525542169,567.4675387220848,681.272530683063,565.011470624537,605.9977300091452,cotton
0.0,401.7762917907095,240.41334989331483,0.0,0.0,460.58081268829915,denim
206.01560190314302,200.57891278685725,0.0,314.73575555124665,269.1402731850637,0.0,denim
226.48009298234444,197.39019270929435,0.0,313.5850119642939,220.2233165662497,241.78992859467348,cotton
527.7262578456715,663.8331371434036,689.3884337133808,599.8866675252705,1000.0,598.4899195775682,polyester
355.69559973014555,499.84038459071667,1000.0,805.997945190131,828.8046744558897,588.7373396753163,polyester
201.5166056409244,384.86617213450876,253.68189542682302,0.0,372.34369917457167,0.0,denim
243.53291531660278,175.32029073054582,142.12878966722693,243.91873880966077,449.14758719854973,388.0474535485466,cotton
505.642587028708,510.08189228507626,282.1229065383849,147.76361083914892,281.01329150915234,386.95187132848423,cotton
168.74937966299836,294.6103902098227,222.67331516721407,66.43055446078537,0.0,103.94841710449475,denim
248.92733253437797,0.0,17.888295009815636,392.4932171560438,133.3126283812634,221.18857676964396,cotton
58.45697590289609,0.0,287.86624621846823,147.75434933707902,149.89717592846486,0.0,denim
755.116921266821,523.7122173461936,555.2014741622073,558.8485163997871,708.3016171017227,563.6027023607832,polyester
467.6780589617387,397.5291234305491,428.71245076841257,297.9633872473815,392.99230829884436,429.93391506726846,cotton
364.2657855545546,198.70624129981684,235.61215829335111,288.5269204355859,404.04930537256104,49.9209196979788,cotton
127.10532260900617,651.9759747371693,406.04400006960236,300.51791733025686,261.3453797283849,508.3332791341717,cotton
43.2420138301659,0.0,0.0,0.0,202.41553577258856,374.92416907022704,denim
118.35380945282544,240.3468069544129,0.0,490.8981886680002,80.98395969641027,0.0,cotton
304.22355141578595,305.99660816776657,278.3517699531121,372.0130647464547,429.49232671628073,320.69902464971966,cotton
1000.0,999.7679360538689,681.65299269772,897.7102095376493,1000.0,1000.0,polyester
328.9813032379259,451.7743641439551,422.4911505891233,362.8137637641497,709.8265027596636,571.6282388671972,cotton
527.1973419253987,462.40032010218476,938.5502700426739,718.9706339280834,880.9819029447542,720.3297457665471,polyester
227.64484149344776,216.5394714739299,306.2268384920824,173.9202040731854,228.26459743526453,439.82260038073116,cotton
83.6301701870607,184.53492241713306,245.2697320043619,288.40292503671066,54.75552927329986,148.08743896498214,denim
204.55863955365427,125.78668796233538,163.9530077839686,229.7292873426307,359.60826257150444,226.47034463820856,denim
46.20595747349222,472.38108859250224,803.227208438617,457.7244646112086,416.6764110698201,370.0083556752294,cotton
416.1091975484656,777.6570151344947,476.1808618425141,707.4334135220437,786.9933738683605,428.77054288619615,polyester
479.8476499416032,781.1208707356673,665.8591620874311,811.241642816964,581.726292418124,833.6694012470323,polyester
0.0,80.82959602283603,14.222739118854165,78.6486333260309,0.0,0.0,denim
754.7500984636138,611.8505240051047,1000.0,969.1203899713763,790.983974920804,1000.0,polyester
0.0,0.0,71.22747670190803,168.35555761000938,136.14449317864745,0.0,denim
363.4579391209632,388.2595455770372,735.7713924637424,572.0329421077372,631.4735283797429,454.1823738221359,cotton
341.7318553252941,244.70320482994381,145.4124171811389,111.10889678338036,324.024732228259,164.7032333692975,cotton
55.20563573452924,0.0,281.5403955984161,0.0,249.6058292987963,6.115306459777628,denim
668.7587963783901,710.0529162508388,849.9316316372641,731.699112748977,915.0175197766031,1000.0,polyester
931.3796136669145,703.4643347231037,976.0600734119321,884.4512915917597,867.977417886343,1000.0,polyester
239.8895440980954,0.0,171.7559239231681,0.0,179.5146208379531,179.33828229749776,denim
444.77292893702634,557.0039809954621,656.4014319142091,761.7303230515821,803.8436498840186,825.3855216751734,polyester
60.10204814572528,0.0,279.27010523699727,285.0051755025209,149.66233014185343,229.2796633183708,cotton
455.052162749724,257.7663664268231,406.3301900625054,239.2343061219945,571.2938478233225,886.2222425403644,cotton
603.7193534294039,556.2122667096056,618.3272229667834,728.311325775664,754.1189148386603,1000.0,polyester
179.80748739266943,0.0,16.455009455313274,39.240791185669714,0.0,0.0,denim
599.5251530860846,616.749928111745,344.55958137116977,696.4407983148571,681.5471436385288,652.9767022523207,polyester
281.0968430609337,306.72079827381197,345.6674585309971,52.38056746635874,491.9254285605428,200.47398190024546,cotton
41.8220544480898,121.32590437722507,27.86737478013663,2.7509578919540445,479.4374779835822,315.3013898233252,cotton
542.5906072332658,484.32659867176403,627.601142946374,771.0404350703776,723.851646290257,578.4803785418688,polyester
822.4909989051337,1000.0,1000.0,749.177460188017,1000.0,860.4754063167152,polyester
240.34794004366088,320.74088518144833,605.8866872983033,451.6044966361234,275.192341428669,159.01901997546167,cotton
574.50114657998,658.6122569567419,634.2316824391993,821.3440726467999,1000.0,916.408745066482,polyester
205.74199820419219,275.31548206026594,81.75275354304792,51.149611391885756,242.03753003173387,255.27953701885775,denim
24.350015225373618,207.05832564531715,141.43045811955028,100.94591998386551,171.92827184690248,19.226677623422624,denim
672.1687183782826,1000.0,894.4152379109537,1000.0,612.6130313441658,968.347000208391,polyester
755.7740493329508,890.1253183866531,1000.0,520.0304614051385,879.0892244068979,973.9285805932602,polyester
830.8978008676188,563.3158510943213,632.3926137533409,961.4960046736303,808.2481008349582,714.3427710793491,polyester
0.0,415.14338819744705,0.0,0.0,374.58362055113446,280.66466300475025,cotton
0.0,125.16339955591147,197.26453354606906,297.89302363923593,0.0,207.29096060494618,denim
0.0,215.80419356270545,0.0,0.0,18.292026720844632,100.09032170692866,denim
603.4469780549123,488.45621578786586,185.95476886082366,883.8675858271544,635.1060483051015,714.857121657552,cotton
434.48618049895765,438.61802744678795,433.07513161405603,431.2470486443405,371.7950889578222,765.5661364024655,cotton
290.97582054200393,159.19283064878113,411.80623931352966,444.6333268403168,157.71444837902237,379.7122963341465,cotton
0.0,109.23178527973033,0.0,228.06104908784005,86.00147117212111,0.0,denim
557.9096682218335,643.8709077283158,1000.0,771.0764290198405,1000.0,904.8059503312484,polyester
928.5838609647847,977.4970423533998,701.1013402188275,861.3500618495026,1000.0,1000.0,polyester
648.3796852598695,307.64204667944125,658.4413262150823,517.7672671172354,873.4775827981277,787.8967510893392,polyester
164.50379870365143,6.769215119877174,0.0,205.75170213394915,66.3940033439304,88.74711597520572,denim
635.4116896660688,1000.0,838.8946036755009,719.9495457806452,1000.0,746.8887425845639,polyester
735.0085523995601,785.6034737677257,742.4933607913731,680.855302360389,607.7836911378085,983.8372702922824,polyester
130.39060973706268,45.042641059413526,0.0,148.9859820730914,419.26836555933346,185.29783011858405,denim
812.2585296354108,555.1014671946714,1000.0,593.6420314476397,1000.0,918.1197495408312,polyester
205.6489043579599,148.0908572708054,6.678221638449983,28.66317757309843,139.32114704778854,0.0,denim
452.1780867568157,550.3298311148518,690.2421878936827,785.0277738121999,894.4785111811958,745.8385816659203,polyester
0.0,33.038312036849064,206.18998799830885,0.0,66.7614800784752,258.51368350068657,denim
334.708882619057,335.24121607321257,519.1878739012652,161.00007689289117,227.25343398379098,399.943758393631,cotton
518.2066652891915,291.0032129302213,597.6206457237461,699.4630486730035,365.4348433887211,593.4294734909216,cotton
0.0,205.42136727387478,0.0,27.503517680313294,60.54962541470086,111.93286527721875,denim
0.0,175.38185030056803,81.73512376214171,0.0,127.42231863845578,0.0,denim
199.24642575693667,359.29575594680216,0.0,203.87032779015487,317.2918589168418,306.71171692125847,cotton
681.0560610680841,662.6409082478616,772.8147980087361,704.836262237948,1000.0,930.4531428968976,polyester
323.3795632160462,552.7616230593312,0.0,0.0,78.18740448620865,0.0,denim
268.1013218025716,368.3205072956738,110.4167178848291,313.2564918402324,5.886977559210209,447.1258235818059,cotton
737.6270150917585,943.9224952439283,976.9011517321494,1000.0,1000.0,1000.0,polyester
590.5145987112867,608.6780595700095,849.7822784106189,582.2835624428749,652.8484938408806,1000.0,polyester
108.41984412905771,72.71355655513165,39.67199459112908,351.2186772235781,0.0,59.11408092792793,denim
149.49070530116055,416.8193179597629,463.01876475900417,475.9407302644287,293.7046058730496,425.3574115948351,cotton
409.64985680001325,822.9419017055366,818.3539739570375,608.654049449892,798.3970706704711,534.687819794884,polyester
366.3384227401719,293.3820117515239,170.1584918895837,0.0,0.0,53.75337315168436,denim
439.8091347128918,323.263009293005,31.83251900830612,279.3314151749098,125.42763247579387,390.0294556532287,cotton
252.65109957814775,0.0,346.0288407162506,0.0,0.0,112.34376265319275,denim
477.48096987978346,669.2241900761993,555.8535444006762,977.8497487201507,887.5540835170017,913.7226448750273,polyester
300.1706313617767,16.175951614418977,490.5997289638374,151.20452365638323,450.9306639782192,227.80195725640186,cotton
686.0994174483594,394.43792268925165,1000.0,1000.0,551.2249189046881,623.9356780985297,polyester
246.88062189341903,229.4997677819618,300.1355322319582,91.27471178178584,409.33578549213735,0.0,cotton
282.18340740853,175.4171663468728,238.15125662362843,63.13855918268909,218.75281396849982,13.809628076863355,denim
475.7589329201269,553.0958524726195,0.0,683.7826082809033,380.4975828696957,605.6727451531084,cotton
298.81723304899066,285.32297931056405,203.60092335793064,192.78298007990793,0.0,407.3585379819,cotton
172.61712195757684,158.07308273517853,234.38452794570983,106.68064613115544,0.0,0.0,denim
228.55362263375554,49.74090466161519,359.0272229781509,405.86105530236773,136.73362353141937,463.0451282063782,cotton
0.0,179.0765605554558,30.341175523448072,137.03488958106652,505.9729432394162,85.7338809180662,cotton
589.5171318485228,421.3558999922302,646.7898893537151,490.5258255728594,689.0980718240771,705.113849514428,polyester
30.448530158296123,0.0,0.0,0.0,0.0,0.0,denim
0.0,193.96779011031913,134.83697089426875,154.79873339192255,79.5587357921562,128.68107523546874,denim
600.9489753996174,288.6994071298087,139.72497774122104,521.8483037121292,263.3630075341307,507.4022169620824,cotton
435.57170157677774,338.2275978302175,406.2661023572271,418.96706559860706,349.86897252560755,394.59600777144215,cotton
919.1249937764387,866.2095540406717,981.5922357255489,806.5098260466193,730.5424428385587,1000.0,polyester
158.2515757255254,15.471373420258473,8.47985088647819,0.0,0.0,134.1243188848984,denim
311.15199382287483,180.0602276768921,176.19231350923502,0.0,151.50374581036309,0.0,denim
365.77633852018874,299.11591513885105,394.0302861410663,925.6451704930837,784.8457278172659,587.847414605154,cotton
106.0489266416715,0.0,107.95939253328238,137.8886114187105,430.15188301176346,394.33931323869405,denim
0.0,71.01394419143116,0.0,78.1457209101356,0.0,151.10563472208213,denim
620.923857159072,580.3327854775555,738.4824506075287,719.104151100209,520.5788355427756,811.1331630524323,polyester
786.271911328124,782.1550807772178,619.0686791973507,592.2296510218148,975.6762770641941,718.388147897245,polyester
2.415801630467513,490.174112171851,0.0,94.00301333318907,441.2545204228113,328.05643236796317,cotton
799.7397466606837,718.4745021846326,957.2434769346203,1000.0,555.3587529645739,952.6367404853422,polyester
784.1030768412669,871.8305958114662,967.0939741182946,1000.0,1000.0,879.8104589951884,polyester
432.35967414733443,60.57808888325576,262.4938403492838,111.67938998266696,166.60955458658563,266.12532631075436,cotton
323.2120735641299,351.9105653164976,136.63528400586682,43.29953143578376,0.0,299.84477771466027,cotton
369.8578155866982,445.3615413387253,730.023444924279,374.5764579564447,252.67992721627047,385.9571588599108,cotton
137.25087415043302,137.11408681184787,104.93025183014748,30.322692230577125,0.0,87.83617227700256,denim
393.76802823926334,277.0153906972963,486.4291771876336,814.3171299860799,519.151700065078,483.78345728272524,cotton
52.06143514325116,0.0,113.50844435525126,25.524585831403304,233.55816030201117,170.29063264478629,denim
0.0,195.73159483387695,212.59998041324198,0.0,107.83965623995263,68.20467341180898,denim
63.91455425328187,337.01317286289054,163.5658090471719,59.04312672497992,225.88639414086845,121.15715047373905,denim
0.0,163.20646706201308,150.46219796878776,119.71816337166624,65.62701851021684,229.4441943517113,denim
0.0,0.0,174.62770541328752,0.0,0.0,145.21173103983892,denim
766.3043366144334,875.0676449527358,639.4901171499782,910.637219437076,850.5745445332703,998.924785144957,polyester
925.3801557956258,1000.0,625.745532186755,1000.0,1000.0,631.2051421121942,polyester
148.177039728103,444.5714344484613,447.97915761753956,499.2456922117587,694.3488505427699,632.8922796728498,cotton
355.16423789100384,611.012868062108,410.3728282808499,326.4612452438402,462.59198949867164,342.3378066520527,cotton
987.477934438382,732.3127466104975,1000.0,860.8436313356199,738.7062153002371,962.2713158912735,polyester
249.56466027702345,89.75832126993504,100.66519676220982,0.0,123.55309618605791,139.81032713223829,denim
244.60056159413392,200.23222807133754,183.29846235713208,58.37988477227343,164.5615282029246,299.31792290871005,denim
836.5222114844391,809.423194941308,640.723429920944,993.2893856125278,1000.0,1000.0,polyester
623.7511971363537,730.1114588219325,783.2857427392112,778.9457683993196,753.5070890413725,800.7560478612253,polyester
50.07851459773505,98.76286674003717,25.92874234407671,562.0140349005277,142.80740018478772,45.27951655959106,cotton
680.1633701898261,843.5716331487521,883.8327053029159,894.797911131208,984.2541594789939,966.075554119169,polyester
244.04439831290028,379.8331483904142,0.0,0.0,187.92566865041817,310.16082399763286,cotton
750.3842578753593,892.2144632920019,744.7847980020914,466.5530652012944,704.6704394706009,661.3066627461652,polyester
269.50606936403165,383.73755012109996,0.0,0.0,271.24814172328666,70.8003542494842,denim
852.9228985639436,993.7725467779146,940.2566769776855,1000.0,766.5175478411343,1000.0,polyester
18.190138021094015,153.9039208060583,362.89703503742714,371.4422034984357,590.2139033427807,43.8422911230673,cotton
46.12155549302807,281.1357205968935,110.42736287416261,333.1502325788614,0.0,0.0,denim
147.5757499731487,193.85767403926405,0.0,90.07923701788027,197.5908690219079,0.0,denim
367.6459539085433,267.9727412141427,345.2914710094183,452.1303135887902,488.9127382880291,494.89693135269556,cotton
114.37630540461446,56.51174406474229,0.0,36.314159327769545,302.53947399809005,387.28886116414355,cotton
141.26302237292987,172.93546069028537,0.0,106.48053719015809,20.772304849317116,13.441725028959347,denim
649.8273549833867,777.7903363433854,886.5781501850531,926.5918705800793,1000.0,1000.0,polyester
314.75498680004625,417.00092051618446,554.2283389190522,436.70083581804016,444.20814757144757,934.6443069132688,cotton
441.80894235517013,593.261478865384,539.6919088913965,760.6228273038503,435.3540479193207,369.8572085063315,cotton
70.22918815849769,225.30622262982928,188.21857646825524,74.3972540735424,379.157570567482,0.0,denim
158.38244649606614,280.8805159528226,84.5015837958887,286.81548728969193,48.31737754671522,178.4643510764776,denim
124.27562446464981,0.0,34.93953089871872,0.0,0.0,227.69244635848403,denim
27.79742065322276,240.08600361658074,52.73336375206884,667.0774763236983,0.0,333.4862222101244,cotton
660.9211326144234,845.7116099837265,814.5385509363412,798.8930963478199,1000.0,1000.0,polyester
397.30817319203595,0.0,31.79563302858395,360.3275713054894,161.91121004412548,336.39266872070795,cotton
21.32723390590718,101.25829009252665,87.26333925475762,374.3812584052635,595.2844449008471,0.0,cotton
399.5089355379519,638.8473177892172,764.9377553526726,682.0485205043268,958.9357704770212,948.2396767137047,polyester
261.90577782249665,530.0051350495562,549.0629617820177,769.8627853563275,665.3931891627312,564.7719475435523,polyester
845.4265691311258,1000.0,1000.0,1000.0,1000.0,1000.0,polyester
93.47358540234383,377.86042057199575,0.0,0.0,444.4405565202547,229.23603341749956,denim
564.5108960671972,431.85772117536754,618.8711833125458,467.8606682832036,249.84321559383216,356.56496730823505,polyester
255.83608235360592,175.47583697332885,0.0,97.44849181766449,104.91040607993644,281.4424622654734,denim
327.51019549333085,825.3236030567224,709.1006028698042,664.875258824443,756.8480599303506,1000.0,polyester
421.6223065645859,464.29471338420535,380.3923932678855,698.1561133560833,457.2593962424526,455.2290885534568,cotton
399.3408755779798,254.33734790317953,349.20496695078896,343.9548733614955,264.7349038385212,242.7285004137827,cotton
28.56242471657609,240.68539650209445,151.25650729763893,221.39403114217572,192.4261887064324,502.76371268552225,cotton
677.4573117622419,918.4478902258284,644.2061910090592,899.8859140017189,798.8717168797834,461.1293561018592,polyester
675.6210403359247,1000.0,811.5318632526584,533.622986559823,995.9847548001085,1000.0,polyester
0.0,0.0,0.0,0.0,0.0,249.66729614892498,denim
325.46005410875665,516.7105571518554,323.6212354885832,504.65967235551614,541.7875233211797,485.71315605369233,cotton
563.6403555262659,540.253772493566,377.19055657474826,647.9404541853664,612.1970219551125,610.2638447537349,cotton
855.2683225118128,681.9806979929533,818.0144135378794,735.7852752403116,780.2456504464313,789.2868742107981,polyester
819.4209605525036,992.4919629711349,1000.0,1000.0,1000.0,766.5505237974146,polyester
339.5725092098437,85.64601542305361,38.34085989678062,189.58553735666953,271.72270730608756,0.0,denim
590.3923446858684,631.1485987153959,516.5413446992521,533.9776257802647,815.8833277906527,761.6999440409883,polyester
320.65397107696697,92.02829209294009,0.0,38.38085517394135,185.38905355919343,0.0,denim
92.6790739239173,0.0,171.57188800305033,153.68684256242426,76.01123568258998,0.0,denim
137.31405474039067,95.27074338401098,0.0,4.7859071714447055,262.2111786091525,95.07483676927482,denim
151.38913732178355,0.0,197.56956109590328,320.86028314522133,320.8771825178853,0.0,denim
802.2707669325639,216.0290566690034,633.0996879282777,261.78601289388996,609.0411879889116,275.76047283446627,cotton
210.60118662883053,278.7566822904679,34.40502679481591,107.26129419515233,0.0,57.78197446258843,denim
790.8328387974493,909.2547539659558,817.039428894078,1000.0,993.2422453461171,1000.0,polyester
224.38710633021486,55.971283328079586,64.42419971934432,8.534559795830972,141.57480888530884,63.331193295526305,denim
45.37430583036216,6.170655958350579,142.2607581279578,0.0,212.3634481633726,0.0,denim
131.24126140165214,261.13421789825134,185.64867265955374,227.3104908851169,245.4741381341747,356.64786668474324,cotton
205.1598552777724,206.29423707573054,0.0,189.98065195322437,0.0,241.7395864129447,denim
201.27625589370425,91.22743145096291,328.45304418743046,168.58247631590956,529.7213106973238,666.804710057082,cotton
947.025360809279,903.6732563518073,956.0665909557389,707.3977865028029,769.0982480157938,1000.0,polyester
372.45821155173047,526.9617029040078,386.23929790212304,653.4455747403387,325.1556368567749,326.92682862924073,cotton
829.3797529316671,605.6926601627449,742.340943843142,1000.0,720.4224008749661,1000.0,polyester
997.2788364931507,920.6214301268974,1000.0,1000.0,839.3131595574132,1000.0,polyester
562.289610422994,845.7847199271241,779.766946739154,1000.0,1000.0,745.7494972348904,polyester
276.16047359520564,182.7783348580186,252.22107929330508,589.0203382620169,463.59853954952837,305.3708175881228,cotton
0.0,23.6710858666318,102.56983974952888,252.9666717632123,52.69707653588203,405.84325112646286,denim
631.345738833703,805.7305114100853,562.243995313084,676.2532136343657,934.1374933657229,1000.0,polyester
70.3504680211381,361.1438372310999,73.64851896958827,125.49079629932112,57.09540422326339,0.0,denim
101.97645760795605,51.230160447662364,156.32504985301222,0.0,0.0,64.58452613031702,denim
20.31583057280085,148.46304186524245,192.4091932854589,0.0,447.3337150440736,147.16864096710395,denim
724.8914878188118,892.573561932038,705.9288561141045,512.4283624094948,905.9211322389646,457.268548128624,polyester
476.42482822468975,676.970326171678,429.7780272650786,718.0777942211972,769.9370058885077,572.7945056273117,polyester
335.66722311797525,681.8113360426041,655.5592348042144,576.6383958149073,374.44655151971074,566.6699361276493,cotton
0.0,75.90475127447941,123.18252583892323,30.98941307344475,6.113579835755942,67.41830542087335,denim
618.7917925236608,851.0871370842299,444.6792187000615,557.5539806257048,647.1670019077952,490.44540275443035,polyester
666.1653265500182,871.6035934071818,598.480494620756,587.9486167802165,853.5412691495933,885.2389279193959,polyester
0.0,139.95656330315498,97.42565273585515,397.57045169031454,106.436080784616,235.31844726918527,denim
471.6559915257961,395.8189607962871,545.6255228566022,516.7473662926697,420.5618362729374,473.3426514717352,cotton
620.3185065247637,686.8537382458524,685.5529713203612,682.5445639816488,518.704320868099,906.5601355510219,polyester
111.0527108138923,419.8101925235264,561.1614216059766,542.145826364742,841.4851860710199,611.2934749706333,cotton
0.0,216.41435034525688,0.0,432.5497187909905,89.0344692290711,143.87755119754058,denim
389.0918491150548,419.34050481239973,293.26818283311667,575.2190422290437,590.6411520556948,224.1151327425465,cotton
662.8535833089812,697.5531842987539,559.9602225786872,445.03644281583775,824.5462554346585,725.1957244283756,polyester
79.47800724470059,62.64136978857134,0.0,500.06189792515033,0.0,0.0,denim
699.0422590389805,1000.0,1000.0,540.5831900527178,871.5014574363212,760.8606575003733,polyester
208.48637547826348,382.02047744156545,533.3145235617612,196.3054849133423,186.8929159828537,513.2965087855804,cotton
930.8580333514446,755.2814094345607,1000.0,793.9670299174898,1000.0,1000.0,polyester
0.0,0.0,0.0,0.0,224.98191888094942,0.0,denim
595.9659183206134,790.2186411155263,717.8962149364326,873.2077770893601,942.3071345857895,786.6397480970315,polyester
0.0,314.61407940896447,137.48632466699866,0.0,234.326939166681,252.38802863363136,denim
581.163960907586,793.8375811571566,427.4113830414369,607.988088694229,1000.0,597.7870240126979,polyester
543.4134593974336,223.2965765434271,347.5365459074363,646.2213170877874,560.3308839775515,660.6482639319179,cotton
319.21134052911776,370.0639578761972,666.1053531751685,314.431933990179,680.4068071996054,748.4153646810516,cotton
455.04729381913415,699.2059687413018,640.380174799436,739.5168423836443,1000.0,1000.0,polyester
148.36250398074054,364.41511660793384,322.068274690194,444.62936945390084,158.1857966747835,550.7059657101181,cotton
733.7049096757155,1000.0,881.2588259529398,944.6768099993889,912.6517270189288,1000.0,polyester
417.0254732718982,416.5406963763711,631.7330594783348,601.8498483228433,576.4107227130646,651.0487417070319,polyester
56.04500211923778,0.0,0.0,0.0,113.41420884143844,509.94878273578877,denim
120.9339978594329,0.0,93.777137826265,175.022135092135,0.0,102.01237342486229,denim
352.30500667809036,474.81328139390223,561.8026886248545,597.5131098999427,617.7110544816799,746.198432512099,cotton
339.1666354201699,306.0985280113324,537.7593100426695,72.72741014411741,429.9154247225395,213.60148722262164,cotton
92.81594806288494,264.09531516101,203.7828079747986,77.89705384799802,450.1721360211873,348.4402245056748,cotton
635.9052304118658,907.8664456675264,726.8996080195229,873.5173007267744,1000.0,1000.0,polyester
172.86476718067502,0.0,326.14955302521486,0.0,0.0,0.0,denim
0.0,248.02335246178748,3.1075643238579715,94.97775066014337,0.0,0.0,denim
151.2624202486811,53.213885265636804,0.0,321.31278069141393,561.0217754862339,27.32125796727435,denim
137.560174404921,211.25600877388035,133.79132008033025,81.53809782669532,247.14239199735107,254.90940756076012,denim
601.6891807269835,427.34289271955174,827.0258812147163,458.1331956284115,751.1247234101113,459.6637609760813,polyester
599.8176868982634,407.7221320572514,506.090329593276,520.6968539482227,496.4860265671811,454.0460290575647,cotton
623.0702521014681,775.9781292312367,766.6179421439637,860.189065008784,843.9714311637857,1000.0,polyester
478.3112132179474,381.16890218010917,0.0,209.08380098990511,0.0,52.61417377882458,cotton
158.29543542428115,0.0,216.33521145233686,308.13927920298704,117.38208188988006,483.9164125781909,cotton
0.0,125.7389662823551,274.42872361690195,193.73252100162196,47.64902649204174,0.0,denim
136.1363127200285,0.0,0.0,104.27520225833157,0.0,0.0,denim
444.1781218988696,660.0443271850536,648.1769594945074,656.0709541262645,604.7166495416517,688.4962375508147,polyester
9.715422255058641,220.99861627982585,24.23656193293209,428.1029233622404,523.7664394371403,411.73833365303005,denim
431.5828013046009,594.2584055121392,324.62804698610137,654.6320918139088,438.38881677026296,405.48493431280315,cotton
469.0701051584619,347.25585039275666,498.6013497801663,640.2330934102181,571.1306440925626,230.7997559926509,cotton
99.83701030541455,334.8511366983937,291.5282559169947,247.94400243412147,283.836400882767,13.685384690650125,cotton
228.7229208603649,291.8201163919634,146.3559215669623,0.0,166.2274366969072,220.56464999350476,denim
919.5932716515629,508.7956627375171,807.8358935468733,1000.0,917.3099049452998,688.0177000884817,polyester
553.2295789057732,481.835671410555,164.54831152240683,468.9164104681752,677.8746036434676,712.3086318522239,cotton
271.41736962307704,354.3255761703213,278.7556010463308,151.61670090437514,343.7646036206227,292.11786200452127,cotton
383.64757485819405,176.27448490016386,152.20567288077143,204.83587656514882,37.98048825955732,268.2949072504189,cotton
610.6878883612769,663.8868544828175,1000.0,779.1393749251465,981.6920534518435,960.2880452574278,polyester
807.0966414246898,988.3901308610257,1000.0,1000.0,970.6831162021979,803.6769188801651,polyester
271.06107063925765,247.49401548970414,773.6681324953745,600.6471788496837,474.29767291126876,569.4153795916952,cotton
573.4861224453174,544.1429949147655,475.06823486125927,696.2157115221651,736.6759707466024,485.0479562188134,polyester
537.7541724638436,558.6591508938718,741.2935182413197,622.4182358366429,779.6293930728643,924.0692146587909,polyester
564.3150189800601,647.097413487581,711.0175187448953,489.0308985210636,704.0648301380548,564.9950887536892,polyester
344.3548511573201,0.0,170.50433756431605,0.0,100.90364400472397,137.08995253233627,denim
376.8697642674812,328.9771049033754,405.6851885847091,269.600260044625,530.46204907201,354.8199359464617,cotton
436.0286111142431,428.97147143690216,655.8782961821219,365.58372760626605,139.55515883912665,436.83618299691386,cotton
62.42756593882265,242.6699734612993,83.51128027513683,0.0,207.43187396493806,0.0,denim
774.3913414445532,1000.0,762.3715370320043,810.5752858928607,961.6159432780404,1000.0,polyester
794.3096126967025,531.6593474359407,611.0702287123123,1000.0,781.1647877975033,997.4471326798276,polyester
804.9838658320393,788.2555721208576,888.9613880117014,910.6103112161209,912.675228437946,854.8218206181015,polyester
341.3979578723056,44.69467670588887,181.42288468265042,465.90845205098935,357.3240095114241,185.4632307252162,cotton
763.3654012825144,793.403300757667,674.3414891056943,507.4807068280204,832.9050749891582,512.2375693971646,polyester
238.44293759730087,65.96758235323412,266.226092117966,209.0320334395829,336.44105283017103,239.82366927298546,cotton
275.7503905814002,118.01430451331734,262.5468332956897,241.0262180359854,312.8921135792033,603.827691973658,cotton
36.934683518405535,117.21327938459126,212.18700935334746,411.3928392510717,407.96973158697205,322.3373163373563,cotton
70.84332689330385,82.2188100155663,187.33331405771477,76.00487785027437,7.528158607230573,210.51197188210602,denim
752.6830065420851,660.5250921854691,598.2247521238423,799.0933816683632,833.5460462850929,619.1924909258415,polyester
306.93656143681187,275.4301654601575,0.0,0.0,138.73883777623908,226.19081678943772,cotton
612.3527757352981,604.4859681808841,785.2237268353739,474.1748577838002,920.6703648207832,773.9722561752121,polyester
244.47405625201378,0.0,0.0,265.97236446692636,0.0,0.0,denim
143.37991381363457,158.60006518568903,0.0,0.0,196.4358078418815,113.93960544261915,denim
537.2290271457796,400.0212082513582,281.1884125970577,692.8903165168351,489.3098491209649,640.7928447757746,cotton
418.05970846736847,579.2737260244934,482.23201121716363,548.3481235624901,658.5286785683554,608.4482118013507,cotton
137.20436122833166,99.31238822442432,206.77555338684073,110.72762772748281,116.46516438305153,241.80330847218545,cotton
403.6892114784615,144.81227983972485,87.63036623950074,304.3059795096601,478.3741838600716,683.9026156216703,cotton
0.0,74.44045980047561,7.656941111708541,368.89508795300924,62.113460050499214,0.0,denim
443.3247400203348,614.4697389646883,637.019826846082,719.0426884806475,581.7305053830526,467.3958827502632,cotton
0.0,230.7508861835719,157.9139683324617,218.94424910327473,80.96411242280172,528.132487786877,cotton
0.0,186.524811265438,211.3321719835248,264.86434047411166,374.19041738957736,88.0861285225171,cotton
778.2093607933401,780.6351017210361,1000.0,758.1474313058023,679.6725183918504,670.3343799073089,polyester
252.02519076924048,461.9291814913549,353.2302350589767,258.19130426250456,131.06721970700704,113.18210007351905,cotton
0.0,0.0,209.94741909978427,0.0,0.0,114.33850085377675,denim
805.470869183938,774.1313125084366,475.3353436730538,987.1572042525705,1000.0,1000.0,polyester
952.495826784305,913.6347459536114,1000.0,1000.0,971.8096952614521,764.5562354371001,polyester
129.6965756047195,0.0,328.0713681929214,235.58328675178086,342.8878234445574,597.0378398077675,cotton
1000.0,940.333004184731,1000.0,644.6731335765812,1000.0,944.730802874986,polyester
689.4619854931087,751.5928166108854,590.9083051593382,509.8682096279165,627.3217165080459,830.2167246932912,polyester
621.3180649659492,753.0743486840357,434.3880264807927,743.7528543961245,795.381326823647,594.2667359729348,polyester
609.7356036529372,506.38403832466395,453.2267859403997,366.4116996048416,529.4193501078955,876.7659687520268,cotton
112.37555965402638,69.03284331736747,38.269611128016535,112.72370900271086,32.86869231610262,17.488039718746194,denim
226.41817887455355,237.74219755678467,521.1097919739976,178.2767779128551,696.6858476221732,264.4161316796608,cotton
183.1015788348533,193.4436134269826,400.4292734232852,355.8303698043618,611.581771370652,707.6512100426391,cotton
182.17948630019987,56.734082293839606,205.2445753739971,57.15901145827817,176.5009239747711,332.95128603059555,cotton
0.0,131.67806414109404,28.159795132541618,61.15414779030746,177.6814876369731,187.2414081796186,denim
335.30316209565007,521.1377372079878,504.15538747505695,397.6266981915539,545.9642905539854,797.895353364481,cotton
93.00749841776053,425.32762486420603,189.25727297018733,522.5689549744507,317.259303936935,384.27837451615994,cotton
856.4863323891908,831.7711693694696,873.1621693398871,1000.0,927.2648856668156,1000.0,polyester
620.041039451553,866.6046249030412,947.603926800868,1000.0,646.0913306494494,753.1159766405744,polyester
649.9941015193677,553.9132327831626,899.2270407443038,838.4252978919355,64.65063309764321,949.9542140595445,polyester
101.98274411716547,27.292677788911348,253.63703062883445,312.24491554251665,345.8715856285993,70.38927633042857,denim
216.66601210217044,269.1854762869448,195.44770992034347,188.9361417205518,126.36368850814407,252.82468085803222,cotton
282.43477228836736,152.92929563178302,0.0,294.63700688582435,218.08612112424444,295.5037767606516,cotton
245.56917776108182,439.32734559346756,412.624087617824,666.7120909404949,452.9036435456157,450.02498779028406,cotton
40.13328602277923,36.30616143155328,94.4108061395281,373.30394599412693,101.8999394079652,347.08823653751335,cotton
341.8245897075516,74.596848949616,206.07148322596225,326.5834767407558,297.3615102275419,365.0999024762106,cotton
314.9891686327988,503.9277163031793,348.17318545967623,419.6559024535995,483.817362661451,663.3137511567195,cotton
0.0,239.22286672842608,110.4332803738775,47.348849722093576,0.0,173.1709923458643,denim
717.6384458027376,434.5306089739689,562.2442737898386,815.6559252446777,802.2326342698829,1000.0,polyester
186.3085917228204,194.9997067678351,0.0,282.97811176750463,74.8911679839881,245.6373513285955,denim
578.1051466695544,681.3159218965741,1000.0,735.4376737074888,1000.0,963.3750933535829,polyester
403.62374258605,398.48297126507157,296.5987369643234,335.7193893400458,248.87903583039392,594.270322711473,cotton
826.2423331073597,1000.0,954.1124768668025,705.2785818418605,745.0789481215666,1000.0,polyester
152.5480961995503,222.33500994877605,249.6519790154769,219.14736142546536,189.64847288265742,0.0,denim
174.59776985088354,217.92538830784702,229.85151128129502,0.0,0.0,411.4355281760951,denim
446.8413588846009,948.6857914493676,796.6624088755493,870.6712631766346,573.0388293172941,578.9667312716872,polyester
837.5903918409798,754.1949679255769,955.8823425760725,1000.0,867.56948168438,1000.0,polyester
147.68110594170372,54.34893159689264,331.42401957801343,135.42981782644983,231.36909042442753,260.31433267111885,cotton
293.12619641712456,292.2865666775536,640.9772450403484,697.6866194767042,450.138990085594,494.68006184344034,cotton
319.1524065806934,172.8454913203194,293.82104165284,0.4982057461129159,218.55767634789916,37.3610347489371,cotton
1000.0,555.6834569914708,644.3478978841708,1000.0,824.8352071175361,1000.0,polyester
337.10220292606914,43.55860419884037,0.0,114.65558499390484,175.3155217430706,0.0,denim
253.84006346673306,0.0,178.83901825611656,0.0,288.27098052667804,0.0,denim
167.29340513829078,316.0153520074731,128.30144880005554,491.91427835776784,0.0,460.81148517272584,cotton
244.3491375439739,258.3678875704802,486.95773187647455,399.74010796657194,0.0,581.3148029694523,cotton
471.10517935605486,300.50313154549826,408.4751879581702,377.5011246541242,633.8374258425287,373.85604157563364,cotton
609.473561656064,711.655517809649,646.4810809114277,590.1762322241349,961.6321463231915,880.7541538993923,polyester
205.05355758417318,317.1935509407998,400.02041862591614,0.0,0.0,410.8127047021504,cotton
930.7394158469955,637.4552164624633,790.3222541864436,1000.0,1000.0,981.3049115979148,polyester
855.0103770749507,748.383855737519,931.7308468667086,801.6791320612783,1000.0,1000.0,polyester
0.0,0.0,207.59758479708987,0.0,0.0,1.5133982606119645,denim
26.939673986118933,0.0,0.0,101.34128894765274,322.3228690086028,156.8776816374184,denim
819.6807842763188,775.1602519274256,789.9081669611065,613.7077396004695,847.8189347010932,709.648547519444,polyester
114.33299033223427,105.28651620878608,199.76287701113847,0.0,130.32000747403765,0.0,denim
116.9655323993151,0.0,65.57514770263859,224.47340963342532,0.0,247.431643013075,denim
471.0517949278772,328.26976496672125,667.4894430338276,541.541159912182,670.5417339726508,616.2115791861144,cotton
346.85490541722396,249.36300032656507,210.64690825437614,433.33125008270224,663.3971010996165,521.5737687112668,cotton
803.514368934822,682.1916197878115,569.3029152945143,761.5881956888705,1000.0,1000.0,polyester
248.50999394575388,272.6609863878836,352.5733594881975,171.49965163610244,502.39442552896344,607.7913220570765,cotton
618.4179005669878,816.5296716115892,1000.0,891.7628804169782,972.0798364386895,958.7908512295958,polyester
871.8782886723037,807.5381608625781,736.38814747043,778.1299743077491,1000.0,571.9911450639227,polyester
321.45720329210263,192.4916801424352,529.6795727063359,382.17896401243235,739.5942579241754,504.42242910570496,cotton
0.0,0.0,176.71592197527931,0.0,126.75772036016434,0.0,denim
520.443476597614,643.1806068480341,589.5337598167939,604.5568500893837,686.4056955456764,789.634950505614,polyester
0.0,36.696512470154325,0.0,250.0852638081814,0.0,0.0,denim
188.3164433855241,204.57218372748136,242.65612665637573,353.74814700737767,0.0,48.80061251708685,cotton
325.77798806331634,603.8384765895821,577.0972377260325,291.82192166677044,319.23533778276635,106.20884295503919,cotton
344.2247687560945,538.4555994676213,271.94189608018763,285.4007474448673,733.0876662561247,569.9960715048153,cotton
281.70063342558274,71.8148404040426,200.81580314980783,221.73506459819504,339.78561574856815,0.0,cotton
903.4262474983398,1000.0,911.0905248788379,1000.0,895.5424585536038,943.4080711752074,polyester
427.51152413387126,520.3105470590147,523.9244839239964,304.1714048817866,470.19660379303343,653.1150105624781,cotton
826.8292385144669,656.773596574439,757.2846360571823,931.3389899576609,837.3443619371238,841.891275465883,polyester
175.27405853947036,200.44924200993617,4.250558634512998,87.52055432175186,203.84279285738975,0.0,denim
0.0,182.20778900669364,416.14717870790037,216.3814406229664,98.92781796594181,256.49771743073205,cotton
42.30731855278006,0.0,0.0,0.0,119.95037407735835,0.0,denim
0.0,142.36617613832414,13.516778154921454,250.94061348797067,102.26368513120526,89.38577844023601,denim
114.08762908303589,111.53699122086289,0.0,140.59047465864262,0.0,0.0,denim
920.9841286224743,853.8059778325528,825.2746291189902,1000.0,1000.0,981.5341597902193,polyester
344.0612949102742,211.68117600614698,315.48220262100864,338.90988482722776,211.76176867744752,219.34802150268905,cotton
959.1691278197741,720.4777382144747,833.2773511915825,1000.0,753.6540334178837,997.9639360988024,polyester
787.7148262541134,879.0625194907933,956.4199179912413,1000.0,1000.0,1000.0,polyester
549.7089742020047,759.3765013253549,901.4972845031119,935.4560895755709,832.5623185683062,834.2395839823746,polyester
440.95359886532225,434.4214204875795,758.7415322050103,846.4048199463862,569.7841433647736,604.598172172422,cotton
11.110880613669906,142.72234373617388,0.0,274.83331765790797,0.0,0.0,denim
367.4539010504266,224.75985642571678,172.60436795041292,330.75152381729555,597.1205811406218,525.27760189372,cotton
831.5038242736962,502.5955880219175,577.8003937623516,943.97957830259,1000.0,873.880808181559,polyester
41.091107484255886,0.0,0.0,195.76359927784404,0.0,64.43736940736113,denim
199.8810116612554,162.16507833453556,0.0,379.40654087924963,106.7703143207391,158.8323966533349,denim
176.30486559854944,0.0,85.73328248580633,0.0,0.0,0.0,denim
603.9968561280452,721.5647816687663,1000.0,937.255692768947,1000.0,929.6586539901921,polyester
516.6979028337215,469.0789168433754,682.0706792390703,358.8721788918253,706.9508662826229,441.14250612404055,cotton
289.37256715648,292.9695509706395,299.71727026936617,328.4408697840216,294.89581979073375,176.15185157891986,cotton
216.0056476262245,35.53757162262775,570.1578725451932,211.16268415153675,55.16881349867066,308.8865492134432,cotton
496.51966010090405,598.413512716548,566.2628572513945,685.0869117810238,506.22432715253706,579.7664762185038,polyester
0.0,320.03917918636125,0.0,0.0,190.49141251409617,303.1450628477355,denim
119.71885492592848,460.84348121856755,387.88412183566,363.2749638623292,20.143022394129446,742.9058782787108,cotton
174.668314808942,225.36885789235578,0.0,118.24569662278333,0.0,0.0,denim
570.2556895786719,796.1745325777991,627.3188728368209,894.5699559328037,1000.0,1000.0,polyester
755.8523365239254,651.0062134500089,871.9090834787847,1000.0,871.1762550682669,991.8550400832427,polyester
214.17010295994973,516.9706909625754,430.2558056937987,414.4809838427113,572.0863211494141,476.47567993008437,cotton
67.23358997601672,63.75595260230765,32.74119605271824,130.00535294965246,0.0,0.0,denim
104.5829829266089,186.1788182277235,0.0,92.8258188502401,230.03107854893128,379.41638399904866,denim
703.9550864543004,300.5527318334055,419.2041160362267,478.9661793362563,326.61287750633215,619.467608060629,cotton
634.588703671765,962.0292417035963,1000.0,1000.0,1000.0,1000.0,polyester
389.8458305618042,220.45420042714755,216.0945656679787,241.532977776889,274.9935199428113,508.3999212166367,cotton
558.1846565010482,594.2287375507908,517.669194346536,556.205879263859,713.9532218455615,809.2355810538294,polyester
164.50256973739,173.69915238015722,0.0,379.2759316824364,259.5951438353304,38.56948957584552,denim
217.21214755270177,119.78209510790421,106.64357537102629,186.73870670688055,172.5408097932788,99.01737197375755,cotton
726.4165813131568,584.7561868394735,831.3260856100527,645.1443505940734,696.6935359833915,822.4274246319549,polyester
176.02390071451325,453.9172145820559,285.27905676252703,119.37375798978562,0.0,487.4778776702067,cotton
863.2728327298299,1000.0,603.7125097608503,609.5782662816966,415.82807738358133,913.7242327959718,polyester
889.1231137197119,1000.0,655.6230953626923,692.2833058545392,939.2783005029371,967.012858145548,polyester
517.6157305379876,201.40434761472216,498.66636033792224,401.7020596184236,467.44616121725545,809.677377850472,cotton
102.34018163521141,79.7223359154345,80.57182013247456,211.987153430501,55.11442376899245,234.89465555077726,cotton
378.0341416012421,493.12417214695955,560.9413719823417,677.4684850425315,367.9569109273169,706.6685997579849,cotton
0.0,284.8400984939369,0.0,177.39808958963002,328.79558001545894,97.76928828206219,denim
258.5863369271533,33.200456768763786,80.42106260612093,337.6006899465209,407.77858786488326,614.6223151569393,cotton
382.9713395729591,176.16561076086467,238.8581764483454,81.25998263356107,28.236874455775023,385.61361929310294,cotton
183.63672349551342,234.82828798515828,595.2281591584344,382.24580288969844,180.08408272647495,276.4986557986611,cotton
835.0981991015324,952.8440080683141,990.6839531728147,1000.0,1000.0,968.4027612246296,polyester
699.2480982008991,840.1047051487136,1000.0,992.4067297755064,893.315300349592,997.2834196339633,polyester
353.20541364913817,180.1496397700223,497.9773315914645,530.4981752963466,353.7021962640998,402.91941023390547,cotton
633.7332807138707,1000.0,727.223209344487,793.2065252240047,917.6637149499918,758.4804909350422,polyester
0.0,261.16969962428186,0.0,236.71291215970516,260.1799742461734,88.6785319228623,denim
589.4737011971231,638.9375439823565,341.2466776754485,933.570891084185,980.0954237958274,672.664672405715,polyester
542.514015339058,446.60888946740454,695.8312696008761,501.9907739981486,345.8808589731271,406.9471927132707,cotton
490.6115840848251,39.01327756219973,344.12696513774154,0.0,169.40514183494525,52.211335044716165,denim
572.2241963499091,638.7594470081239,908.7195955084497,804.2366467959442,828.1200072358973,928.4953873303411,polyester
396.6489704103028,355.4362257796753,251.52609334078474,175.12444513682362,84.0139609674167,270.9486627916703,cotton
214.95314960540037,259.57268656416556,0.0,162.4853077565408,191.33091775872197,555.8376915243747,cotton
90.89384727155485,161.44397177973394,51.27585603223773,174.6838017456921,0.0,167.52733926408263,denim
244.60228138692102,420.19664565264327,494.5407973241282,273.20214914644544,433.77376371248874,633.2785288996281,cotton
379.79652156496763,246.4096661866072,463.44996220347747,624.2765537944593,756.8777466413807,440.9073645516599,cotton
139.90984270416718,19.570001381399038,21.005617139236705,130.22730502076212,18.92042026613899,207.35931138393207,denim
62.60662274313966,114.74291228682063,0.0,0.0,0.0,0.0,denim
573.3420697448976,771.9445673652101,1000.0,838.0755918536057,1000.0,858.9228714289203,polyester
0.0,217.7973789246228,74.263916608225,0.0,272.27595311000636,449.48848430545235,denim
181.66159104240552,60.85341653517087,0.0,37.78831891180464,0.0,0.0,denim
143.70138927430287,46.735710995241874,68.32627811475308,512.9786661110809,217.41866304010435,0.0,cotton
0.0,85.46209834218887,0.0,394.98736980988656,65.74235007669967,0.0,denim
665.5618034800594,765.7882568383438,702.8968747623426,862.7070550778064,724.6567507218001,405.53481541461844,polyester
911.9777527209458,1000.0,994.2414975021278,1000.0,1000.0,831.8849059832179,polyester
140.39886969812332,154.96323793326525,12.95729933126843,0.0,0.0,0.0,denim
491.0182570231677,783.3634653444215,794.5564732037358,747.127613890736,760.2762439898884,792.169884391046,polyester
269.9011938166712,137.5317789511017,91.27539580354194,0.0,45.27912128868638,0.0,denim
308.94013546701433,31.8543861935244,228.24109531365912,328.0144791756946,0.0,263.12628466895217,denim
444.23971866730756,302.14504863970706,397.35581750815686,208.65917744937826,137.20107847466585,190.18237789738902,cotton
213.95206792168926,99.15601482555005,543.4050327657543,119.48637453962746,203.5565332037949,18.66750308265899,denim
279.63909263866435,26.138778629105595,0.0,0.0,0.0,3.629905911258419,denim
950.1816705481472,1000.0,809.8977643497426,998.4441446589561,1000.0,1000.0,polyester
196.9742963355638,291.5467571713494,0.0,174.88132855708764,401.79866568269136,118.65357593272623,denim
153.86025520232323,177.8223676901211,37.16019305322145,233.45529426882672,0.0,261.61084907426937,denim
170.45453743690473,152.94050313212745,0.0,83.17339758366562,454.84529458265615,0.0,denim
44.973849841586855,205.21623641967355,284.3315332058194,372.7661474663436,422.63988695793046,198.72391014860975,cotton
849.0460173028247,590.9997188192732,442.54781361176754,666.5945453690863,826.568620448445,966.9479800328002,polyester
0.0,87.2543482827408,128.05739503946472,118.7607723611894,0.0,237.97159450717677,denim
570.1441933080067,682.909979305405,508.49462397874106,1000.0,1000.0,980.7504456726055,polyester
368.5503216350638,235.291065100976,164.2576243517749,290.07770270435213,258.3692385371816,325.3961681245198,cotton
502.8355081761687,493.5214937980197,555.1175864113213,389.3192130261727,586.3873559869513,576.1408248137456,cotton
306.1531942077265,225.65274406163115,454.0161977557193,25.366246010985748,20.308619640010768,55.87516032722219,denim
58.50071574438558,0.0,0.0,232.96924164164776,0.0,136.157295690238,denim
27.0328609975937,96.8996646687509,191.56489995799896,47.78799514066361,169.89083547480988,620.0961733228924,cotton
655.6892181780747,868.699927226469,668.8501861467003,645.3761847331589,900.3961682945792,811.0489863576795,polyester
805.6881923342635,914.1356711886351,722.907436326805,946.9324544392595,798.2801243032311,932.0881823223626,polyester
798.4041971423366,652.7996700356831,639.5330385072336,728.2457591147188,750.0748889537111,884.0712035193567,polyester
888.345579235913,812.1773008562204,1000.0,522.0869355679758,648.9696933127525,1000.0,polyester
130.1682662149288,188.06984942026367,141.18733604635386,451.2163151622409,253.56798990256092,0.0,cotton
425.0169985118441,412.95567050955924,789.4471608897811,273.94991093340775,291.5372105449549,492.01698795201474,cotton
260.3626571198537,492.74639835361666,524.2052454140884,452.6314314129258,667.5770496694195,682.6624489510363,cotton
247.2048784576584,576.7048906346281,70.81005061747973,136.46856739546286,128.57692743849532,172.661583669433,cotton
366.6782051264458,436.2620144070551,371.60781525104454,413.9944994775968,432.32986875409847,544.2838237581527,cotton
433.9279613020527,716.0645343586177,485.48129020508446,552.8204969114315,1000.0,1000.0,polyester
668.5807744422913,551.927501973066,875.1431175460879,999.1824129605732,862.6749274515988,937.5677864007428,polyester
804.8205364971683,830.8736176581058,744.722171078861,1000.0,924.9700453747848,604.2908665356287,polyester
933.6499830256366,1000.0,745.783014889843,1000.0,1000.0,750.8496390353396,polyester
1000.0,792.9324253904549,759.4601271470309,788.7322853430152,610.3283497865734,846.9696907561028,polyester
711.7183159320449,92.56230700691322,1000.0,1000.0,1000.0,690.1772984919846,polyester
569.5645771281451,716.7306685480332,830.4390657443934,382.2962689823893,845.6173269837582,753.9189556550303,polyester
0.0,484.19940941560924,437.1408869092754,0.0,338.33092353125187,202.9566658991903,cotton
690.5789782579193,588.714429972966,950.4010832631722,1000.0,325.0300037633608,1000.0,polyester
351.67360203716555,632.3820241881671,434.23935148698655,546.1501952484225,446.7147859276786,337.57043891099175,cotton
785.8886276300242,546.3166118899973,1000.0,1000.0,783.2306984330621,963.3313573824911,polyester
391.51624627099784,359.2116455350226,56.599515116558194,316.0863327532632,451.92208982957254,322.1671469017453,cotton
355.681826597868,408.06615655664854,149.53845524305416,550.0093909759147,676.177066639019,572.6858934415088,cotton
1000.0,553.3615567167444,888.0312173783783,1000.0,968.2759431077748,1000.0,polyester
97.92844824787838,147.366030130693,0.0,0.0,0.0,0.0,denim
110.14521386424009,272.4001253520364,86.60795468651203,224.5605806113247,314.60373980064975,79.15274838414973,denim
179.164122257347,260.83935387444444,252.5872724070154,347.59744389131913,209.39899053969387,236.63073759485658,cotton
88.57030536930212,141.72451771312961,101.71988510448529,295.24284138094345,360.03747292302876,194.5014175994312,denim
421.5004955514238,147.8982561333456,367.3863017359982,520.7714232347431,293.57223122785365,395.6946219949756,cotton
283.49009906173313,321.2550155804493,795.9073658093155,685.217292149255,794.5673287364616,706.627071078426,polyester
0.0,312.4363961714711,254.3670754150974,34.003149108790495,169.6726821856202,325.7660379878678,cotton
286.175749067305,649.5474770551712,365.6817757967004,734.0408651494959,717.540758888073,736.5045180209797,cotton
129.74015227292037,272.9540845120068,104.33788127576014,0.0,171.8495738252672,283.149923274182,denim
455.6550827227287,89.13785908043917,329.19643602237187,508.49621519353855,714.37163249248,538.6373538559337,cotton
245.60911623530416,0.0,183.01512901521144,179.67436605130064,270.6198338326743,634.7724907128517,cotton
775.304285533498,683.9989876885359,1000.0,760.6053742911068,991.9893095557065,888.9871079269919,polyester
733.5294125203526,378.4525517102711,697.0493011462253,730.5680022568424,768.2081123817087,535.7326281080612,polyester
222.5232112189241,71.38988314434995,149.25914412194837,92.28352067210876,305.61172642836084,42.06555277981796,denim
211.98439228852675,258.2078557219885,114.44353382298888,315.07216856207265,419.68725218148325,197.29262654977396,cotton
747.4079847463393,436.10136324609823,843.8023620346872,574.7872271586295,772.2778883834748,454.4087681922222,polyester
161.98043215422885,228.92136374539194,205.6359213753829,54.31216164646455,0.0,0.0,denim
520.3017598859142,763.6733386299904,761.9164551372935,562.8804934519791,871.2859404968967,847.0150673453701,polyester
293.9742286253342,138.16979431277557,274.55728994024844,208.8788327890807,17.951123518876614,266.0906128346002,cotton
109.77535692100746,65.33949066318696,239.90039398032104,62.00012661805326,66.79545668245834,0.0,denim
133.43421638952793,0.0,275.41908022421046,384.91707156474877,46.68272930419195,77.12372627779409,denim
299.9771013913838,44.1687662414888,131.6727078501588,19.141634532015694,0.0,80.68626279953253,denim
168.1863919029787,552.5388048947163,547.0171772596527,311.57993893863267,786.2791642438063,757.5795921674941,polyester
545.2963167703084,772.0430994148095,1000.0,1000.0,1000.0,739.9742813725805,polyester
596.1790515528479,857.2612698188647,726.0396983437981,982.9367757211777,813.4313573854413,1000.0,polyester
16.012822757658206,88.63245772134766,0.0,21.691668804901525,173.82930363636353,0.0,denim
334.6397645908356,353.11837113784014,425.78869228089815,381.99153490642175,886.0831039353101,408.97661058226385,cotton
0.0,143.4439708473889,0.0,0.0,234.04402819089728,360.210642369138,denim
49.485906079443794,351.9195165310738,353.08507078077844,548.895636272468,139.11668545609905,83.88481104843146,cotton
259.658768785249,373.99429009963313,272.59190025995326,453.90147868640554,518.1118939295159,390.2167635192434,cotton
725.3580740102502,461.72422113722763,387.34051181098073,201.62811322647224,590.8989717700751,318.2962565846294,cotton
338.7267713305913,46.03230673224881,54.42074723517717,130.1228318927475,301.88621185239657,0.0,denim
327.0070017530965,322.1847968594236,449.332031592421,666.2446695594468,706.1118931835672,546.862752647095,cotton
54.36474250855769,169.21138164219826,36.48493494035883,111.08767018573637,0.0,193.154617349314,denim
33.33272239277571,130.10730522716528,217.8483024763522,94.87082833271234,115.30353537030794,269.2108912341394,cotton
0.0,150.16676528928005,65.36566949536476,0.0,52.96868402146057,4.269273062355552,denim
167.4852911530795,203.71119710049692,148.222225419126,85.01269354804577,80.2583486150904,39.5709960599805,cotton
574.1725488216139,653.5344272151392,648.5760055557256,994.7759185327084,180.586715336397,663.7407634154142,polyester
174.2301644848908,143.6567278556087,388.2254426119712,214.24048538723616,112.57199313146764,0.0,cotton
0.0,27.472680091179626,0.0,0.0,80.49960289185978,175.2144683723684,denim
0.0,0.0,21.13378030804821,130.93899777717553,0.0,179.27897663524982,denim
950.7292074909532,977.8952744402173,874.9975862123465,982.6122457932942,830.2204201120326,992.8522265991102,polyester
137.38247557572458,151.45962817047487,158.52414382849895,16.03511810475615,65.60568555314367,137.87322146563997,denim
683.1475972958222,723.0358489324159,493.1789399671893,580.8090254892057,789.0758684307192,946.6524564562508,polyester
0.0,0.0,0.0,0.0,0.0,71.26789920592704,denim
305.20171975518684,480.37312991132194,202.81216950512848,405.92276976798087,472.4398179620781,501.5919299734997,cotton
254.99863268232485,345.74905489428863,589.451808613956,490.01524461256884,485.545592719359,318.1969032961107,cotton
163.40931592137517,0.0,120.54218645502343,155.27141995822723,0.0,0.0,denim
830.9051594103353,726.1206713342062,752.279580940733,1000.0,808.4911320832651,917.3420652276466,polyester
659.752746406981,544.7745588793182,894.2868794655562,991.997641882776,922.7162742987166,1000.0,polyester
151.84350053965434,439.9696022153322,369.86038085334553,164.58868081055638,449.6773771007392,16.927480988371087,cotton
140.10283253416046,291.36482134309944,0.0,41.110201154500366,0.0,320.73645228889586,denim
179.97991566383484,167.30678300643274,72.42191270580867,288.326043081727,179.77270629064833,158.84749873284375,denim
375.4614073467435,303.83590970187504,456.2473106338437,725.2680868759678,524.4984645732665,863.687914231561,cotton
827.3582331445202,955.8357240357957,683.6547847166509,497.3747131798758,1000.0,812.9677685016259,polyester
224.41875093714833,39.57455548477214,478.3435267038502,25.39849726797152,123.95150498781454,0.0,denim
615.0601732112284,754.6652662287679,675.5571549711921,979.7916955031112,768.7018190412648,1000.0,polyester
858.0170042939376,1000.0,1000.0,1000.0,1000.0,1000.0,polyester
1000.0,1000.0,801.8431400472193,1000.0,1000.0,873.749780828621,polyester
654.8612948912809,755.1573781688066,538.1445297272265,345.50747595048813,443.57810538706184,177.2166279422408,cotton
447.63594421584605,787.7814775999213,903.6895725279627,907.9402380266049,627.1657502953262,566.6959710279007,polyester
491.87575182929214,604.4879035568888,538.8920130187339,682.4691070257928,755.2244592992702,759.2013281572539,polyester
1000.0,818.3639835068348,814.1924748708275,1000.0,1000.0,1000.0,polyester
0.0,0.0,0.0,215.25162828395656,0.0,0.0,denim
468.92512934094304,710.5563176377914,533.6338665978965,568.7353379517157,832.9913028334556,826.0315084698155,polyester
125.9606736114093,375.8277272233647,381.4184569311198,321.78855350675764,145.61851038961817,200.93356785211,cotton
791.4726688075795,1000.0,785.5026061041885,1000.0,671.6035151107735,1000.0,polyester
650.1637726072972,727.085293053304,431.19315093150993,720.5395045029965,674.6503009044754,1000.0,polyester
104.22624203317903,62.55744221571314,499.4166178829536,192.3759762586111,473.2170905383813,343.3005647441781,cotton
37.381442905786415,127.61711998814114,0.0,0.0,286.2664864573995,218.64276180620595,denim
542.3434339683314,885.829672440845,755.9728136992237,817.6848548210887,915.6703931463073,937.2933325525539,polyester
267.5000649183287,490.92097097054915,713.9078160180786,516.8664664127288,551.2183245981258,294.18757611302135,cotton
494.87626654882945,217.2458971051072,195.14309945798405,75.1468585114574,337.6851925416829,374.2923181937605,cotton
413.82871971999964,295.5895674679193,422.0563078323663,410.1709933288526,518.0752037622204,335.3924133033461,cotton
918.9032123268565,959.5144716162674,793.5341341398679,1000.0,726.5808290887824,969.6867241586234,polyester
541.0152312004425,252.49360834002522,504.49092491961915,659.5232251602739,698.9737152449459,1000.0,polyester
525.8860351783408,706.8800043047821,671.7320577708482,645.1697498135342,597.1354470564521,818.307045189061,polyester
42.49326248009824,484.9031440393677,167.77270759572102,0.0,321.3542813725476,268.86037903589533,denim
0.0,0.0,267.7050200036067,453.2983119182108,433.29698509791217,494.451343708596,cotton
0.0,43.039935893369936,0.0,63.95810289241526,0.0,0.0,denim
350.17860617104736,687.1635084889386,644.4971687434353,571.816642474125,726.4319942806748,337.42828219346285,polyester
0.0,33.95490985918826,0.0,0.0,0.0,252.94995859619937,denim
29.39215531543212,365.8506269535561,301.99241941100524,408.30117118499413,228.89515784503362,480.1214235671922,cotton
254.09859714152998,130.43505411636824,87.9016168552266,141.92827056862285,0.0,90.78299731039709,denim
105.90721672140724,140.38733651069143,406.2157084772698,112.18135599060415,319.9532138364207,134.28853965451907,denim
1000.0,912.2320258240209,872.8660481044076,997.1369632447397,985.2314829074147,1000.0,polyester
437.94411324049867,409.3352686236904,299.19201785226784,596.7828245500802,526.6008339520216,676.7209324406763,cotton
914.912244080546,1000.0,863.7328204611358,966.4320292066112,1000.0,946.2455568270898,polyester
628.6307822349897,848.0065107997762,707.304459423374,718.1798279352442,641.5206222621682,1000.0,polyester
169.42390505615631,137.5467789665101,160.63005363927675,14.301150622808251,101.44470755974999,17.36553430668281,denim
907.8925362475387,612.479993683749,857.0845902277446,970.6181083971438,1000.0,1000.0,polyester
7.15897629264083,0.0,0.0,284.95343599809445,304.1306183080882,82.80100132753354,denim
180.70908946710875,268.9783361143133,0.0,78.16106853187233,0.0,0.0,denim
257.91272764666314,0.0,253.86347013626545,468.85334229102966,0.0,120.79506024383193,cotton
573.325055961692,294.818896546878,937.1198696451636,748.133838430338,781.8941589639466,1000.0,polyester
0.0,76.17571942947954,88.72498843797817,134.9820104366949,245.34036550790165,0.0,denim
236.2163226224607,631.3587614996825,586.1926262375789,877.8777519563318,578.4748731252248,600.4126414562816,cotton
130.31251178122872,89.19790605002514,252.5846604079668,361.87169207608684,176.47404892413556,171.84458162765372,denim
246.50631463950094,164.15265623789034,276.4403088904382,517.1529019785096,30.352509372616538,259.665063830267,cotton
262.0090555801155,119.82020179136742,304.6073681737108,321.0946996741434,385.6319714017008,631.9983527335447,cotton
539.1480783589241,671.023532233316,693.2921544169004,991.8801031015296,351.79781331343054,719.7972323568738,polyester
838.8747914965378,994.6686484581853,977.5550220607626,826.1270419417115,889.024397315995,770.9094513745886,polyester
478.40901928050357,152.55550861228704,536.1041856057097,430.785549244424,124.85795113619946,609.7468075740178,cotton
306.12629857068987,262.4369214728912,193.39577560738712,0.0,274.35212610341637,0.0,denim
363.1535871420674,309.8330071431577,148.7358676353652,280.39783345814277,508.6999990634356,565.1089792669484,cotton
231.92716163976817,576.5213244185986,411.17982302905847,276.9851569801611,509.96952614701553,586.2457597283569,cotton
620.611339169773,509.9287688996651,443.85430537483836,549.6043227433304,264.8169461667454,426.45970807056926,cotton
471.9519519558447,724.7442250614886,562.4268703567468,489.50620943685703,663.8588976610414,711.4764190927498,polyester
845.6890918432609,826.0696565605131,992.0099504722721,1000.0,1000.0,804.5913426878708,polyester
93.91343725256237,215.8704744068391,0.0,154.73822074426107,132.68935123250446,101.42432331683457,denim
65.23334144432681,0.0,105.28338394124769,458.09216968352104,280.2752932900189,39.97183568431787,denim
474.0535053429859,535.9958147558294,679.7251568204977,663.1722561232398,744.4185410641892,696.034099497963,polyester
89.07476586508822,0.0,0.0,345.48690255245367,0.0,0.0,denim
157.9445298446573,381.63060902220184,540.0127315598172,168.23235347762665,465.51356176328267,938.4262901900645,cotton
731.2802306016845,616.195392391667,555.0267521890507,666.7729951347235,360.9521743997905,744.2494125634317,polyester
1000.0,795.5909082778629,786.2722677922374,872.6966104457333,1000.0,923.7044035231006,polyester
761.9881580210183,1000.0,1000.0,926.7533387409629,1000.0,893.1006747397734,polyester
133.41678454308104,260.2355136590395,211.5787511608272,0.0,205.96675324312162,154.27771378724754,denim
281.57795307021786,281.47227693072085,537.8757286257112,314.6470088038039,413.06595968049004,414.3607497200409,cotton
632.1435722211661,897.7889248690888,929.3042730598544,686.6477683782697,638.7716844877464,806.5625323331121,polyester
816.2121072081147,720.8891232441326,838.2821317296371,747.4199731606085,1000.0,994.2718290373967,polyester
181.20897812762948,173.35096794250785,536.9712062772463,253.64541862716635,52.08308905842031,256.17563727632086,cotton
430.8425682373225,249.18631036747922,343.92631543987767,425.00774527898403,306.2400878339146,190.05035668663186,cotton
297.48284184420754,0.0,307.66029188233233,496.2885201131123,550.6536131252351,335.0545838063234,cotton
219.41125850623914,419.7980635629275,0.0,247.82143524473457,56.1047406497143,0.0,denim
78.6586849896293,148.30105615029333,143.91045810227695,0.0,0.0,0.0,denim
823.8758408530448,673.9480155196297,800.4737002425635,755.5783024652371,821.9836498500081,767.8760766072967,polyester
536.1443273344613,860.7829780993138,366.9325606364167,774.7278756225753,583.1699690959233,778.3047384791583,polyester
375.2256765821813,353.05672196769876,511.31370115654886,535.583993790596,639.2158059907763,910.0385759092775,cotton
49.3383707680152,96.96254467011369,38.422171280956164,0.0,163.45463892937448,283.41180635113926,denim
672.6325053985505,860.9430689731215,1000.0,1000.0,996.3551625617216,1000.0,polyester
196.85309185703747,340.187338067724,159.7330729679971,7.935041650581368,0.0,0.0,denim
207.8610163662523,75.28724130213925,11.558004414844802,0.0,421.4814238346214,356.14597668569036,denim
669.185874497501,610.4284275332863,646.2249812924499,715.3384417718842,454.79525534647485,710.0558433222329,polyester
295.1594111454279,242.82937604139923,4.192556795338362,68.7295482121409,0.0,218.4424875857086,denim
881.987041516836,786.7184015722686,707.1481546795791,763.8960463915441,858.779369909643,960.9906425990943,polyester
344.9346398147742,416.63778040744836,381.2335230623921,408.9393834653175,472.4822789803328,490.23782271810416,cotton
771.008876887064,992.3739374065,1000.0,799.1910646537665,1000.0,1000.0,polyester
784.5465569653154,1000.0,922.4770293811143,799.0974577244547,1000.0,1000.0,polyester
665.1285514671017,768.3853375842257,962.6016969114946,1000.0,757.9576013164796,586.608935111693,polyester
110.32921541267642,229.92726916576433,509.5351083550329,274.5341141038052,341.15654017068755,253.180453825133,cotton
986.94501389306,894.603726729929,782.0045045620355,1000.0,1000.0,1000.0,polyester
139.294312552037,272.28239680964975,0.0,143.56599262409011,402.62893635790397,91.06708037748342,denim
522.098025387264,561.1452673203116,730.9122933922653,511.5043637957811,749.7105711544182,816.7256571336347,polyester
538.4090514630477,349.4015445059678,389.79132954614903,184.3350044356223,354.8012063741519,374.37915618018644,cotton
555.6922055020179,746.2941992526145,781.6973735082735,753.8555584269579,1000.0,1000.0,polyester
0.0,28.120061226624102,136.89234700552265,124.0060053634724,0.0,246.20472466954354,cotton
204.79802958744176,0.0,14.780156430015865,0.0,51.96129657978602,31.508812729320738,denim
751.6046445895089,784.9940771159131,1000.0,1000.0,1000.0,879.963925945694,polyester
633.9265710743141,933.0530573797787,652.3967308919076,797.7205020036356,811.9909043928805,935.3269876597545,polyester
385.81791649937145,687.8661160027922,871.3256879170835,1000.0,707.1324236523471,713.1720762915626,polyester
727.3995875544176,637.9876592394212,934.209157765251,735.7336298673791,1000.0,905.2374090306919,polyester
352.9635400198703,0.0,0.0,332.5237272782701,237.92260503703153,408.50147727149056,denim
228.8882580038532,308.2267427088462,23.480850479849835,341.5280056862015,306.14486822511276,147.9281992714138,denim
205.34833946321112,357.0625959869911,303.70149345515324,192.00841840649124,314.5679132197593,461.95737277100784,cotton
61.29488007372903,91.36809802563378,203.96881501045382,156.75409939441712,10.170233592240962,117.63520098835359,denim
593.0692321149552,554.3631230631203,918.1892258813782,992.4997394310614,357.29851562214697,700.9114000259174,polyester
0.0,264.31558321495123,56.41340922499828,68.1321305573093,229.88142162033557,0.0,denim
113.91833842085663,0.0,122.49383903335804,40.319671390661995,149.81943144011188,86.07644465615182,denim
297.43525620518574,262.17008015604785,314.0738284354971,127.85432210595458,271.5365131963656,0.0,cotton
0.0,435.79265849779335,15.165968793614567,0.0,0.0,105.82438633678358,denim
90.22735267843285,227.80961638483205,38.76707136214901,233.0515184673505,407.7192348491096,309.175879431621,cotton
31.527182957676956,90.36743902625564,95.00149813370798,112.6691823273474,200.95438465903192,226.00156206769284,cotton
751.2590418379791,1000.0,962.4531557856536,781.3913201954888,994.1379095324772,983.6773052376312,polyester
188.47750261831553,126.05378914145446,316.54093934446144,288.7128734070616,235.5160088294495,38.474190701224614,cotton
0.0,0.0,273.4669279017769,0.0,139.6156327743678,300.078799296366,denim
478.10840302706333,530.2186096618235,252.79663879530102,625.9198691625731,326.34889502991325,488.7003110226545,cotton
873.2601705008175,1000.0,901.5819306128974,1000.0,1000.0,828.2148065454968,polyester
66.02064909490383,33.39768526996748,31.664877886201808,24.97222302906006,0.0,151.03501510617002,denim
211.22157367037823,479.4352659956673,771.1841266679065,646.3488890201169,548.313869137217,682.8076032595708,polyester
496.77652664148934,461.26039232498425,617.6014875490021,534.140425294533,870.2727057846415,697.8278421927969,polyester
240.4867501542575,49.85139885649032,0.0,178.9623397970659,0.0,0.0,denim
0.0,117.62888852368542,0.9445964750460973,262.88794706650714,398.4639067282138,265.6943266280255,cotton
31.960617075003007,0.0,138.5439860506662,93.19117577019222,65.58271069998811,289.503206018944,denim
555.9624035953151,1000.0,678.5881945579644,854.8106458484607,475.6772287130269,917.084293538098,polyester
513.3343522996593,489.87727989335394,348.8743199402063,388.7966006310892,743.2150389652478,527.3498353823544,cotton
84.88633010501457,277.9084582793594,173.82120089335808,0.0,290.5489134245457,403.21895016791484,cotton
255.58556391412495,343.12058544475497,405.92811738650954,394.3441984265535,329.2631649593503,280.526853194329,cotton
186.1890726451938,200.5962923173789,0.0,178.70755058569142,229.05480490715917,122.75094193243919,denim
348.4295300668297,0.0,0.0,0.0,312.30730252978054,71.97960799985117,denim
710.3499265104925,850.8624657816741,1000.0,1000.0,939.5087810019161,1000.0,polyester
115.44390283283748,25.10683788455148,82.58834301560553,276.0299391707231,135.44146874993086,0.0,denim
0.0,141.4517496574311,161.20591786930146,240.92898445526686,123.68668667366217,0.0,denim
547.3246136720337,465.21904081261596,508.74093831062737,381.56357044809056,440.4994365459663,680.2399199653562,cotton
0.0,46.861896473670456,100.39773718946344,0.0,0.0,323.80791510118655,denim
106.46303744503429,7.416502430579413,166.63751829721744,11.134976256645245,282.28361045619476,66.9457711172142,cotton
190.06979434130838,234.85200327514326,363.39021197821364,186.93392490956504,491.77655279502505,300.4185570217797,cotton
0.0,175.272874182769,405.12118753505456,472.15122865537677,351.1567086768163,186.7889381684241,cotton
118.77343919713923,0.0,237.24649742515226,0.0,0.0,202.81256642112794,denim
969.8618965734236,1000.0,766.5509989703662,834.9053323060891,1000.0,1000.0,polyester
144.22965002674502,245.91591410333953,287.0436332608511,0.0,14.653505633298643,659.4494159443525,denim
404.72967823015097,982.0237823180046,677.9279874366624,594.7686710633377,410.8598151486804,668.7488802566735,polyester
360.3380869830844,353.45512486330796,332.6394219671893,473.2266451677699,662.3616188817334,792.0215590413436,cotton
174.03212238654402,0.0,33.486318083892655,0.0,0.0,328.35170291772806,denim
343.7359136998556,537.4975823833639,848.7900110184555,868.3076927323034,1000.0,799.5622897522154,polyester
0.0,116.69589209559761,161.18641619060259,58.9203456515866,250.75967140077023,66.70951361688242,denim
933.6068167611764,824.1961441023498,939.006418911714,1000.0,886.2825841700851,992.9638788499889,polyester
644.4851640494395,452.30192333522126,772.1051395143911,520.7702421839392,788.9973103432924,727.8710503171773,polyester
253.08399879754285,181.76740564111833,254.12871077874027,508.3389593060293,669.5011199909866,466.8723833541877,cotton
339.5297928446306,0.0,0.0,283.73552815181375,215.57609091281722,0.0,denim
435.0463372281778,538.0956127386341,312.531546644776,386.5858421699704,513.0340861741553,465.23762848433245,cotton
774.3992470430102,562.0741303269161,757.8009289152789,787.0442400535834,1000.0,886.3616527545936,polyester
466.9194932464276,66.55678211963462,65.54836070712517,0.0,80.5135183060271,0.0,denim
83.08366643260145,0.0,0.0,0.0,151.3240847657236,190.04520859678598,denim
272.23133009721505,334.154911869335,584.0904940339999,486.3969351897289,336.37820939337655,720.8505323635007,cotton
161.92603092544118,32.676931143018685,0.8202566761661672,62.06957124050166,0.0,0.0,denim
733.6304222947731,711.1100005797633,947.2771868158504,570.7155256026076,677.3978857254739,1000.0,polyester
48.84352013111841,174.8524652351494,0.0,464.91827144334303,93.18007895700417,0.0,denim
723.128936630552,1000.0,909.1379800814444,957.5656523974832,1000.0,1000.0,polyester
418.36422515333913,193.80719619100984,0.0,94.87336184979839,0.0,48.36224613359332,denim
415.58574174443083,553.3611910691502,283.42872851720625,370.35250470556775,611.3826913829959,524.225291379109,cotton
0.0,282.4603312622335,3.718713630761144,6.337967484618254,0.0,69.29720291525959,denim
943.881083677726,917.4719274797515,1000.0,941.4823208870516,1000.0,986.3854379435363,polyester
571.9941301852505,649.4610385565105,673.9903592436494,735.2139688899389,906.4016219595336,676.3666660353513,polyester
468.354199040905,751.1513569897656,522.5059399332279,676.1735382119897,592.8350910656725,722.2886295233747,polyester
468.18014259831625,573.5122796202685,162.41122347460322,607.1339057179355,333.6922139890064,757.6520301273374,cotton
10.884075055381942,300.65907059710736,0.0,273.27323809115734,512.7081395609785,152.15638557480432,cotton
438.4996919345564,203.54819659040524,370.89863355393913,596.4854531538565,656.0804159639781,942.2098952021854,cotton
624.9150448675639,260.8661740642598,318.94401927584005,450.6625084134148,502.98560604647645,388.49991535980786,cotton
781.3708393385854,728.6668451041897,650.7893524426747,829.6230237379559,1000.0,815.808171233966,polyester
31.73505400698444,186.0971847129029,0.0,31.282917850446424,65.49146526715607,164.7642448577223,denim
299.8371497313284,405.25368783118364,428.5188611338678,623.6570936618725,387.04395067970574,461.59236528139456,cotton
28.095965634463028,247.63662132439862,237.14493024846774,115.37422341279218,0.0,301.7764680844338,denim
358.5130622548387,612.4849272107805,708.3981765197581,452.9124190180739,487.8173269247664,632.89329724709,cotton
310.1302632827281,581.451834939884,135.50520477501345,421.3319426866227,615.2712597581676,472.8090243842017,cotton
765.1721089743088,903.2394459920164,620.1033439170308,791.7791699713467,1000.0,1000.0,polyester
0.0,0.0,0.0,95.61151301413784,96.84737077937771,0.0,denim
306.85530895773195,273.2525577831346,246.4214634698517,226.87034682397362,456.4051789371599,168.54955806251093,cotton
319.4504716661246,310.38732205968347,239.98516016669996,360.42800720325346,441.9359957207178,591.8352057792254,cotton
426.88931716673585,169.74805861392088,708.1704258105393,595.3816786619383,371.6834891955271,676.7439044904477,cotton
0.0,22.370711324838922,76.01862418812382,197.23916088134263,0.0,117.85749577862853,denim
360.32455467882914,390.3856082817927,201.06953470407265,511.47988290851964,153.3189662404574,227.8378496788594,cotton
375.4977634810845,283.89668117438293,477.59479481145195,145.9355296471445,41.66762420838057,236.556159222102,cotton
931.4094114765408,1000.0,912.6827703776897,1000.0,1000.0,1000.0,polyester
0.0,138.2913956521188,144.23283074705705,0.0,152.57028020713489,91.24824669980126,denim
231.16866476601353,456.2000855805795,0.0,220.91955685708803,65.3308984882259,0.0,denim
245.2309740774145,227.0325223431728,10.80449988620822,0.0,542.0258746991937,93.63143183073183,cotton
419.9941645030945,626.4981888369576,581.3986073018723,598.9284911199032,499.3747346634354,1000.0,polyester
90.0891314683622,0.0,423.1765194830792,122.72000649047003,42.923176240133856,0.0,denim
138.22205643153438,242.61131872047307,180.91872834248647,0.0,405.40410855989296,108.02863148125115,denim
899.5061360505089,755.8182034520645,887.1152003353629,875.9994367963835,952.2590950862352,1000.0,polyester
816.7297729330269,732.9207943660597,639.2890736050635,815.7801106283882,1000.0,1000.0,polyester
682.531219285749,837.157865158448,820.0983658931083,863.2499788697984,916.3498011353162,585.4364311289676,polyester
312.8754427287081,267.4863301716942,0.0,0.0,291.9998256482505,0.0,denim
1000.0,1000.0,755.8947191776676,966.4793369427624,1000.0,1000.0,polyester
186.76414910398415,614.7096880321919,514.0899098199131,603.627053416661,706.0350558979321,581.081096475154,polyester
668.412980806882,844.6021415102972,1000.0,1000.0,797.2702603878411,902.2279893252992,polyester
56.418554172444914,52.73717919339363,367.65010645999206,182.95034709316872,14.31199416795761,100.20367544935002,denim
471.2264966596145,799.596828831886,660.8037950177071,426.7119871157231,660.0057700232711,830.1231645883836,polyester
584.418527698493,856.3397482053539,443.4001676730443,857.2235427732503,702.0274831678703,773.5453556159039,polyester
361.1214421441723,263.5156292657082,0.0,134.08655450007512,249.70821623439522,6.366817267238105,cotton
0.0,353.2179474993898,83.32460307375368,100.58539152510983,334.2779421591548,2.848889661786025,denim
144.12513366168133,202.82835590068623,102.26069508038324,0.0,159.84370237810901,159.64257695984438,denim
403.97814712987,533.9223486542783,702.7471655115343,720.5925571221793,1000.0,829.0679217459297,polyester
289.57310242861547,526.6071048416986,599.1346226618463,885.7509995852666,141.8104656620671,424.55818786109626,cotton
820.9696459336487,888.5007832345832,607.5034768498638,697.7683331687131,596.1358003687011,550.9031795951952,polyester
298.1316084015076,697.0241800985507,516.3622094788857,383.1389690962436,418.9539241500621,536.2804677652614,cotton
183.90339891237332,286.64990702278646,0.0,34.080157879914445,314.9717198712162,0.0,denim
583.6784775723447,963.4184866215081,992.5197369564571,691.4334704178569,931.4253290262529,1000.0,polyester
341.6753855972589,32.29299999970769,0.0,306.5571177601651,0.0,72.10226958633048,denim
180.13271641169757,165.58148151496968,161.23436068836423,148.69526904682675,22.983518973066218,0.0,denim
354.40053556576726,648.1239746654475,502.9917310407568,292.23531657844575,287.22010679639334,323.26876226926163,cotton
205.18832407845917,154.13969705906584,109.47865206231494,0.0,0.0,0.0,denim
524.1872116610023,795.9368784428771,943.485186332796,836.5842281547057,1000.0,643.0626585393857,polyester
245.33521253863802,82.08548255643042,0.0,219.85601249609465,0.0,147.413089497707,denim
79.20075743332569,41.91444617069632,0.0,0.0,127.82508220375374,0.0,denim
673.0040307788628,831.7967699285537,761.0909673292476,1000.0,930.5629617428502,1000.0,polyester
525.9093084244345,602.6113050679315,429.34973904076014,565.6146238736675,647.6246708132267,754.6509559059908,polyester
115.61877548688018,459.1826509562191,170.2818081497669,89.66783194804052,113.81972330478209,441.49988658639836,cotton
181.71098944762807,50.27561782394312,26.81238299283168,0.0,13.089880423973895,99.92195002518221,denim
682.2455463592556,648.197470011661,952.4946927839629,988.2965364181771,755.2638784371455,1000.0,polyester
281.1748143798623,86.18328923974445,251.608728695018,9.290103350050515,492.4855748317106,518.4487812441353,cotton
382.5190516280426,523.2853246843491,617.6213583064375,355.548598391827,665.8646136767608,581.0493569712701,cotton
915.7407294986198,1000.0,964.1781798733657,1000.0,747.8041495586243,1000.0,polyester
56.70700769285095,322.605762372595,18.61839270234303,99.76794568869988,257.63239582660356,0.0,denim
375.4924685094261,94.17333369519639,90.72898999687224,0.0,121.06163647038079,0.0,denim
492.52966273199064,739.894283809601,870.4921180098156,940.159485374165,723.9129554215085,1000.0,polyester
355.71986124356476,174.82761508786658,409.33610865644107,394.1411928477619,272.29617873412366,358.4790788247473,cotton
947.8254836324269,877.6232977651507,821.6828845508087,820.2806925274502,1000.0,989.2205555045608,polyester
67.08267588504263,239.00696660180793,0.0,119.18668486804063,242.87109178272834,144.9309496293355,cotton
366.8223729600414,89.10165971776328,0.0,0.0,128.60097223016217,333.8752703972913,denim
316.7563036066739,221.67853617185102,167.89135727541927,283.1490415015652,93.54073198363923,221.49309115347364,cotton
236.2551465519475,165.50889633182214,0.0,0.0,410.92814326987406,0.0,denim
190.28695813487212,159.24584722094443,499.3998588419106,445.9429990879469,0.0,160.64486039746694,cotton
344.9364700843019,358.0954145636377,532.3306152349802,735.95356521445,579.1598037427245,799.7430181502893,cotton
154.76716438452408,450.2169872028265,122.36712153520382,185.92439457229648,301.79726802346255,52.78194177960282,cotton
249.89031404089425,605.3131740532662,54.95138996123663,298.07530489842094,362.77481416283985,133.88099557642732,cotton
280.1392834600937,0.0,230.00480185644324,263.61023647297736,0.0,547.7434465988961,denim
96.13172629755076,0.0,0.0,367.9901977179191,240.27672592922414,211.64982523489763,denim
0.0,0.0,0.0,313.23564970124147,47.18606008348015,0.0,denim
499.63238372235844,409.78693608872805,337.4394525766332,194.55610544716518,311.4515015885157,353.2359639646304,cotton
212.55339894060575,203.02498073107216,105.70818141457272,34.98923745381847,0.0,0.0,denim
811.338307336832,846.5374905018684,882.9045289473146,956.1200033474963,802.7268197122044,895.8076485516326,polyester
928.311897230697,993.7040348805224,1000.0,864.4049411698987,728.1121546736042,1000.0,polyester
351.1142336274361,504.4342909347309,618.0534244125076,762.9267755827414,801.8988228707213,800.6039229754355,cotton
0.0,0.0,94.09153344549414,355.2849062434177,262.7221738904172,0.0,denim
575.193398824824,686.7591329562741,874.9494910549246,541.3958290589186,1000.0,614.0159170882644,polyester
0.0,85.27776985882666,0.0,47.742704356334244,367.78931326696437,44.02693775768934,denim
218.71435293673144,0.0,0.0,106.0228269074292,185.20443053216724,758.0568104029644,cotton
367.42375556871286,225.63911528757063,329.37581729378576,428.0447497145941,346.6271610636953,659.6904731108352,cotton
25.198566065448254,0.0,0.0,44.496918976512795,0.0,123.4882531211344,denim
206.34799162240142,776.5191881638207,589.1248354295043,902.1300169043933,602.8131975053494,480.9965143140819,polyester
229.57758378574732,458.93854961744034,308.4333637924923,336.24723980849967,818.4038215917424,156.70083693044944,cotton
511.50164554214075,488.21194910610114,347.2456902085104,18.237859753389614,333.716744433602,507.5000695518133,cotton
0.0,0.0,169.4396363552801,0.0,28.790924671152077,37.590623972318056,denim
731.6131967827587,544.8869363981105,1000.0,621.3740293549091,653.5054793677675,723.8582956320852,polyester
549.3867804382102,787.06199664118,412.03601139914514,679.1953510816622,904.5973778672663,724.529188598856,polyester
567.0280120220174,0.0,232.06482434664596,480.5816313402738,688.3338854497443,362.7908041775521,cotton
652.5157848732912,997.7594725727953,738.5786653265401,708.3913552104706,586.5438569601706,827.2341373357353,polyester
155.95945962752677,0.0,194.33783727227026,0.0,0.0,306.3996861199963,denim
507.2687024774949,319.00792992667766,183.61382228534148,70.04578250589944,494.52676071085176,96.59669546555475,cotton
609.5448697123236,284.48173029980876,344.2201525967356,315.7890165192986,642.3592013073817,498.40791003261273,cotton
744.4237926818906,1000.0,1000.0,844.8593338260046,955.8274530545128,993.0942392327021,polyester
596.5039558409785,1000.0,996.3684077549127,753.4317622475896,1000.0,1000.0,polyester
561.1323188593578,351.71099911353195,656.2543461368725,806.2854129785039,571.7732856823578,667.0512575596018,polyester
453.9238273348357,524.4788438466359,338.06116953335,317.9113915969526,679.7465696369386,719.66912169635,cotton
167.71150772441138,0.0,256.5549218833414,169.0390927469938,224.293606728096,147.4471832055104,cotton
654.9488369010852,781.6913341862257,623.948311953765,658.8162962668,872.2426745005437,767.2686092744622,polyester
1000.0,841.5611988508014,769.2656946960433,1000.0,593.467651582368,1000.0,polyester
181.31430922799854,226.7387206797176,156.00695000599433,218.86262698495653,214.34564298046362,104.27565401707713,cotton
374.3440813615709,0.0,215.2149521612086,219.74610229271204,168.84035595765602,174.24825561260803,denim
917.5482879222003,958.5713037168596,877.2267726769569,811.5726386720376,989.214854688531,1000.0,polyester
631.8709676669337,215.84739886182638,614.4976024298405,477.71864159703046,732.6262664784308,602.2179661072541,cotton
148.15371122357445,276.6263811594115,283.3357092194065,0.0,264.6789774363327,29.069537723635616,denim
216.3795669430644,18.97621820977856,143.37283512725338,0.0,0.0,417.57279340162836,denim
23.065985816981637,0.0,0.0,62.5888768282528,204.8524273930733,56.28237985425041,denim
718.1141225452177,1000.0,1000.0,1000.0,830.9494065419213,1000.0,polyester
917.946857496197,878.5255555874938,950.870172173777,828.7725661183165,1000.0,940.5300397857482,polyester
523.8667321649255,702.3341911890552,861.2289910356384,460.0234884049985,623.5203872619038,571.9020131991093,cotton
101.72885044485129,279.4218522390039,122.49750389796193,0.0,0.0,258.2279400040966,denim
0.0,0.0,189.66005454327205,0.0,194.45212225461069,0.11862752050900127,denim
196.1457540156149,398.0876967395456,485.22960499970304,327.9414371718126,394.85896531441307,129.93846427220313,cotton
723.1977567950066,942.6198840764703,910.327200357471,925.3342303329405,901.1071274678513,1000.0,polyester
0.0,291.21759743370876,18.090072596918418,0.0,170.81414077388158,0.0,denim
538.546890355063,695.8762138627741,630.9151612279553,640.8104986418643,507.53577066168316,854.8113735071483,polyester
228.2337834413752,93.89494498446079,146.93071233305858,0.0,0.0,50.82379473914905,denim
927.6307511706871,862.4023399398078,1000.0,897.6497349346524,1000.0,1000.0,polyester
59.080830746112724,395.8378819016933,489.3911585232233,532.2916421597673,500.8412866236795,339.5977900786754,cotton
594.313872493166,797.6873334392222,648.5881825607332,558.8353010032966,566.1908453259582,711.9096327169555,polyester
608.004226019664,612.913549874228,587.6911539747613,611.6395901859504,928.0175543247781,798.0190702297721,polyester
1000.0,764.818061413458,660.6220351182778,945.5038606033154,787.8049591137994,717.1922801880877,polyester
0.0,10.631251513481033,348.37524025833784,0.0,0.0,271.7643558622234,denim
702.8486462453839,757.0853206328941,726.1510717897428,914.4109922276308,470.3275923158431,708.2317915773413,polyester
340.284142100178,0.0,220.25127338866804,0.0,220.99577105749415,239.94565593508577,denim
920.1317942146046,732.1802492925822,911.3763387029798,1000.0,769.4609971302608,1000.0,polyester
650.2542592489115,841.5424040263222,659.7440492394377,805.2466372740006,487.96190668372094,674.739542445791,polyester
85.22881975693139,8.961417124645493,33.13266821327616,68.23618390494188,147.59923243958912,109.13019370355823,denim
675.2641323154398,758.3465353101069,554.3490361688762,879.7169607727965,962.427469851549,796.544125264655,polyester
205.85082041662542,0.0,0.0,40.075686573326635,0.0,6.52659313110567,denim
0.0,199.52429694933704,374.7979257982697,0.0,240.0261551839499,117.41071665044791,denim
881.393408393265,859.9462171612041,973.3806811478584,1000.0,1000.0,1000.0,polyester
0.0,19.89256741001401,244.7975869092977,357.3322014074145,309.78749713756724,0.0,denim
430.84003706912716,432.5383673265482,662.0466958428002,342.06886267258983,687.4161064457271,573.3109399330023,cotton
229.36605932417757,143.78975334491236,172.30042229531966,230.9479836829222,319.5179161062791,0.0,cotton
11.220073062783399,0.0,158.94656375006826,250.0737845125513,0.0,0.0,denim
65.53012739196647,230.83858008550612,62.50478380338227,69.47119666087164,53.86306039193572,146.44157802426184,denim
652.3176609476217,893.1447012803237,585.6294578102209,988.9513609716352,970.5273566902033,909.6688100428314,polyester
677.7524409775004,760.828963635197,803.6358246693517,964.3493035439313,785.8455323736803,849.1830721855606,polyester
691.7938117731936,707.6203799453881,973.8818860123444,772.5575697568407,796.8813390074606,990.6295039576223,polyester
0.0,0.0,0.0,147.1894726204879,0.0,0.0,denim
685.7834385495314,750.8628639991998,685.5109443901192,839.2822286775732,825.6205230659327,676.3268049568017,polyester
0.0,315.89038717507106,40.763759438710835,0.0,72.74875491490873,0.0,denim
676.1664842801813,746.0308147118412,983.689157651115,653.6473227018201,596.1802590289137,488.7447532848678,polyester
678.0627938642763,731.4197643912316,590.7747536425006,893.321432548772,1000.0,1000.0,polyester
704.7903609709408,920.5638214016017,1000.0,1000.0,751.6464793226493,925.3371989192473,polyester
268.9065526331028,381.5231230943546,393.49476091697477,599.898209526731,354.0728082605599,660.1711834356897,cotton
901.8057227567208,1000.0,713.5823073450946,993.838482973206,1000.0,923.5434144535634,polyester
244.4120845204828,302.5660194726611,186.68320749950826,315.0671456228796,423.526508055482,338.4386913987453,cotton
795.5778294139544,482.6564522124375,1000.0,1000.0,860.7669921715873,977.8389188920163,polyester
610.9574143443024,665.3653713675666,793.8522242726774,674.6449867413949,771.9734913258447,710.7342382198442,polyester
387.631567439444,572.8832681426659,744.3213512279617,824.2866835392038,661.0232604398257,906.5219871458977,polyester
192.56802540902487,0.0,393.8402517274177,318.28781545468274,214.87426234999623,191.54717840534698,cotton
1000.0,764.3237498542878,1000.0,636.680986005721,907.249036004526,782.7051274198391,polyester
787.34745458447,797.4809126224445,994.7738991975497,790.2711225448171,1000.0,1000.0,polyester
79.71838265856465,0.0,0.0,0.0,101.15616631266171,322.17183772769675,denim
185.73550378044825,199.21620084835126,161.29323124121743,246.07750473277878,105.44722269479085,358.42365334140027,denim
863.8808764305106,885.7581647788593,876.6528376759225,1000.0,603.7949602839926,789.5358224644942,polyester
552.4483489586588,880.9863356118043,726.2824949814377,512.7836626355543,1000.0,791.1335388749103,polyester
0.0,0.0,0.0,331.3854599539703,144.37198831531026,0.0,denim
665.9381351254068,473.4228840407635,349.4720272333044,690.5210088145008,839.5308709673704,652.5427759179723,polyester
708.6986297073126,1000.0,946.6155605720969,1000.0,877.4656098334024,880.0678220252576,polyester
291.59658738072346,0.0,127.35851747852595,169.78053465324052,222.1226284753329,0.0,denim
137.72125553622277,362.1725390734547,42.343484500196325,467.2841028491885,19.39643562096046,0.8613163494725313,cotton
526.3517739193263,742.0584111016465,928.8516149735273,964.4697764678712,768.4668694326971,1000.0,polyester
7.474455487505878,180.6699361523731,243.64948832277724,0.0,190.10587982845647,0.0,cotton
0.0,0.0,284.47080080849224,55.31303006788022,0.0,37.423959549869366,denim
62.05704970753363,55.54311648102964,133.43926512681003,160.86671836316532,0.0,0.0,denim
172.94039293515672,304.4548796679305,67.8461430910778,213.49904595441598,304.253719768428,418.0966306070011,cotton
306.8841621026114,203.3649701355818,493.4114008282804,544.7125139775311,162.59852248066943,687.4319361967325,cotton
746.6222965426884,666.2008123987341,755.4101839695411,655.2677417182579,649.0229119967032,863.6577539385694,polyester
541.0194106310989,420.16446907926866,363.0220172837829,371.9428735476567,200.74154296061357,453.6120702314992,cotton
531.8369672436313,519.0687729843874,390.35294046849214,499.11627471801455,977.9060750134036,456.34403773508495,polyester
0.0,330.3603092368973,244.12765905201317,175.6954604383945,293.415470932635,131.22777521781975,cotton
279.3375474908502,0.0,73.39136468647553,274.6048890864734,270.46159902726424,316.4187989333092,cotton
740.9656857382698,801.0814550442585,1000.0,513.0260409219253,957.3888878202454,536.5345089746112,polyester
653.7599082703424,863.9362057040942,616.7302948811789,501.5695782728135,807.9009322360339,1000.0,polyester
760.4679015534281,786.2143574238756,904.7401482836667,287.3691918384763,868.7057682660902,652.1496671040346,polyester
223.2076912565952,470.6769655358657,131.2827416679961,373.81050427720305,232.22609650123633,604.4392686397598,cotton
353.0137024694228,32.33808891849527,93.48776363513711,243.0541223670566,264.9996726872197,0.0,denim
650.4452383203375,655.7521248929655,1000.0,741.8012373519513,1000.0,815.9198964821575,polyester
301.0847677529278,167.43950984369533,94.04940915723594,359.1241431102882,243.86545442450165,0.0,cotton
0.0,180.57689128660195,42.46914271400042,544.4082718907767,39.22246413234514,240.24490316215974,denim
63.294042010910545,87.6459641760585,167.89733306921852,470.874992920822,0.0,244.19353817625222,cotton
571.830095267296,513.0908411884357,329.94739270208714,467.7894999942431,263.62477661522365,595.5941971898804,cotton
329.83913812568665,710.3325277601292,460.33969769209267,588.3731378918523,561.5854778808604,521.9027719852056,cotton
861.6784641621845,710.4666173009375,579.2925009776799,653.2830217285674,1000.0,1000.0,polyester
774.9268462098447,578.487320079687,781.7065606659773,591.7243246267867,963.7777533245991,827.6109253155499,polyester
74.70706051523894,0.0,153.6608260925051,63.11407733643303,31.13907854722282,8.287501042367538,denim
288.896828743186,212.53444229798072,42.82324877362229,122.52481531774268,397.67830497959466,44.627452507416876,denim
81.04502920658842,84.06928931975168,0.0,257.30501042206936,234.2175347742152,135.04242845423317,denim
544.2919719288748,953.0866058538505,963.4836326500006,737.3616457802488,811.6945917218428,1000.0,polyester
672.5669386500964,741.7690627844738,911.2394947991991,811.1278385940531,1000.0,1000.0,polyester
459.3428245353889,544.1571719048859,280.3000665492954,503.8594879797892,317.546826104264,832.9687697015988,cotton
445.1692050258922,390.518318842525,253.8328297714836,451.17984978218897,255.86481496387566,220.8228042589954,cotton
0.0,0.0,0.0,59.74070172487057,0.0,41.377649780487204,denim
521.8507487948234,577.8266178073848,724.462081447784,587.9422920308374,589.3664685174077,678.2268523535163,polyester
0.0,0.0,111.3189270873655,106.11400627347533,0.0,280.34643966426825,denim
323.9907058855055,706.4630695506604,559.2465486139394,498.57494634671286,624.8893082697109,470.7926448219028,cotton
369.01230329638673,614.6274498241271,613.8259370573782,636.9185541089605,725.5613715912802,785.6125579923671,polyester
4.679342965880295,182.81211601036125,0.0,176.9348154718155,71.45825793802447,0.0,denim
84.40930706507685,116.4579062247011,359.15409813692247,393.1112411440824,245.62461269511115,0.0,cotton
475.41151519204783,236.9495169818376,337.97437167459447,561.6298207830355,75.47045412520606,876.6832812918517,cotton
959.1389170355394,965.4738676954787,1000.0,829.5470950020637,741.9509173213094,1000.0,polyester
161.7187307853141,355.1786937840911,0.0,239.7553694344144,170.87311213393593,72.48291785592022,cotton
28.588959967001713,0.0,0.0,0.0,0.0,93.45543549918767,denim
208.4245017483936,79.357174102339,384.26716045809894,248.54283762843718,209.42152353348166,84.0502747572977,cotton
259.87317200912526,427.4618715485539,313.4899008359721,296.71340848282114,722.0244328844828,450.89005370772827,cotton
0.0,178.24513900319212,218.25774416539878,280.1702279603387,67.0552187616659,0.0,denim
259.0707811636755,662.6173189027335,94.88540142874575,602.0151852696747,288.33712237386874,393.45161059651804,cotton
21.664734247280705,142.98310609278087,3.182892985653311,262.983918238092,0.0,0.0,denim
387.2599207082207,683.5484956671959,605.6648139783938,872.3682995845355,972.2692363861333,991.7576842700302,polyester
390.6319686673925,500.42595972133205,708.5533547296338,415.8660477112608,749.2939612071985,579.5375884321635,cotton
190.73784016950611,0.0,0.0,0.0,163.30883197782867,166.62359067301435,denim
163.9089806722263,279.85686241648034,549.0788169915137,762.893020781119,228.24341313343103,526.4777592114315,cotton
203.46506199800723,54.7664095509532,395.7998309538913,212.17284313961983,313.54456079295386,417.9570694179348,cotton
47.05376992430001,0.0,0.0,0.0,98.86526264745918,0.0,denim
153.13342338806365,199.05539617093476,12.95908771606694,245.0625290049362,73.51767389212877,0.0,denim
693.6764795438497,784.3363544512252,828.4610186868262,829.7964838958346,692.3821189377703,962.7273026778494,polyester
0.0,203.2113437458152,0.0,474.625246704839,173.47626594660483,200.71043452658756,cotton
0.0,0.0,42.821758706879436,123.68145729769982,0.0,47.12417444382062,denim
74.54102180446856,358.80837563807574,264.921878059916,59.18624539773561,0.0,17.45727989168732,denim
534.7663680805175,288.53102619052584,527.2792892853556,734.579009325584,746.9959394366479,745.7889576748738,cotton
0.0,499.501489611613,194.8233054800197,0.0,385.55844091386666,486.8123756895704,cotton
151.10579326545167,0.0,102.33503103138796,0.0,16.972308854448556,0.0,denim
907.2449159511633,744.7855307611153,939.3508999848616,821.5678141742517,988.956745684853,689.0013866178692,polyester
86.09239093564328,0.0,208.71895227153703,0.0,138.99468456593573,0.0,denim
200.82965645568464,143.2775647379018,5.210522351765945,233.6911510520713,491.0179988499035,0.0,denim
15.930827527919234,0.0,316.47179395672936,0.0,190.78298688613035,211.39098309671968,denim
174.2794015149546,49.13293122324933,431.90087297833986,385.4429537165453,390.6052236733413,432.3548694029877,cotton
0.0,0.0,193.56364108453388,148.7566915845909,84.8908654996499,0.0,denim
222.48813860962878,721.6457709370793,535.4023680038529,796.7490915813837,649.6922492721455,511.0042150310533,polyester
313.657638382475,302.60175844306775,65.0159130530019,158.423608253385,481.34037080270383,0.0,cotton
689.0025444710441,1000.0,860.4615433075429,806.3072567929572,1000.0,982.8945391261695,polyester
302.3497024493122,299.17472469995766,441.6057996482424,466.92440510699265,340.1580604734064,492.22407769985676,cotton
197.3161358522545,446.32304238547033,175.99093792781156,626.8014699284183,593.8629127827307,681.2497758139878,cotton
0.0,0.0,130.8142569543016,41.04672317448187,188.3762621685672,149.91447426703246,denim
616.4758871809832,519.1005035890499,808.3699075294485,556.1786955877556,395.23509999426955,815.5298623567248,polyester
544.1646042535082,621.6753376090668,773.3991114720731,590.7005951014587,541.8991351725001,570.730768847318,polyester
614.1161787672714,663.9472332851523,463.47908082262313,641.5192970722086,795.3805499763964,605.5542465760572,polyester
184.56234437904084,256.3086898901744,0.0,0.0,0.0,240.21108153279602,denim
236.7547847137336,348.9650216651297,270.55301824656675,234.02750419055036,0.0,166.7138897895266,cotton
108.45600564502546,0.0,53.045482809613425,40.16660748809359,25.97755058941774,0.0,denim
583.5885316544056,556.5432043842486,502.4592922162001,394.64259897984726,571.5392098050417,642.1122354876759,cotton
0.0,110.62610861155507,197.56280460526884,147.6756333123282,172.1947642385723,0.0,denim
95.18567765237992,49.44402442575921,247.9461233645349,171.99281489250518,327.8860892416736,242.49177080895285,denim
520.7995240120376,294.82429071101285,249.29016101648142,783.1927195217105,495.53507344194963,504.20615229461595,cotton
367.2593486724019,127.20701181982936,259.4020325886756,359.83519700949995,197.37558164337264,212.49052680780312,cotton
0.0,351.2262796120819,25.480144865758575,331.6882095348898,0.0,293.3857050627434,denim
146.08303255006885,245.90119836485417,208.13118820770674,98.96543282813968,180.66973490831077,32.440388281968666,cotton
1000.0,1000.0,1000.0,689.8511749904358,1000.0,1000.0,polyester
579.2122515283077,565.2117036767474,762.8447873928011,630.9110856076605,792.6626057764672,559.8958120599792,polyester
898.1943271512625,1000.0,1000.0,1000.0,1000.0,1000.0,polyester
34.5763489796437,267.8227398360276,123.7093542908917,158.41407486349425,154.12296592731613,74.44039879180434,denim
323.4842260190934,295.7586972630025,421.4534439642009,661.0933676741299,713.5381895257357,445.77850246561735,cotton
133.0839283282244,43.872215058983876,42.32327896106635,0.0,74.10533824347854,0.0,denim
40.05257128540416,43.95089086017637,0.0,268.6118273236696,281.9735655164238,0.0,denim
74.89699079788511,80.03942103773468,268.48388281516355,107.2779199538964,0.0,0.0,denim
609.5526968557809,478.9690823816575,649.2354051331404,419.85044609880276,653.2843042395434,1000.0,polyester
296.9603461293676,474.84249726711886,533.0146772800922,579.950725603338,410.80931747019287,428.0321722054784,cotton
601.1497637798516,758.5739207802721,754.3795143024396,650.7876927665347,827.8494154121054,829.0622776977223,polyester
1000.0,549.0876542653289,525.2706559524127,798.0792471405861,601.6128004788723,1000.0,polyester
0.0,36.87780585388782,74.68471639767597,395.2967312308083,186.2934509471126,319.5266429834305,cotton
161.81493684580184,21.70329681192075,337.31676058239225,139.42104391616368,0.0,53.91147649374683,denim
278.4873818584385,348.6079754531937,483.60030712781884,234.5515873637871,592.318788816603,550.1847450260152,cotton
695.0262910422788,1000.0,696.8463868080364,752.405648104308,1000.0,1000.0,polyester
752.4120812602239,982.764280376415,837.5023497235969,622.0367119960583,1000.0,907.8552188417809,polyester
932.8523275107146,1000.0,1000.0,1000.0,1000.0,723.1290126912604,polyester
285.64419434600694,76.25268210033877,248.70255802419678,300.7308854100749,218.00950079064626,0.0,denim
729.6355964182866,709.2322526509928,535.5148139170695,504.8161354019543,889.9380447698227,1000.0,polyester
341.5236230247719,0.0,475.13823520067774,116.78304073542819,342.7677950541069,0.0,cotton
0.0,328.1589345813357,371.1574827535479,91.88431899675336,370.5218679207905,299.56606232134,cotton
617.2316359044135,493.7558707227001,437.57046221281377,401.75200214906204,404.7183295723567,506.98673610787006,cotton
794.5806131480626,1000.0,647.2825686043082,1000.0,959.8499536480631,1000.0,polyester
228.72133109848681,42.880263169718035,219.68500279792414,0.0,66.38056410693459,0.0,denim
218.15224892826004,407.89380266791125,525.5695192988459,585.3274004714474,463.95033576624587,601.3159559123291,cotton
0.0,107.74769202701683,0.0,216.34407288597146,0.0,102.35860886724784,denim
392.4762263690546,542.5288194944247,398.6171353802791,651.3243365362156,268.994431117714,1000.0,cotton
933.2983196962604,773.5263816930388,1000.0,817.1629935635941,1000.0,1000.0,polyester
958.1646141351181,945.9428782464577,968.6807224519881,1000.0,1000.0,1000.0,polyester
228.0087364994973,83.2057062816631,0.0,291.6312033773845,49.417380207515514,0.0,denim
152.05700101476145,254.30179069413424,294.82257388326775,735.9533019513308,964.8090510564361,699.4898438027119,cotton
521.1359335192751,121.86175126880352,734.520885492469,456.83606952424043,359.7752282077974,582.9134510715916,cotton
673.3593366305884,831.1567209142206,914.5519019876937,778.8137295488418,973.1624006237915,947.302350996379,polyester
351.320569851994,626.0705847794934,671.6451917467318,314.22227830729753,723.0747773657795,573.932923832287,cotton
0.0,329.7697457106143,120.86166300359571,0.0,238.07444481644458,349.9086716412878,denim
756.9231208761798,752.4490625424289,905.1221538007832,737.596943032462,927.8105971137231,836.0573265093132,polyester
346.0723282786553,976.0800578579806,648.0509417101504,920.2368035718847,916.7667841610863,625.066112990424,polyester
192.22892808854448,90.12334569751776,127.58124374600219,304.68112049049404,88.38031234080601,0.0,denim
0.0,227.46863056408625,115.82103687666331,0.0,340.15468861057366,197.5688783835054,denim
103.13845352548904,29.694728367865267,275.60560678131714,60.64756104804874,287.02704951310415,133.184878856847,denim
91.69553057907376,0.0,142.71762171934125,64.00846775119236,0.0,0.0,denim
246.9448414406619,0.0,0.0,0.0,126.48846525210836,152.7347430011801,denim
723.4636766641955,553.825779407915,875.634425496904,1000.0,588.026235982969,680.7742578625794,polyester
101.86470007679856,400.8063255480067,0.0,300.14255956953207,518.4300897161236,355.92382580913153,cotton
721.5021819648499,881.6027705442282,627.0332382782187,1000.0,1000.0,857.6450067578726,polyester
999.5546157129561,825.1534788573965,1000.0,1000.0,1000.0,949.8561839905421,polyester
784.2119167917716,570.7455765869047,746.1138296326383,835.4905536546031,846.7026644377133,762.3461426017724,polyester
30.547568206270903,44.156008720160486,34.04949378640018,175.8443900252496,0.0,324.11497790559747,denim
161.61467603884915,477.9749111799705,363.2678347592039,109.7796943610144,709.9646992774922,345.9728768343622,cotton
391.13070842148824,847.4206647944275,904.8778651712992,830.8357499733223,671.3400536430355,950.2447956786491,polyester
136.54597747979673,0.0,152.0097081793043,102.1022396825658,0.0,561.6332745988694,denim
0.0,61.911751212940395,394.94091493348117,19.97326237344106,261.62882789311885,73.22517687914566,denim
835.2833440938984,580.521831687152,830.045756573461,919.582891679979,1000.0,1000.0,polyester
205.17222134490004,342.8013000533168,258.3525638589475,284.7699506742476,204.67974948884608,129.21137490785787,cotton
432.7954638123113,149.42327875485694,130.97226362216517,273.03515421156226,46.875658629406196,302.3823280183215,denim
252.56329074755715,342.04123850290205,261.5592945589244,312.07302136965774,548.8473917213848,404.1211977964193,cotton
357.8151428182974,417.0655477873685,584.0390026749741,675.4281695171871,294.08669458085024,494.19471637628544,cotton
775.8112387394303,502.6374040502336,301.9071788399673,627.2427228859798,520.8245699056199,818.704245082537,polyester
530.2777685407622,638.619801641442,333.7317428645635,365.2052167095492,793.4150247742974,615.7222303147686,cotton
595.6831913871065,783.4513708913443,791.4167527596479,732.0315283954615,810.9343935191781,726.0449471720963,polyester
111.8411587997511,176.03266867524223,0.0,0.0,0.0,0.0,denim
633.5523135969681,360.34139296859746,618.3312444199983,425.23315942098185,635.043169683876,903.6690336792144,polyester
232.19710996471196,203.76063002828246,521.0337237187998,347.7036110503948,436.0966826537997,205.3520787835459,cotton
269.363546778004,704.3878045244018,610.708650421359,783.5075649819079,148.61142595872826,260.8219950206839,cotton
753.3585464851503,945.3706755573362,717.8860131979615,579.5578917799139,933.5239519090902,965.6306140990482,polyester
0.0,0.0,38.86566712837251,0.0,499.82487066214264,54.60160772377338,denim
404.01901395365223,373.25208828814823,252.88815736041775,600.1480795414628,857.9816575757812,554.1368868499025,cotton
690.4987878546564,557.0557734931947,854.7428144637705,746.5382405165136,871.8147165704183,855.7223411574372,polyester
566.6170270460934,900.9205513531617,683.5023417070222,827.7100775158149,1000.0,807.7452678268154,polyester
0.0,118.19302590063066,0.0,32.66207989718425,276.0065562163166,0.0,denim
233.84585138810675,0.0,101.87892774675836,0.0,58.21712900145017,0.0,denim
969.7834224907912,850.3223548608754,946.1270265930622,887.6223691302913,1000.0,1000.0,polyester
643.3914757030866,395.9747743986336,987.7176856978441,547.3435057381458,1000.0,879.9576488241835,polyester
781.483500745195,709.8544519608022,871.7075694624725,644.5853159302046,734.3345939400164,795.644386798418,polyester
0.0,111.68642713912158,49.059702601323444,223.25202612553488,178.28067825364363,0.0,denim
620.181671906654,1000.0,1000.0,1000.0,1000.0,994.9316769177265,polyester
712.482459446368,656.8904615697513,846.5423848429008,1000.0,1000.0,1000.0,polyester
272.1331236569001,30.24679166409762,192.9677174510378,145.11012518389757,56.66502584735545,0.0,denim
289.36814285242684,546.5879639143416,360.972419298459,95.79907159686263,518.2300409232726,313.6244184848227,cotton
200.23135912840343,0.0,195.3770149724706,0.0,108.18645025833088,0.0,denim
292.23010919579696,421.7167383977605,194.19086999960936,662.3346903122531,670.0423561646992,625.0614424815042,cotton
840.3545990981307,872.054984631939,764.90443578635,1000.0,1000.0,662.0552568903812,polyester
580.4489216023553,847.8121643016459,491.3571790259141,918.9695074226394,757.7736420630304,740.8576461480709,polyester
219.18040909926503,69.9444482446014,0.0,40.31808074022614,0.0,177.68954278584914,denim
19.648914992155383,49.978726592113524,253.36311567339695,0.0,0.0,90.15219743075448,denim
0.0,193.21074028082364,0.0,47.8382094102325,93.3837507937896,0.0,denim
1.4430842092968703,21.27895776906564,341.9736109030879,239.49730809094518,143.27298842505144,328.3649108062253,cotton
653.5201715670445,739.0708926715307,1000.0,1000.0,1000.0,1000.0,polyester
724.2784368380542,806.9238833758352,952.7872212502305,955.8800615482852,1000.0,980.9832123473831,polyester
145.97175345939613,84.1815318686564,230.4327606934734,77.89125220034151,272.26736831876985,0.0,denim
460.18323466149604,691.7414783915806,752.2682183343773,677.409479036655,503.75422902156254,875.1932633043568,polyester
718.1848289318459,494.90679428131887,478.8438603560491,553.7798921809483,354.37764614878404,601.940981819904,cotton
0.0,4.769258862202179,213.87712782105802,184.29477233177704,267.0792696162773,52.19955228319516,denim
398.86070449425245,409.8135548554948,707.5263209508701,323.9890667280232,494.64697248855634,151.46562027122155,cotton
479.1049989526469,820.7790176105939,531.5549007379666,552.1935653589394,744.8635677469815,763.8813356652131,polyester
754.5636493221466,628.3411662534073,616.4971203244428,1000.0,1000.0,845.2883987801098,polyester
399.30966872130887,431.5605435529284,292.81656979785873,201.0872254393156,600.1296473296729,299.07402905122444,cotton
448.4202994415687,849.527322514004,1000.0,1000.0,682.4241074357051,955.2346370039129,polyester
110.44789579224192,78.1131665150182,262.93570347593175,0.0,305.82553220259285,0.0,denim
344.5108736977535,0.0,0.0,0.0,0.0,0.0,denim
130.51247954833937,415.43754179596493,0.0,397.0540715872961,539.7495290871343,401.7986027153835,cotton
226.1125490494595,87.60977487771659,114.11867693661412,237.57099442877734,20.831821432861915,302.77641475801323,cotton
888.6277241189314,956.6585340543886,947.3976680114695,651.3849279811983,1000.0,897.874475755676,polyester
166.6622778538804,107.22654916046064,218.39250815056835,300.981378372211,221.67361051920827,162.2365612410013,cotton
13.484395437829804,4.599501524295135,99.32416522123526,71.80703641605923,0.0,0.0,denim
0.0,268.2810383787667,0.0,41.65527700249116,184.15330789648857,27.894053641052743,denim
199.16525916211694,242.8384713216631,247.00182266443892,0.0,0.0,167.2452162676487,denim
79.71336646296245,105.71834579099135,138.75964686696693,45.28001022572393,7.525151849697984,0.0,denim
221.60671564510193,515.5325100840391,518.2113723028522,353.09612055141906,661.7277551434579,768.1483393049652,cotton
809.1371852340309,768.3625670687591,989.578537434925,1000.0,909.734796747515,1000.0,polyester
35.199459413380836,88.62058510031228,154.61077055958322,46.67207895214146,0.0,0.0,denim
130.22486726769625,108.66000968744983,307.4807926656713,183.2021779861411,392.33023821196593,291.0239573078267,cotton
190.50150576143562,226.95351206373522,0.0,0.5808866901328429,17.091436966470802,250.5500750992534,denim
0.0,0.0,133.20697498083396,329.3207932639154,0.0,110.4923659142473,denim
215.3413875381848,283.17927506710726,186.99701423163805,0.0,266.1185892683369,0.0,denim
0.0,40.265506534047326,262.3037355638277,136.95099116157695,0.0,58.8424669430623,denim
99.20223634523157,212.76044083605328,291.3922314026598,198.4596625582011,175.75274668934455,302.36093984103246,cotton
448.2837521571437,313.9609288535264,71.52444478709998,0.0,390.4048542705368,395.57554319808537,cotton
276.1983638763597,100.1748527914822,0.0,0.0,0.0,0.0,denim
385.86043613585315,347.4438748956727,361.4578028914875,512.9749490820232,772.02906811976,404.7414079674975,cotton
0.0,100.13112315657695,137.08564193803443,0.0,62.259620675446236,356.85843096465516,denim
637.7273111179885,879.1496655734147,829.1212410378159,1000.0,1000.0,941.6979724232935,polyester
107.71256000510712,0.0,0.0,362.9905803107259,204.2014241445206,327.59047040162164,denim
833.1488795775251,906.6294275317512,773.8081831918296,969.8166092382032,937.3757233440508,1000.0,polyester
178.43748324820245,204.2863871933986,0.0,0.0,167.58317864547908,177.03623467942472,cotton
398.6788618668119,547.6636413893352,0.0,351.184603832981,506.57012884031116,324.5881281298899,cotton
842.9448551240346,801.0094122963171,926.2211722755229,843.700227347418,1000.0,953.0762422739906,polyester
514.3037276204394,1000.0,1000.0,845.5953411296507,820.2509339294428,1000.0,polyester
303.9096644300351,384.0772411016016,722.5666975262768,486.15061348192296,274.3713960349114,733.2350328425647,cotton
186.18669645280232,35.97219419555312,0.0,114.08337687272856,302.81306523291784,436.1200473660472,denim
440.2727566910248,760.5201462362379,788.2991595762563,1000.0,694.8540851462462,810.3221227605621,polyester
96.72358038815011,0.0,0.0,93.74126042712169,130.857653306508,148.71629077309194,denim
772.8852869153958,784.4720955615089,795.6085975302939,811.6013726472448,953.0465862093642,874.2182907580972,polyester
397.76350348539586,335.92859344741873,258.325318487454,659.2226064338922,464.95101621821954,70.88063632281273,cotton
65.82470316453114,261.33366265451053,42.06349307561182,278.79164780485485,310.6163441694897,50.05481326361566,denim
387.8270789238335,199.66302245934665,192.16238922209698,270.3170374236591,236.25885224616545,65.0650039489478,cotton
262.3365174727878,138.7829621874053,270.8303287195293,197.6393244775682,193.31522337234287,382.42313267156453,cotton
0.0,270.16201479248605,171.75492118200907,186.0107201196559,14.359945227950604,0.0,denim
461.1499298035975,630.00191338545,375.31393179114366,427.9159130798183,406.411862987372,373.3586095273507,cotton
668.5428349378328,1000.0,956.777894131217,622.8359914010439,885.8834585605323,1000.0,polyester
16.228629609400485,0.0,0.0,158.01929546215933,0.0,128.3843986593041,denim
133.16887989010218,0.0,0.0,187.59167361012476,325.7486402309647,41.142303427107976,denim
595.2518627946041,924.3002372767617,513.280829547622,985.3985900316126,988.6955336938523,1000.0,polyester
881.6741231728452,796.0149159297297,967.1658127175033,688.9531305008773,815.5008902395695,1000.0,polyester
750.0763479745841,870.998085663359,947.3630384110483,1000.0,1000.0,879.0677831744829,polyester
824.9501448063595,1000.0,708.5297486879406,1000.0,729.7006670859126,1000.0,polyester
794.649821224802,1000.0,897.9772610859729,930.2092104100537,1000.0,1000.0,polyester
2.9390870066555266,15.808808136405787,0.0,80.3104020211509,282.40990454546096,34.64610662145157,denim
698.3408213172011,637.7137389043598,838.7445876828867,581.4937832033457,1000.0,656.1190055595661,polyester
447.5641096928059,531.9155618393343,329.4720339009668,482.64617565806816,649.3870006318315,482.8086734486053,cotton
429.7473955425371,35.04947221007336,330.89852885027597,361.58991944893245,330.633667154626,161.73494848556243,cotton
389.5909465116262,83.81846902700389,217.6245504622911,269.898780707029,270.1764239621158,0.0,denim
230.89893807952427,230.65295961175354,283.8467341596093,329.2000414175317,373.73024642172635,722.065070984928,cotton
209.51992906053576,68.98791110157242,244.66818584958384,216.17301588624494,190.85347202656584,353.8187843913028,cotton
704.0166188705757,825.0412632989338,984.7372741218901,930.8981310308832,989.0590981668577,902.0653544584902,polyester
0.0,166.8779038639956,107.42980959071284,0.0,305.41047210745535,0.0,denim
283.53500204692466,344.46413775992625,486.35450682370845,193.38196554171287,333.23153136699693,360.20843836708366,cotton
237.4515737828378,305.99106726032613,231.89914032532147,481.4020247047308,322.9438072790998,488.47215876936934,cotton
0.0,93.17421616112843,149.95598889792353,145.0968227816408,98.41220244187716,222.04251941437656,denim
631.4853069988505,421.7633904192543,596.6398750665679,677.0072826555198,866.1809199660241,645.930588826001,polyester
0.0,157.79932944606458,121.20633538020476,44.35528872599452,0.0,214.141632443004,denim
225.40102376904974,265.39829550641383,220.5091720786372,150.26862518456826,177.451268742465,91.04343189012774,denim
579.3229737710336,852.6330882685417,980.5856630419,1000.0,1000.0,1000.0,polyester
1000.0,669.1262387981914,702.2293730291807,617.0939295671509,958.002121124347,976.6177110588275,polyester
122.40863496058887,259.1944913909811,322.98138525864204,37.43432704315262,302.77721498272973,414.36181724885853,cotton
744.603776549377,508.3706067630562,872.4557663505761,801.0599500210251,881.206260118879,742.2569346781387,polyester
191.57028291574815,473.42645882573385,660.263522760251,750.9885329382687,772.7403162777223,311.0871868636077,cotton
904.9608051698387,1000.0,795.1688585310989,599.4472594205286,877.0208417503268,845.7677145734082,polyester
939.1127134363873,849.0721330718392,863.0940031936229,1000.0,1000.0,1000.0,polyester
239.50159003202185,195.73200743291318,377.06837865892345,438.1778173800977,602.3872890058598,513.6966336544406,cotton
472.2222322503641,773.6422214973488,648.0338297760834,399.2003424171823,950.648689404027,881.3468450071085,polyester
396.08235387234834,643.1406772097912,219.72983723630853,523.8496841805409,314.27057435941947,809.4068549125478,cotton
451.1242929260318,810.8597717402629,788.6457872337168,878.3274199538164,532.4876207368065,761.9593276414568,polyester
391.8470662548767,0.0,192.01778613375427,194.6031372264154,193.98777582826827,166.26735514783437,cotton
215.40164753219312,152.160380800553,0.0,0.0,182.66159802502708,1.663966594388775,denim
678.7989578351869,1000.0,806.0563319220254,631.5589339827795,832.1662722613936,696.1615727958656,polyester
0.0,188.19542598462417,298.2261037195758,4.176171363144022,418.41603455843864,246.2663214224097,denim
559.0087126656196,713.9006896578192,531.3806364991309,877.2187209235027,1000.0,442.13785153510776,polyester
200.84686270604794,166.446114852835,265.4300439025526,0.5330152924665583,25.971144388400496,0.0,denim
832.7013978515339,502.8716151120367,352.4502482761364,751.4008128853001,576.2223241613018,1000.0,polyester
891.2004645507074,1000.0,778.9618216450043,997.9120474047804,1000.0,944.8080536673134,polyester
475.75968434872703,710.0438581908563,1000.0,630.6835334600479,846.1475828083073,1000.0,polyester
128.31779913379123,107.16670551898974,34.28789208141192,0.0,0.0,436.55370295743353,denim
256.9953505533619,0.0,95.50367925979334,280.78272171320975,79.41985806842004,58.74342815839257,denim
0.0,0.0,192.8105918616095,33.371583209704184,0.0,263.6478835322658,denim
81.771656124966,303.62471661675994,0.0,0.0,0.0,458.55986686648663,denim
232.78803595272763,220.82120819480457,235.87244222047207,218.81959628219082,258.72338698184615,342.1718026281317,cotton
594.7850110469102,631.5735936082631,704.0406336211457,738.6824140031529,541.0284651284123,824.2222996608718,polyester
0.0,0.0,374.33315381455634,0.0,0.0,233.9843836807711,denim
56.57704937952215,0.0,0.0,143.32322340300541,0.0,274.11120495914645,denim
50.12743863057432,0.0,21.711725592916373,0.0,0.0,61.55204657634138,denim
775.4153580042574,759.272368776334,605.8516513443938,765.2853038643515,726.4475761423519,771.9233178078133,polyester
5.530357274438117,215.79527123779064,0.0,0.0,0.0,355.94458828410706,denim
809.6140015058526,818.0583362354032,1000.0,1000.0,792.5875918483754,952.1778583953243,polyester
90.84612367523644,327.28846401038294,86.93447154293504,64.9115927925449,158.34666557505173,279.6584538707636,denim
692.8331451387642,586.9948262143963,636.8220690683866,885.942147715448,763.8569745288006,881.6385325722088,polyester
145.22113827348312,166.438344354642,129.62711227471053,303.3126012069495,445.12861912935614,580.9920349902688,cotton
696.2180017143897,699.7152887570096,912.2643579225472,1000.0,1000.0,849.9592568561358,polyester
87.86016625125355,208.7639372845412,0.0,58.197195005020504,167.88874374097563,0.0,denim
0.0,525.0170197885625,36.73426319023605,309.9113939288392,343.6468763257227,432.56195714288737,cotton
1000.0,726.335987345381,880.2735532104895,842.8176213461697,1000.0,800.2499687730017,polyester
113.47809233030617,34.59992975273198,30.042510915299296,0.0,152.32249506176657,94.08623790004779,denim
61.73086730592998,257.49510403848865,0.0,43.36851581202854,54.571654671472324,317.8764586647791,denim
253.74164701001575,0.0,124.9446905181909,0.0,68.59006680681749,0.0,denim
0.0,146.66637916660582,110.03847556799104,305.9702000470493,0.0,114.05513799899688,denim
0.0,268.2961600777463,0.0,110.15232697908006,196.15345119630177,265.74380224016625,denim
225.63247258158324,214.2617102157169,198.91060945785034,112.79130661626964,242.33386475596186,269.4265896093928,cotton
566.7641304238458,661.1967634585001,1000.0,626.1594566791227,973.6116194575939,631.2157261406342,polyester
136.82987957498108,350.5031823628709,412.474423102562,92.7833582568834,207.69069618997355,20.780333221703565,denim
7.244495943418009,339.8430988337475,0.0,35.3197065973872,0.0,0.0,denim
193.0357314797671,104.81473305510434,0.0,123.86756416250896,291.22145622714197,66.8443744583358,denim
1000.0,911.1163282179044,834.9734404994498,1000.0,563.9052760897839,951.1014577663303,polyester
149.08841194795258,0.0,228.96817257112093,0.0,382.8694501002483,0.0,denim
75.96921634832643,268.11107460959283,23.868925999292806,0.0,0.0,152.26566680982145,denim
288.45185143611,381.0901792010965,659.3532576669813,620.2668836832745,787.1242620350466,926.4650144538944,polyester
921.5770699467022,924.452012865316,1000.0,1000.0,1000.0,1000.0,polyester
265.716010344776,106.17304865882264,85.53168604548576,0.0,261.70927882069844,292.65304721199334,denim
176.76068625162594,2.355113496710004,168.5247321466382,270.92991134724457,9.38881049892236,314.2893620332712,denim
71.03906380464844,244.13779052677341,304.68980304438486,226.95661985234233,0.0,161.33549259308234,cotton
207.2485874877636,483.44102919204806,2.2920562254453785,304.10340721836286,15.838262845507565,113.19410256965317,denim
896.7524267481413,840.8208386540797,1000.0,1000.0,962.6766283274345,924.9045798066109,polyester
816.1157383684097,523.9097076353014,502.71679543087737,839.5127058760316,423.5500553732259,406.9376719978835,polyester
626.5660711173257,1000.0,1000.0,803.21035177486,962.9341873711766,1000.0,polyester
639.0590017695037,699.5270597902952,550.4422242454043,711.5646859734412,618.8626548225697,556.3783284118424,polyester
293.56036779106375,424.74597879440694,159.50496047793177,443.43798877796195,363.825808840425,359.3490728986721,cotton
187.2749410465021,216.73504167528816,46.21566076380668,270.71079328806286,198.25668082012916,0.0,cotton
0.0,37.44236473887411,0.0,152.9289713812978,388.76437859352336,79.56484961039905,denim
241.1084020776377,0.0,149.23323397696333,3.6734694842908198,200.9703885205827,0.0,cotton
276.87888501469,0.0,0.0,553.3968994461432,327.1388684094966,392.0058919020066,cotton
96.9083896607314,0.0,43.32022073906761,0.0,33.406184777756856,0.0,denim
211.7457852177395,257.89901655141574,143.66556621738772,0.0,0.0,166.9813319120412,cotton
155.87500272774284,6.641753844277929,356.97969338259907,184.71148481312443,217.44944525630328,467.70471673200234,cotton
277.65988192667555,250.71244841350978,103.36333769156568,0.0,158.43304895218378,0.0,denim
502.20261302085646,762.6438536250623,697.535291007981,561.3092996496761,983.5815199214372,883.0094814832526,polyester
297.152013308485,376.247922034307,386.1058900987527,890.7125971976482,452.7342367115569,481.8032295602334,cotton
73.81769401918356,0.0,25.938436331356215,0.0,0.0,138.4498819052465,denim
814.8421487858191,819.4704099317086,1000.0,575.3658370951357,1000.0,1000.0,polyester
726.1256755997431,873.0337159561769,855.4477404067197,984.0304305881251,1000.0,1000.0,polyester
195.5458334098399,261.1213329498468,317.9864116579505,301.8171352786494,624.5998943719638,420.1328513792271,cotton
0.0,371.5166644887267,35.44455079184698,363.1446172338812,192.3751720337498,466.87025373144536,cotton
676.3097461926069,726.5507883914485,421.8469059538696,563.9671276479049,418.7888076278005,568.5444260576503,polyester
0.0,38.36794099091483,118.28686298799224,85.55645850666028,149.57053515449485,0.0,denim
651.8711731727074,939.5613634708594,922.4657976870141,770.6884998391066,998.4429857915317,961.5044123257069,polyester
172.17693684497613,78.45748595369184,283.13942641792084,476.04306534434636,284.7570020201577,227.95829987681182,denim
564.4076872170442,696.3325075316417,828.411793671188,845.5077809185876,810.1678491083758,635.1070985226575,polyester
219.2860204298427,83.37578156028039,599.2120674522678,209.47208397021421,247.17660913081178,425.8903296163591,cotton
765.6656741131475,1000.0,892.4398313027882,749.4820618863967,1000.0,839.7418595466278,polyester
788.9390958082679,652.7971519190246,763.6066263507352,732.1923516196515,673.3460341585042,766.095109882152,polyester
260.9264166649325,435.7140809663916,22.543166658158214,109.33660559684647,145.98059151650727,468.6239348868446,cotton
856.0029712844764,972.118622224247,1000.0,798.8308055050888,983.3284220468458,858.1545185923758,polyester
727.7671973346279,830.9962323960902,870.7057686915082,1000.0,747.5359175190051,1000.0,polyester
850.931394912271,809.4063072697813,795.2984108444606,747.4707514509585,756.468339857361,748.9287377770625,polyester
760.7287056817315,966.9050910823905,545.2372722824771,540.0254088855661,1000.0,997.7214844823485,polyester
617.5761586116105,651.3808674928143,935.4010589019646,789.9044906614403,1000.0,1000.0,polyester
856.9585629650624,902.4241468759185,781.0229248687165,976.2893063787035,1000.0,1000.0,polyester
46.55774182687182,473.6786668920635,243.06153451588804,193.56985594504084,518.166801516081,479.4283716064965,cotton
278.56517135588484,24.33908195414896,0.0,24.634645563897063,0.0,0.0,denim
517.2838516316814,399.3938270019312,627.1893992772219,643.6555488806308,907.8902495077232,441.1675643916076,cotton
649.3876659742716,693.1816109592352,1000.0,629.8341741036508,770.9267633365225,964.7533619389529,polyester
678.5561076211296,609.3296911563898,477.1837668088102,830.3877196423348,1000.0,1000.0,polyester
815.850139174134,1000.0,921.4257306345905,746.5146779377448,1000.0,1000.0,polyester
288.5026822034215,63.654465450543654,0.0,332.62796062089274,0.0,394.04740077760454,cotton
129.29291849264916,59.24480898270218,320.89663651543253,157.7879285079283,489.49828269731506,436.27199969792207,cotton
422.5746192610225,650.8723063402005,171.42475252582045,447.2862966819562,460.2737207416577,622.1446260984407,cotton
233.81239868360154,187.81803892376007,5.605319925103075,214.0579193525955,0.0,0.0,denim
114.9203499732075,520.8612606626921,25.940696350731514,365.41844045699446,347.3471382409946,529.3299272552335,cotton
0.0,0.0,39.17859819265564,33.29362449927933,0.0,0.0,denim
0.0,99.94298064168427,209.08292391664986,0.0,170.731830502078,118.51337079126222,denim
0.0,0.0,0.0,355.6883876461346,0.0,97.07644097021884,denim
0.0,109.1760226229548,36.28914929700216,179.47586556260137,98.59700377622978,76.17055295252919,denim
786.7621255583483,470.057526836031,711.925398310793,793.8585973944735,1000.0,724.7542476544938,polyester
342.2910797911368,184.7813089818846,315.593787880643,0.0,137.31988840554789,0.0,denim
1000.0,828.8413791455372,1000.0,1000.0,856.5768859553253,822.8627309261703,polyester
0.0,99.50034589292596,0.0,93.43895758150543,165.51353941759027,218.61360441287337,denim
193.39300742476487,14.934639438736234,0.051447351400085495,29.592858540492745,0.0,0.0,denim
597.3982220638827,303.0967454754117,709.3725687585787,506.6127569149084,372.6624718758431,395.0171095015961,cotton
612.0977922292444,838.401235588865,877.877732086997,876.2745601651143,808.4592424789408,984.9007802762144,polyester
381.8556369366903,224.75723290694057,280.50354473351103,430.47701742298887,604.566292662847,310.8813715935984,cotton
314.17134486062116,786.9361126051307,699.5192743085686,993.5478490978137,861.3689426422119,655.8608028348044,polyester
108.62009267779837,386.7169567373648,46.5951553378722,261.6911836065902,159.91396955549484,62.474616612889136,denim
48.15548106269014,428.32585258631445,144.85940205077793,324.2731634971199,246.15806532548916,324.26930879813204,cotton
817.2039296846889,477.1527952661116,577.9023471442396,1000.0,755.578755757804,751.540804197165,polyester
0.0,21.34010079969633,0.0,75.79633976311669,314.4695632366637,81.35308613330322,denim
435.7231132234447,454.5780020854991,643.8781656061096,567.5190107629157,360.81622694293094,565.3776367737863,cotton
317.26301659394767,183.17783799056778,157.16222328414875,388.4535789236287,314.3448303305683,24.266968172545603,cotton
5.0048517300284345,0.0,71.76625904104178,260.32666326821834,49.63426487934382,105.30840351305042,denim
0.0,128.46006140193452,100.82967662671514,231.27396376505413,139.8946461170081,0.0,denim
201.74913300570307,611.6353853309517,960.8741598199713,699.4447020685126,573.9518992411438,759.2398081642011,polyester
75.93105208142637,373.1453427050877,96.94742588609707,395.84381999945833,247.03772748133363,194.3421323481732,denim
744.41427670396,938.432786349269,1000.0,911.7527901581386,1000.0,968.852056486505,polyester
437.2524368441377,822.7216942890965,640.527566194578,696.9865369252237,933.3279836423045,907.843348586994,polyester
426.91402026154236,211.54009121997598,392.56641632108057,408.8176952442034,507.70455446260655,642.1857856879143,cotton
2.2938290738775606,0.0,64.91229011988638,9.932667382625816,0.0,206.912442633193,denim
32.76505850461925,300.91173166498186,98.7273179747571,0.0,713.3311465120784,320.09370678746274,cotton
64.42340681522855,275.9578227203806,44.88558678420996,299.9731157981176,0.0,261.79174530306085,denim
716.8299837170287,467.17220266425807,770.9672205653917,483.2783491300839,832.8966257665627,798.7192529363756,polyester
209.84422064114023,97.08252231764452,0.0,104.22955081074177,128.45152720427774,0.0,denim
177.62051542343067,4.586914979564199,218.48468848000013,0.0,240.10915232659337,120.88864602366311,cotton
472.8837240370277,391.7955743135493,552.4779148172923,568.7960270808152,542.0456828977639,479.5118385753527,cotton
594.1739842858815,946.845454019018,721.2909282290075,782.3297719752259,859.4440757847358,950.2428569679615,polyester
386.66019563186126,355.33075521386183,636.5355354123025,290.5659847397527,587.192901077538,587.4637703848675,cotton
398.7306444021002,370.12538764035884,445.0542263041027,500.5223220470626,546.8519652068721,369.11001789343914,cotton
298.1010707756353,228.26458352442094,407.7057092460199,335.73550912972416,941.0731589042454,855.4265104463559,cotton
451.17798540483517,327.1348559357398,132.46839566363474,381.442104626276,680.2987523432752,516.327664713147,cotton
613.8688165346174,981.9061785604599,656.883675890652,862.8422943960117,934.827588984763,902.303918739063,polyester
265.2991504257621,222.1191889443866,292.4392292702409,371.21680835120424,351.04695007047127,152.0607194412975,cotton
165.63853884492977,0.0,366.1318773232228,0.0,378.87890438108604,0.0,denim
0.0,13.520303452048076,149.6680337690756,0.0,0.0,18.976420332936403,denim
363.0905823682142,0.0,403.4560599023909,249.38961015078934,229.4820441422,283.3198677248564,cotton
0.0,266.9294692258021,251.77255750002305,571.205080465036,179.77790969751646,511.1588033903453,cotton
689.2049737702243,1000.0,776.498295791603,1000.0,943.6466838892273,1000.0,polyester
323.51169093563567,173.21920415717454,407.46071601819585,52.10414269886647,382.34430574272534,234.5326459773092,cotton
28.62015845920061,364.1414533790459,0.0,1.2589915804867218,0.0,45.95483066533666,denim
693.6065246451012,887.9802391147444,1000.0,1000.0,1000.0,1000.0,polyester
240.68956447886666,427.68327074812845,587.99964995587,815.6006602301801,399.6171631104557,505.1601374767527,cotton
921.882973497447,972.0552491504397,809.9565396342508,679.4506503081412,882.9370008291119,1000.0,polyester
379.96958341381196,396.87373561053647,724.3694079344874,713.0141415683997,833.657291692625,683.1851415157188,polyester
257.1816242155644,129.24599023107353,0.0,138.48281801799448,333.47586676918456,0.0,denim
197.65092997555868,210.3481577260207,518.0910711131769,145.5539540350593,116.83546762325275,301.30810466043397,cotton
199.53161581298022,613.4211064724877,537.2749963310144,338.8924032453201,532.946802638857,466.5486308712982,cotton
573.8146145714013,753.4014136604669,710.3904911624064,711.2877348929246,860.7034031107881,595.2507643045682,polyester
0.0,0.0,24.54387406586237,334.41371468871586,156.4845994678726,77.61598161099036,denim
213.36515887127482,256.115212261546,81.06091709709627,0.0,178.01111215207484,82.04618879316934,denim
891.2588983913463,828.6985027836822,825.6949449601487,1000.0,1000.0,874.5492414907354,polyester
582.1001531149375,649.5259846264877,1000.0,783.2100106913954,892.6751900172684,842.4034669096986,polyester
650.04506829858,704.9128254880793,847.481600931548,789.9465855666464,1000.0,794.0498018459045,polyester
85.65691484413067,182.1591088130751,113.36718439602456,506.6575038440907,246.59114676705755,98.9865332043272,cotton
759.1125508025132,810.93167172929,457.01052393789007,845.3798395882793,793.9262670250947,622.4327134985679,polyester
0.0,122.51556853501884,77.80853776322701,8.115015795728645,277.45504371796983,134.97850049514153,denim
1000.0,986.1042999176697,628.6146901616171,1000.0,892.6143717764097,995.7877712403754,polyester
728.9910491328898,821.0683388693874,706.9853135721498,836.1631229649934,889.0382539036249,834.6712915295606,polyester
0.0,262.77284139938365,0.0,168.46583154051274,0.0,0.0,denim
632.874659001297,845.7433524695277,897.0590311948008,811.441618421234,1000.0,651.026664590016,polyester
0.0,288.9772391759011,380.64937881803127,218.7415389160646,446.2724100213322,27.018873227377412,denim
676.9022264451263,943.5699528314431,664.676384672375,743.8951745739397,981.2259449879114,1000.0,polyester
92.02896296816914,87.17401643126193,413.9510586386047,0.0,141.20054523578045,142.41860590679082,denim
206.71074853892344,593.7064060012779,417.6827758906899,246.54441362111572,492.4114105100463,286.7710736499348,cotton
63.45741700917307,392.22871328856587,488.63551470976734,453.51094647269906,414.97975945754524,632.7332682193253,cotton
139.1592152599277,208.63898872304304,4.9704275193575995,0.0,270.79224513354495,129.33930687221783,cotton
660.4489843100458,1000.0,1000.0,853.9828696965028,986.6707599565784,999.1416195798818,polyester
96.53508770159797,446.28849657392266,231.56707661594118,56.91826989437544,0.0,167.12901430985593,cotton
0.0,71.38309900931472,52.56847395853542,289.50348938782923,81.6518506700902,395.8995127654632,denim
0.0,0.0,0.0,0.0,42.12123465323729,0.0,denim
363.9265480969848,281.6300344205579,72.66045193784939,0.0,114.23544341820826,103.4549371731129,denim
666.1402957033247,934.6005049176938,857.3024105116251,904.3323967242679,905.2128703321647,867.8421264713313,polyester
219.37202957849374,243.7973690569495,185.56264243333456,507.81264217618195,189.53238614020478,389.72310606766746,cotton
0.0,32.803268014137494,254.21732858243905,57.66079956280514,193.17442878730415,97.10135870458508,denim
291.6083412856878,470.5535768188531,632.4310227405597,475.98040897549777,595.9312591515225,746.4665960383018,cotton
861.0580662029635,770.1216794816247,845.4657544282696,1000.0,1000.0,1000.0,polyester
539.5368432269407,699.5313002566293,1000.0,1000.0,1000.0,759.6897749583572,polyester
748.3483833705952,690.9555354511923,722.1366847138395,827.2405469158801,738.6714020525407,1000.0,polyester
558.4077654888106,888.6043529447389,872.9134328874845,703.7085197132938,954.1093741424482,1000.0,polyester
335.8363678292566,359.2635855421565,469.7692266738277,547.192456992651,162.25661199302044,432.18044937324447,cotton
822.9144656752679,970.5035512536069,867.6982608256442,777.4942793874463,1000.0,1000.0,polyester
93.26764647107575,259.03326633891743,0.0,0.0,87.5815058348473,154.06291789234962,denim
291.14664531424427,556.566965595514,424.04850257861835,706.677799870632,866.324254718498,614.3717543116744,cotton
81.69189466824153,71.81789681862138,0.0,289.610969359433,0.0,141.82553856026567,denim
58.81141337231893,180.71189599334457,307.71249558458146,124.75512009840978,0.0,222.55487890233496,denim
295.40478481726905,426.2996206342731,706.2895155007552,164.75040464427406,570.3321205900752,700.5942844208366,cotton
265.81883129602846,35.86006233907307,362.886322588943,45.9611546048518,318.18749008416836,123.85961765963097,cotton
396.4909919712087,489.43195347431896,398.26195565401264,349.35689117065624,530.5544614722569,887.0080468805045,cotton
74.04874241638913,114.98622437522097,0.0,51.95127812096166,100.21775571141916,407.2341909706665,denim
504.7300109487934,959.344430548776,510.71782812778315,473.91113257661743,565.1122960207956,891.119171739151,polyester
212.73982215651222,304.8487949268357,395.4193341731591,40.3831866420987,0.0,54.46389621177948,denim
500.2821712873501,688.6135980470241,591.2949252150057,1000.0,807.5188450190092,729.5792242776856,polyester
317.36994031886206,440.0084326142309,58.81541986627093,511.47514806772296,251.236284101949,440.56132464730587,cotton
89.5162628584475,100.16326383967898,230.90829077431738,106.18874629445534,0.0,13.820751467148938,denim
632.209738345662,278.0132718265629,699.7390729613801,320.9668734909758,445.38774674166166,147.7024444833217,cotton
184.67487756615466,137.7835557279907,689.7471477720878,195.9214394754619,561.8950941975202,783.3813039557128,cotton
468.8723200967531,271.5006567343017,590.5754580345382,254.50626523207904,821.4299189805537,712.2871853638447,cotton
0.0,66.65264710424634,258.0817449166579,0.0,225.6935436455536,0.0,denim
106.0220171494835,0.0,71.36996713879178,54.48072658550374,265.208420026973,195.4929647604052,denim
297.43658679401165,0.0,0.0,114.3314241258844,152.30269944844977,33.97662687678063,denim
801.6380076180095,816.156755286878,910.0724023064948,836.2677805698437,965.2149141731566,964.8251880540977,polyester
208.33198042232445,171.4499654085438,315.92952663102403,250.1578166269671,677.1448509933914,350.8698479658645,cotton
307.3210510770565,319.8460818655315,429.2375414072577,710.8173512871043,276.8053045336494,230.68299388036598,cotton
197.30700348618498,161.77591010384867,208.2172528751745,563.6185237161849,188.1157110780407,271.62463286135477,cotton
56.57477656168231,334.2442269880753,0.0,198.52093222947883,0.0,64.79281274902377,denim
478.9085134978042,663.1162966128455,535.8969972237782,705.9237714484422,925.377067283328,689.8230628942254,polyester
334.6955413493006,319.53892469266157,730.9369149917394,585.5375832127651,317.3341649469668,268.6502052079056,cotton
116.48247648545583,92.44128860402996,374.0087556450532,290.96433596563594,200.6028187572799,127.21283192826698,denim
0.0,84.60127082093877,59.62889494511399,0.0,156.97714217208448,233.08526991409556,denim
0.0,0.0,113.69843351011995,295.6134523545546,204.0585723168827,112.94051373298458,denim
0.0,0.0,0.0,0.0,216.29121903428072,29.632783548540374,denim
433.5177058299888,565.5095612717384,541.9558971243669,384.1713432543038,763.7661533143826,1000.0,cotton
181.35501143567677,40.86789415189953,367.68428427826746,10.295453140706329,61.75791851524256,0.0,denim
140.76777077926994,0.0,0.0,130.48225056014485,154.97549568862055,205.45876264119323,denim
218.99545876774187,83.83785790679741,145.00543312383022,0.0,0.0,109.54658517109672,denim
106.42350451188892,97.84610995588713,167.73901035916674,21.723558784956943,0.0,420.1690789205899,denim
744.7365926347046,424.34099355942965,920.0382613362957,1000.0,1000.0,937.9896491964109,polyester
970.1593745754959,993.9849022246347,1000.0,1000.0,861.0949936698552,1000.0,polyester
374.30316260989974,536.4700258364417,764.2541730829048,529.5824304012685,612.8119063185604,605.213076916797,cotton
0.0,128.63790262961965,22.609781723143556,0.0,141.367531547458,0.0,denim
492.3259298804996,525.3338121440748,332.3185120200842,344.35257564427485,452.0684686746652,106.71770636415835,cotton
42.35956465645728,271.0341532386277,123.67909081341011,262.5926845882701,0.0,10.532731921548809,denim
842.2413515247318,1000.0,901.5334252148924,1000.0,1000.0,1000.0,polyester
246.44213358230795,612.1146363764911,259.777441697597,303.5735794645388,236.99770066992153,301.13644282854546,cotton
135.7956436593826,189.94760003971834,183.93610245509413,235.8925657149671,0.0,14.395244415388824,denim
5.2371598407684985,244.21861435668924,273.25618055961894,389.5319170578174,221.0892686465479,518.2755088530891,cotton
241.20845535088392,219.98178716835673,0.0,500.35063104826327,222.02884481322855,0.0,denim
84.29778829316248,0.0,1.4778027597146632,273.9994553670665,178.58509618629913,0.0,denim
0.0,89.3135603800054,0.0,61.900285907308785,19.75756473300599,0.0,denim
723.7725411325707,497.2742213881142,498.93431881847914,497.2578651456481,496.24872034281833,959.6293619342871,polyester
932.280535734195,817.8791384218769,976.1991424780955,810.8184585216834,730.2499196710523,982.9068578908065,polyester
203.76948302553382,312.2772290053051,524.4715460203815,414.7160168301073,621.4264835114777,690.874173130439,cotton
1000.0,867.6981512330631,1000.0,1000.0,782.4002809307099,980.6922086951824,polyester
292.7373054229039,269.877010065702,101.77983686168997,126.24106948001592,243.48210406277997,456.5829682390672,cotton
124.51148662896222,73.37503593912237,6.163904691342282,282.46972810916054,514.8004683623947,39.705051453795804,denim
618.5503306874392,145.35781055280904,703.4111265288367,253.94819454200595,588.54704360392,606.8799028110474,cotton
98.06719095914278,0.0,33.22057819151176,0.0,186.85487843361665,88.97431304644348,denim
103.95494533504043,0.0,88.20749280889225,54.3849129743127,0.0,136.72433477903795,denim
587.3662078639097,507.5478119826697,690.2605276169065,578.9174973459986,497.0340190890987,1000.0,polyester
203.19771709260567,161.56180212461152,268.59957086104237,0.0,213.81316286510088,0.0,denim
646.5599287436163,650.3886147320063,903.6032887240915,634.133700204445,646.6747393632266,694.9116854487152,polyester
381.06111987206407,579.5418428904379,635.6243719384655,368.4711006716742,705.7659213788918,571.7036761385536,cotton
73.2051815497548,312.8587982632165,230.0897657699088,232.586137273829,275.68175833771784,271.3389377566706,cotton
733.5041663231576,804.8397206473106,561.7450068532521,638.5926376334817,1000.0,746.5866154478192,polyester
83.28745792417723,162.8106555612536,383.8156856793335,0.0,0.0,0.0,denim
0.0,106.9417057588823,209.46768767752633,77.35761101232794,120.6460026411037,315.84668329276826,denim
597.2118712291661,958.5379153817374,928.8648032332062,1000.0,787.8921648628894,987.5023901546533,polyester
965.5416648893769,965.61501851755,1000.0,1000.0,1000.0,1000.0,polyester
0.0,140.14855699131485,0.0,94.35903603766164,166.61214119344032,152.9005142424993,denim
795.6231584287264,1000.0,1000.0,951.7767301261424,849.3023799572103,915.8856521770654,polyester
605.1619198990236,324.8639471914631,956.0274055885878,734.1861224305837,804.9325003308247,882.8820482284806,polyester
838.9587711767108,752.8856899973446,623.292561947221,898.6103896747812,1000.0,922.559917987631,polyester
123.03596015429044,156.1552616771543,309.96463760258627,300.8726177130071,478.7675084783615,497.64700116063847,cotton
934.4948702163219,1000.0,1000.0,1000.0,776.1582333750686,793.6437595282728,polyester
336.4149660315141,647.4930194846224,852.4670521190939,156.1956961311277,432.6662990438046,200.25776108049365,cotton
205.86741475393865,0.0,111.44495522201275,191.48165698496499,577.0717634453255,328.6099247149057,cotton
482.1927716958038,629.0568807144441,672.1249795654153,524.7708758936574,490.50534611261406,668.0667577564252,cotton
335.1129071450419,263.1989664366473,471.7090693923229,480.83318607021215,570.3936385659002,598.6382391438891,cotton
202.94194283940152,0.0,0.0,0.0,244.11260343479242,172.30449951199472,denim
414.88635137921847,585.9595761367386,572.4323062043883,383.02258951263565,400.2482453587342,795.8999111642908,polyester
633.0884367650856,578.0077123716285,603.1568324080788,767.2633279183927,585.2472621107029,471.02907458585884,polyester
194.27135760359357,0.0,0.0,0.0,3.2835345326545777,91.89080305505168,denim
191.5577846256212,199.1088441397094,146.84019633302535,0.0,300.51700985003197,299.3810973147875,denim
646.3202669039713,511.12880111394185,595.2480389417047,606.8105498754101,673.5051881806635,544.8060605739703,cotton
584.7637883663683,925.0331054127792,833.7163227917417,942.1701740998744,973.4284154518762,634.900205087762,polyester
0.0,19.528956846932417,6.371336634286948,52.75641232279416,58.82865871511388,6.57587681363993,denim
655.499163396421,885.6690723840996,814.2935095075579,781.346499213447,1000.0,1000.0,polyester
185.2257804092718,50.69224214443649,59.723467562133685,41.09951256625339,58.74117351110477,364.90795714344523,denim
906.0432042536885,1000.0,1000.0,1000.0,1000.0,654.2806319022307,polyester
538.2922231974889,228.37414859247934,794.8947833883158,374.43319045154254,902.6961687238393,716.5206751486322,polyester
504.81573388355093,471.8875384040374,757.4565245147023,503.62026191676966,1000.0,667.0441489168478,polyester
474.908384733454,401.3311503093253,213.18557102856445,360.7823727899413,489.4597409396219,598.9658577379976,cotton
420.5956345997281,428.54488390817676,520.1258168621159,640.6816343393415,624.5012179923631,825.8765636934608,polyester
548.2188696545497,371.10553025269417,480.53765332749117,397.7503050180718,739.5290183492441,473.2955985854237,cotton
1000.0,881.8917845646338,1000.0,997.9184238852721,1000.0,1000.0,polyester
404.0169070043947,304.4520742382062,628.1783492490249,633.2463800456155,397.4509169673919,686.6218279994868,cotton
218.77605616324206,96.17169743592686,372.0780254039369,115.63127033613529,0.0,46.66691717042856,denim
456.53306850656554,714.9396931659792,619.4236267228963,678.6993994895108,911.9244218003422,547.8421069922513,polyester
514.2981016231635,716.6653382305441,959.6192348221356,872.4008468774316,669.5318034585125,1000.0,polyester
479.0006767820349,572.4433164410167,370.83525724600537,698.2292837907531,555.0393895538316,929.2762309423138,polyester
717.8158051137234,788.2518494259411,866.1395294708758,679.9779623658495,931.9579465667553,1000.0,polyester
0.0,210.4456315707732,68.24103967836444,71.90089615966261,277.428710073517,146.67334292377274,cotton
1000.0,645.8531576652192,990.2580740181949,779.1074350192592,819.4899934619613,1000.0,polyester
716.5849926317939,807.5589153409742,1000.0,731.5561050853554,792.8635789416913,1000.0,polyester
655.694340517411,635.5299099219517,768.3215937124961,819.2288655388473,852.0046181175959,729.9200327687993,polyester
77.13123874019652,286.91372670622945,0.0,0.0,0.0,75.69089309517415,denim
74.58869719081778,163.4213947002093,141.58245740504958,84.87388467464544,398.2555537201422,0.0,denim
218.20674937049296,247.85124574984823,0.0,0.0,123.65918600394345,0.0,denim
654.075611444061,536.5059033272288,509.06332472055635,526.6421108780348,878.5771003361444,571.0201926302302,polyester
255.5814239056492,145.50325160683386,547.2284799478333,127.79023517853591,0.0,281.9542553158013,cotton
170.4007317011667,26.162596340953826,404.667585595833,63.65546491477966,16.86097235262747,214.0284986181711,cotton
52.365072565398435,0.0,116.33449766760948,151.4726592951555,128.68378962429475,109.80015142941124,denim
0.0,378.2639369996534,154.79908505280508,201.87748607033973,556.7729307835182,100.18479522027991,cotton
0.0,433.1191003637407,187.19151188406775,376.0294442580814,92.48136612923847,251.9346475453961,cotton
526.4275819907089,417.90188565627534,874.272028299444,661.5470524632316,742.8888132699182,495.2610023673934,polyester
397.4442488016082,341.00037039759866,481.12029916921176,400.17854680736315,280.04856825359604,550.3772860508594,cotton
631.3066946562342,855.197024892064,519.7818079287592,1000.0,877.6184678802805,711.5407488799005,polyester
357.37183162345605,482.2947704160538,805.0991227439142,195.64072007934874,511.32215434094974,532.4782310602684,cotton
128.1128140889585,0.0,117.88245534047999,287.80197284791194,0.0,21.296505568210122,denim
99.99354798967539,188.71251280596456,521.1362002614485,753.9995166894752,288.61930892158273,577.466357029318,cotton
0.0,179.67044599386503,246.5546164121447,189.1377457102276,0.0,0.0,denim
148.476270650458,0.0,152.95464665100897,2.8984927796462117,0.0,169.1632207468402,denim
437.573126322165,345.91934523913187,573.5722260515981,714.916301293356,579.0145482489431,484.17935271487346,cotton
216.31312490994677,432.0473029612611,382.3576059545013,410.27177105921817,598.7232816052765,552.9485414990326,cotton
212.576926331429,266.80192150813446,36.999513972084515,116.03856111650829,352.0409228963876,0.0,cotton
257.963120997087,92.01651865762864,143.6698243975432,14.828702618962332,0.0,0.0,denim
964.3854508802557,796.0903175627243,1000.0,854.5497433782904,1000.0,931.0531754386233,polyester
185.67945457281758,340.0580707543512,128.43023754685618,95.91290884353407,385.166066350996,517.7066593435718,cotton
297.02423624534225,434.1149693691748,318.3030871985155,629.8537215117564,468.3632521715824,590.2554516372221,cotton
0.0,0.0,263.3634704822326,0.0,32.124820185785694,71.02667740442718,denim
914.493186701788,796.5570700380455,921.104783418743,916.9217601771275,889.4555421579448,836.6591483307179,polyester
124.42695491767616,136.17781037785392,7.371729062671676,0.0,93.26334983990589,0.0,denim
939.9095280359692,1000.0,941.8741503835109,966.8392659230175,1000.0,1000.0,polyester
83.2167833838283,199.14956334399645,56.93218848838609,0.0,239.41948816392863,180.3595320311936,denim
206.91913744481155,249.14430177765,0.0,0.0,20.61498142651552,108.03990599199241,denim
96.17236427743694,0.0,0.0,28.945741257750157,145.71489139353716,344.9478683410492,denim
182.9977695157384,0.0,99.20263615310292,226.35710102131046,0.0,0.0,denim
488.00470078156275,371.9443647200227,466.03243369278874,532.6748873544183,612.3272866802783,551.3449476556135,cotton
273.9005106669727,392.8980079602651,626.0052245328505,566.0829661632936,368.4655466130208,236.39239651532517,cotton
0.0,0.0,327.54955875614934,46.84224461348581,170.52785953259126,83.8760705585907,denim
611.2620517343591,621.8793960571945,701.5720555221067,428.697229011537,1000.0,810.9663301436451,cotton
594.3209778405324,721.8919274303664,790.4916464741023,829.8878576278225,551.1427025265502,488.87491292719926,polyester
617.4248591251501,806.9649052228315,879.8929803641631,907.9132826708668,1000.0,1000.0,polyester
93.31303240067946,294.077443563478,125.04467652556276,366.73111872895487,334.1146625747616,513.3787509318829,cotton
783.9698646542518,781.0955586484212,829.967270630543,1000.0,763.8973726218496,720.9410895908183,polyester
638.9366207871954,836.3514218034612,752.5429563260113,540.4897674908707,680.6339437700918,831.7014766487137,polyester
32.98544591461177,0.0,217.88698398674234,0.0,475.58495354197413,332.3992884779281,denim
263.26779411283053,47.49577636648531,178.11925725840456,0.0,125.91401778523253,80.19163413174034,denim
542.6537386934782,790.2573287966964,769.0546698151209,629.6057904219698,684.3380046729628,993.6166333365164,polyester
625.3399814676733,784.9790939796777,851.5051980115772,647.1760683204113,763.0359929600244,530.9654564703886,polyester
703.1208973923432,639.2986623038578,934.8892563956663,1000.0,881.7845241952197,848.6756905281087,polyester
134.92750023635853,0.0,192.92024596602639,0.0,61.12955121980367,143.27314194586563,denim
148.9254110809306,0.0,56.854513260882875,263.98372345412054,94.1629873271942,0.0,denim
1000.0,986.2352830340145,761.4089624549396,929.1262502319511,1000.0,829.5868527062794,polyester
578.5747758805865,623.406830080844,594.0470858691014,1000.0,603.153809388924,807.682353430851,polyester
459.45720417912906,672.4863858167535,346.8622491188474,377.23066169015124,616.3334382667567,482.7766475858083,cotton
56.093623268890475,155.8214438241692,104.84584825669555,47.68792303419717,42.72544268217793,251.67204707709826,denim
394.95522995464654,429.8954241803623,530.0775781619435,331.87422902751905,423.46882240042606,573.0844130836458,cotton
407.0460171896751,423.4947448110833,248.63885169534214,381.0055178117726,696.3297667169974,557.2111940360335,cotton
101.33236151612041,230.56314315804175,0.0,276.9153176809135,0.0,20.352550647342802,denim
212.66182641994993,7.020730931944698,127.90945678158698,149.07909489741962,0.0,117.21537549040644,denim
163.60282883402814,49.15123945939298,0.0,227.86054974679467,102.83566247393281,180.91766346718657,denim
685.4811556099509,510.36093887870675,837.8544655841854,487.39944160872415,843.5136583583607,1000.0,polyester
625.2675170618646,1000.0,818.6939543708486,1000.0,719.2165115346202,924.123867139002,polyester
107.61242882405188,154.81462913057862,0.0,0.0,0.0,275.04256040785793,denim
663.3687380341644,679.7830314663174,694.4791306929897,534.2574602064664,1000.0,870.3185603164061,polyester
211.52385315686993,181.84147998934424,276.28554080853974,265.30050959595593,324.11265572547103,331.72923167542194,cotton
493.9371708881803,279.69330281253406,97.09287245667394,282.1767797176684,259.6234699555895,283.2170415514263,cotton
592.6520045315287,661.0826906626785,791.2580795832482,866.4301096096032,1000.0,983.2528118697824,polyester
428.69100189523806,319.2485846206817,516.3490976123995,575.1608849301234,660.8144121966947,196.35983862540286,cotton
799.0689360856605,620.0276832041187,605.3386786057617,954.1262510916094,1000.0,851.2350801080499,polyester
126.5233585080891,154.988933268737,0.0,324.31599238331717,0.0,348.9242782607417,denim
503.2031490605942,142.48898314171788,0.0,26.053203861193623,32.77850499878545,294.9319313951192,cotton
322.08663147477614,336.48151407939093,366.36783180155777,705.1428157899275,583.4394975389619,519.3597721835829,cotton
157.2428223096337,0.0,0.0,379.86657922149715,135.96732630085796,0.0,denim
662.8034837894929,843.889023639404,835.8940446767742,935.48795521167,1000.0,1000.0,polyester
25.500695623919086,68.42630329691833,334.93551687140155,0.0,0.0,4.788635639329229,denim
791.8774698426943,807.8085740114901,583.3898085876901,687.4239604933284,1000.0,1000.0,polyester
304.3366994821785,232.18828512487025,189.6087025464884,161.87876666719472,419.97914128236056,121.77917140094456,cotton
128.84934470173772,180.96536738135103,381.90804825033456,388.57607648761615,204.30996044659335,0.0,denim
239.16824132023703,173.81223346014968,150.05406599822714,68.03452427597308,0.0,0.0,denim
358.7460047815265,485.13685195942173,386.5628867220933,374.83181494136204,565.829972513764,830.67920057111,cotton
347.277162528054,386.7793147282027,427.46285728287523,380.90084010589385,383.65342412236254,498.4635267339542,cotton
478.0122977072599,22.26208971341842,146.97532764336296,0.0,23.73547833444652,0.0,denim
704.9759470986546,614.9058219764521,1000.0,989.1416887248974,714.612160526205,500.17310402735734,polyester
82.38444557847696,111.56671799875134,131.1816926228947,208.61240177211613,112.36578206654346,98.54462725278918,cotton
91.77863530408321,200.6870119634111,100.35870326122779,565.5030022292124,195.8419065672325,346.9729593426048,cotton
73.58801277449766,98.04407170396046,19.938302599755104,347.42416200876437,173.17784004134217,368.75043713042686,cotton
929.2861565321575,879.757297911341,946.2131781590215,1000.0,852.4501622059142,884.9213990340651,polyester
628.2973197314516,465.57562072418307,509.8710161416055,657.762906280147,513.950511630589,611.1735224693554,polyester
883.500873404316,593.3712071006371,877.1915262185892,821.6024919496641,1000.0,1000.0,polyester
71.69464137932171,179.21478772745712,0.0,0.0,0.0,520.7227344723578,denim
503.41548684688814,364.43623135420324,633.3345972597465,267.2026860879189,566.5419467886207,736.1887421950877,cotton
0.0,0.0,9.472686263168058,231.8034343971872,0.0,350.59415322816324,denim
0.0,0.0,130.61968397918534,9.33223414523421,287.85593480555457,365.3840219113291,denim
800.2804236849912,844.5075656083862,634.1221313479139,1000.0,953.3546865036965,1000.0,polyester
276.48702025066274,406.24584925796256,252.04142725803453,264.73974009412626,175.00528113546585,217.7628112660777,cotton
632.7110786837992,486.0309019383472,359.12166450488974,624.2051075275002,599.2291308145195,576.9472322767767,polyester
0.0,29.80543123918129,10.940144265093622,0.0,212.45000622409947,376.2100304612702,denim
626.4019215541588,758.4217719482187,944.0952850292139,735.7636326710187,226.56489177839376,537.2119537520032,polyester
81.24264748307318,0.0,362.1137866067404,190.464633339169,101.69881993806234,72.34723688529922,cotton
309.06811487396027,701.7115238172528,431.9063854292234,626.6299379725324,482.2090993419066,343.9944950470824,cotton
0.0,439.3321424242224,544.2567730689296,0.0,21.3852553974098,13.709997422761852,denim
273.2062271674253,0.0,0.0,160.63045995758014,494.79113397989215,0.0,denim
785.3396726715036,778.3241697011167,1000.0,1000.0,856.9195954464358,641.5328720554525,polyester
170.53151804023977,0.0,0.0,129.95260187908767,236.51012054843284,0.0,denim
296.4334985915159,59.94427229272084,49.03155350473797,219.74010781332814,388.4749414372822,0.0,denim
775.6308195834156,361.6962533695718,242.66024214445247,569.160198522164,612.8509170584106,718.7155238553696,cotton
569.456436241662,1000.0,900.1414828017271,1000.0,817.4922591444089,1000.0,polyester
599.5584027186605,717.5296838845239,764.7261317932832,876.9013371702522,588.2384074985137,886.93405715677,polyester
0.0,0.0,1.7749892400358647,179.6005005565425,176.22726987248322,121.46222171371974,denim
0.0,56.678286584715565,248.37434564057605,53.69729081973046,350.13092722626595,16.024975671259106,denim
527.561853941829,824.9317718294872,686.8773793218387,679.4456473045108,1000.0,1000.0,polyester
703.9987716681064,527.3574256031733,782.2572606220615,568.3151934378085,1000.0,867.7589615600353,polyester
0.0,0.0,213.9995898801214,293.1356472807795,497.28396674850717,22.795582087812896,denim
624.4967145374029,879.2271828782551,415.01432941527986,523.7766321344722,828.2489669659147,504.46226690127526,polyester
72.94994856908363,0.0,0.0,184.67258207550177,0.0,126.84014754083123,denim
251.93393365196073,185.16566264308045,226.4446203909581,298.06584310358454,255.6668519822237,36.15475939681147,cotton
434.91882691741284,336.87872553838935,530.345264032128,597.0956511833689,702.0126468628308,575.1154123062313,cotton
473.4592186551155,490.4290762434842,671.608646903296,391.3313491889726,461.81126231446456,533.354450948899,cotton
55.00749757314523,341.5838744155596,59.01696964079947,0.0,321.26048014364045,0.0,denim
826.2811559354743,623.5866604387951,620.8406508315599,767.7536156161357,744.5297214176613,738.0453563718222,polyester
747.3942263671587,628.0759086985804,655.1335099816262,811.276026261722,1000.0,969.2293704234631,polyester
0.0,0.0,118.22944588935974,0.0,0.0,73.95562869963723,denim
758.8654878210662,766.6743795942223,953.7170669381292,1000.0,1000.0,1000.0,polyester
0.0,32.6140029990007,36.3872511305752,0.0,89.01972385265114,0.0,denim
182.3872487749394,0.0,201.48468654914655,61.393784722661195,0.0,363.0084694325303,cotton
756.6283839344948,1000.0,984.617352519123,960.4076842396788,870.7056977851205,878.4796161799288,polyester
334.65849186515817,259.15336173194635,381.4407276852244,702.0326893367683,297.6352959543059,356.05026647386694,cotton
1000.0,1000.0,834.2609881955984,606.5689759940068,848.742190087454,1000.0,polyester
266.2251578677641,471.23403985400677,295.23257808925626,425.0200700118737,117.40125566996463,428.0891110893206,cotton
660.9996014079372,519.7279155080229,225.91751937029255,524.6463188326541,902.104001309536,837.5389368067529,polyester
0.0,113.61121090002065,0.0,99.56824739476758,227.40716566468535,0.0,denim
225.43464929812447,208.1733858934556,247.99661197026109,342.086216951911,565.704016715941,149.3472706377853,cotton
679.7304695244295,816.3672454008147,1000.0,1000.0,550.485611441782,1000.0,polyester
896.4782416189951,846.9680239976578,892.0183541895593,1000.0,963.9072067455883,654.5012877311226,polyester
520.8761069950262,785.7112132221639,902.6147809091703,791.1914787019583,749.5889063405582,1000.0,polyester
63.85758176048777,45.15870616758173,55.736079922824764,25.54710990066603,32.39660443281413,426.1865967631192,denim
736.6308453642347,746.5336982293854,794.584746442886,921.7278430330133,942.3692327267722,1000.0,polyester
41.27400128254793,39.90919974398254,10.55504549187183,86.89726380182704,217.40229391260584,78.12037993627922,denim
853.1272804338757,1000.0,907.3789506526615,1000.0,1000.0,1000.0,polyester
29.332007995764954,0.0,22.587856813668935,70.5256096703908,293.76975168178353,95.95181747986797,denim
88.36777684806451,378.41480558617235,37.73767254437759,0.0,126.21724206902434,484.9287349976749,denim
90.66500845410826,0.0,0.0,8.622150654247498,29.817454675910646,0.0,denim
167.24531849414632,311.73201056324797,0.0,158.23920421751023,204.79666031120658,0.0,denim
808.4195471730707,597.6149595452757,708.5020311086497,784.4401483077538,984.9625265009399,889.4523160090494,polyester
24.190641273919745,76.53750558449363,121.53037385432131,158.8848453695588,0.0,341.1589378708057,denim
25.696774057120436,23.117810719306718,0.0,62.0301579310879,134.5594540587781,0.0,denim
859.423045328352,844.5015689638612,1000.0,964.3966808158046,866.8370665045491,1000.0,polyester
278.5597769867022,323.8463888011688,345.43086229910455,437.9642384086426,0.0,454.9636908521987,cotton
319.11318251043326,623.3898534713721,592.4447021238689,194.17516705704554,564.3799178009937,654.2981250137686,cotton
502.92371735174527,592.4750955499569,510.8262188825987,380.6462968323389,279.8625337116582,706.0964277305483,cotton
504.9111734191313,341.21965991100666,536.7140312021637,664.7785575700107,537.5038020341626,762.8409631536051,cotton
913.3500660732425,839.4962262407803,1000.0,1000.0,694.8155198806353,1000.0,polyester
1000.0,864.3370222023776,953.0310378601428,1000.0,877.4405931595107,919.2317464492347,polyester
263.8543034559487,268.3146148453716,278.8267428943857,484.0439610068983,422.7546100747277,545.3114754416905,cotton
184.50646628279125,26.673817005821945,0.0,300.72034828643103,438.61966991032966,196.49697836364587,cotton
555.9551490772631,542.3622407951675,865.385059124001,811.69269497356,532.7249479475736,1000.0,polyester
650.2849598946231,718.0094677346871,928.0552466131,923.231696003392,623.7271233584457,741.3187803468459,polyester
0.0,0.0,0.0,108.96163760020949,98.74513377810794,127.07360170679272,denim
0.0,208.98133035774734,115.48249963625706,391.1521012521447,215.06231343103053,6.084818519000976,cotton
385.45783202068475,619.1003314196573,378.219072201107,519.6979885635369,609.6055768687504,522.135991607216,cotton
547.9148295359252,845.4200880630881,890.0349456710542,869.2496945151702,586.7927981769021,829.0784590768014,polyester
856.8963505412404,708.5211952777797,712.6648235028437,773.8806810335124,1000.0,1000.0,polyester
461.5849594803198,327.59771688123607,267.14982309595473,601.7510061820824,1000.0,803.2312501973026,polyester
0.0,154.84371573223672,414.99932314804175,0.0,35.57781329976337,324.25512290317783,denim
218.18505004488202,0.0,261.6380655391892,35.530397859700116,272.44457654416624,484.25964448019664,cotton
842.8673646641864,959.0063953086628,999.8416569517282,697.5551330721521,585.025770942869,903.7831317488731,polyester
630.7354515655959,524.699624816617,530.5133929231895,524.78908436518,585.5473669309873,482.3769478811064,polyester
693.2688118124167,691.1994954553445,530.4617794582094,449.28643080376366,583.2356018955894,397.683428816557,cotton
627.5068302381655,334.0071126296895,445.9663602021993,635.6496452617646,614.1954680953553,779.597538638069,polyester
968.5703018082992,1000.0,744.1157907110244,1000.0,1000.0,1000.0,polyester
0.0,91.58901214508715,97.35672348288253,135.97561584670956,132.89765632905687,118.54067314812701,denim
210.28728385514214,359.6623536139982,82.78547042333497,425.47463107626936,275.59893134598224,426.9508492611382,cotton
319.2073730095731,0.0,42.035550023926476,0.0,245.47872858617308,310.51577656841965,denim
0.0,188.5921970574309,47.18442523257422,242.26905885974404,0.0,0.0,denim
420.30812265159364,730.0041280723218,585.3070113212115,669.159368619544,543.8526076872444,528.0551998159821,polyester
75.64774459347271,329.65747590196474,0.0,0.0,76.03407600659091,0.0,denim
915.3693439982487,1000.0,716.9206071015224,969.512324099505,1000.0,963.0709107251049,polyester
0.0,5.004558378897343,0.0,0.0,0.0,287.0690601144595,denim
716.4153479001958,726.9242053739619,861.3556090569273,862.0880556194828,921.178637779714,949.1490291408211,polyester
241.88521322133226,0.0,18.788049775155194,0.0,62.184941512194555,56.421490916105014,denim
0.0,317.1272037335976,0.0,37.015166537496825,189.12816961602795,173.14886917879647,denim
518.2909702591833,670.7035762079146,770.828784036036,975.2965241685135,1000.0,902.2710005296955,polyester
321.2298824460146,426.80771827187084,187.02038876955416,307.69860383834555,190.53768936689323,332.9713190293702,cotton
746.0481024719961,770.8067713122771,735.7524931985357,1000.0,982.5487047853888,825.5854568831259,polyester
18.96420848312836,134.4715201667746,0.0,284.3194504591801,273.4114567956827,0.0,denim
0.0,34.08638240514223,185.1289851642817,391.78116857094665,374.3062119093762,0.0,denim
285.1893663693426,509.54734950525403,254.79302112258424,554.7920971197192,579.3592873595475,572.6238181894905,cotton
118.83798821477016,109.363869097398,95.04315581034211,175.97450139077176,102.47850487999972,274.65397253775603,denim
265.9855852949851,45.50488240846612,0.0,0.0,0.0,283.9082838219229,denim
0.0,194.4593679542232,0.0,206.51309686448548,0.0,409.7352683644644,denim
176.93462432393184,188.57839726524296,401.91759102402716,126.47220442074517,205.4291682874686,352.17985938312216,cotton
447.888534056872,270.49875376986006,503.2435145055953,213.1759815660762,495.99684098294534,416.2032818298856,cotton
334.98641701131834,694.6981785113763,895.3962016492197,916.2501007282565,761.5832122477251,753.3278957730988,polyester
535.0294090931837,424.6092190880644,515.2223442151559,278.5685664425116,609.5874730610884,525.850438821419,cotton
0.0,151.92457787428884,134.25106459207376,136.19347531759675,0.0,0.0,denim
159.35151748173894,27.357965433731763,0.0,0.0,25.50030550952884,113.02723418749429,denim
928.1629033947028,753.7405465301503,838.7010569844215,1000.0,1000.0,1000.0,polyester
847.5297196132083,1000.0,866.6604811978589,1000.0,1000.0,792.5772418043819,polyester
271.9824304812299,442.43786371518,424.8535020217904,329.1276308833174,360.46660181110906,467.3831767979224,cotton
400.7234979874448,984.3252982053067,873.8776538423635,1000.0,1000.0,675.4058048441493,polyester
259.0984013451615,335.09061181461567,471.0521316729045,454.7042034844235,405.40228410383907,450.80916942946845,cotton
125.36330394905198,39.72676538916976,111.13754229124532,459.01084275462654,0.0,256.7673425797365,denim
168.57276767786715,417.05969599571813,405.34289552854966,365.2593978770172,327.43781143210396,379.9332983336305,cotton
258.66001491185204,156.35553007960795,203.27921115247207,94.8445511515601,0.0,203.78042847897575,cotton
848.2277193320656,726.1011752242731,981.2168500589306,861.5825907303649,892.923663130231,1000.0,polyester
279.69437113727054,488.5454091356713,0.0,215.03117894685587,261.0052947089103,199.59790621888783,cotton
49.760546648940476,59.73382841541672,0.0,11.936131844594826,0.0,0.0,denim
114.11896058292388,654.2923942662098,87.20754848457744,181.44174849401958,850.3398742578382,585.792684652646,cotton
61.485754486378674,0.0,242.45738993944525,146.97534408752844,381.19137171192193,0.0,denim
144.85708864028356,177.46153710012726,175.87436004091768,0.0,225.00244140927498,0.0,denim
569.4222337975436,1000.0,1000.0,453.6923034498865,719.7261354996198,1000.0,polyester
780.5469788998935,688.6531192264581,585.5995360881777,711.3900356107632,1000.0,739.3967722167312,polyester
236.86281817420632,64.8412903511709,0.0,0.0,161.0480613449502,161.6247525372831,denim
106.2240892349737,0.0,53.79123537176866,0.0,0.0,0.0,denim
0.0,226.58346275885478,287.4116328264496,0.0,76.67945675539869,220.04093704149443,denim
204.47359269935015,291.6103942604948,711.0602068188105,325.6238589363935,663.0535650111765,217.65164247434376,cotton
449.65426019478525,195.2272792545736,347.1728935089882,213.49078069951017,150.13721726025676,494.17917638114795,cotton
10.904032154522653,0.0,125.39894635708396,0.0,86.38427507201918,0.0,denim
0.0,430.35698112745627,427.4445402160982,292.8655124969291,295.2582292025935,526.959470591388,cotton
524.5536071374928,567.6946178531011,388.1624453233059,672.7934536510629,290.5863276862367,345.3063857920748,cotton
584.6282209490863,647.0566146589857,674.5961495836488,774.1407230125003,683.3007637719285,1000.0,polyester
956.0317890611623,634.8753828160079,835.395304336807,1000.0,714.9647413032943,805.7530821257974,polyester
856.797406810721,1000.0,740.3903409807621,1000.0,1000.0,682.9789933293258,polyester
465.6103661567443,373.82457148389943,433.4956245549685,316.31315198755914,357.85840703423486,548.6973740868957,cotton
682.0522533672757,566.7126566060821,530.8035584604089,903.7921792739235,899.6848490402037,1000.0,polyester
279.8106364878912,0.0,387.67097016075115,400.1047888192392,10.514346596350464,407.3323413044863,cotton
500.174721826384,108.95460796446554,310.6495941837395,165.88628276327165,52.223887895833116,463.6360022973627,cotton
314.18333372009613,0.0,443.61196581698835,98.69746771207238,41.988771261833534,400.2970034472431,cotton
0.0,118.32204143804266,0.0,327.02887633706183,209.84815655927724,124.05822025024116,cotton
153.02054392585708,179.08326893849994,380.3234011122608,0.0,87.96899834408114,197.0987002856445,denim
248.21117231033145,20.908253734009833,0.0,0.0,123.9938829410961,66.98000497366874,denim
357.68158988091136,265.69613953445526,38.27000456210888,137.14229892920625,0.0,153.7301455797533,cotton
598.0498443166658,524.4690299689369,588.1150364988544,825.9060345736715,801.4522872487041,876.0249895316422,polyester
259.1173808913992,101.23389456263513,266.2744816896952,97.68274821917959,0.0,33.02887288713696,denim
870.4209044856718,1000.0,918.1942415966812,959.6309321163062,901.431963059455,1000.0,polyester
437.55698981596436,9.324538198163651,11.266035926912437,0.0,0.0,0.0,denim
0.0,138.16326705701957,0.0,0.0,51.01874180632818,0.0,denim
19.11669198568832,0.0,0.0,151.03002438411218,0.0,0.0,denim
349.3243950234123,655.168797801608,639.7369237531346,357.52497840573824,800.6633092956988,867.0593151335127,cotton
117.88982695865052,136.10190437332835,349.48620044189806,140.63794208521233,30.742287097312015,152.2448555252135,cotton
499.695973771348,881.3379909627408,908.4581454328605,438.1495880697473,806.5838968655504,1000.0,polyester
0.0,383.56485592839044,504.5060862625172,511.64684403643554,495.0915428016151,316.16089307172683,cotton
690.0486016590968,890.0539294127433,454.6662693718162,1000.0,925.4472534711342,1000.0,polyester
839.6736494741751,1000.0,616.4283198779788,682.7551864277561,869.9015921469447,1000.0,polyester
805.8904986688714,871.2518590730901,975.7158007976932,1000.0,691.4700328873558,1000.0,polyester
650.301772077155,582.7691457696878,383.55618181322245,464.84250112264766,386.75630235141597,719.6189626685566,cotton
386.44062430294815,300.74504342026734,346.8556282199961,170.61748896800128,329.7829114451662,532.6808237369246,cotton
367.3652561891937,320.32847496662833,53.1519821489897,97.09434216450086,544.5277423462509,172.3919275849791,cotton
418.0961090187788,365.51167919708735,598.537661429149,324.94524268659245,874.592612332311,802.2898327601182,cotton
879.148905373373,941.9644355640886,883.2595240181155,884.5927732669137,968.5778229587772,788.5934551657929,polyester
171.1791573793749,25.31462139946113,171.46074166256108,159.3073979413843,0.0,0.0,denim
853.1812897004812,822.8222466051387,711.6445639434893,1000.0,1000.0,671.5601184399593,polyester
188.9125653616615,40.456044418319095,247.80614427500035,0.0,80.4160105956789,0.0,cotton
176.58659335694682,139.34001413225903,0.0,6.150219740171735,0.0,174.83895122484338,denim
859.5272881394658,889.950137419964,816.6816325556135,685.9766043008308,892.906829183316,1000.0,polyester
321.02580177291077,320.154701280719,39.10364950477555,253.06654632140496,387.6592542832193,153.0252311536625,cotton
160.51975069693395,74.49637062256426,0.0,88.23547422648618,0.0,0.0,denim
942.7057300553406,647.11515500678,644.6948944735632,664.4522128102864,450.85297992054586,718.4813072008325,polyester
156.51651384231778,119.92063743174648,604.8508080189888,0.0,140.7642886011535,546.0135189582736,cotton
240.6658447088659,184.40511927281764,0.0,241.8160824986209,415.9743114623641,120.13912223464663,cotton
534.9300774987112,255.8902597294,229.17883748151837,269.671424968447,484.03445842908457,609.0853290693059,cotton
728.9608538916775,998.518689085746,754.670289457013,705.550942662385,796.0286885226735,787.9360900613359,polyester
572.4961995286754,780.0998927650978,912.5223620305522,885.1071043324505,316.55794219205086,1000.0,polyester
407.7574750224684,795.1248221381818,800.2630688757064,872.3544220432406,919.6791477633778,957.1479991404681,polyester
878.4998208884696,1000.0,1000.0,966.06099119911,883.2558639981696,1000.0,polyester
0.0,0.0,28.638408525870766,10.500508294821515,256.2017982011718,94.99297618540612,denim
318.0734535563087,0.0,22.09478682613944,85.1038642576835,117.46513480358003,4.77409454207924,denim
756.5183278586483,622.095408558629,712.3307615249709,826.8183716765615,708.6948056561542,1000.0,polyester
251.16455242806313,0.0,6.487096428101381,160.93694791043865,0.0,0.0,denim
0.0,39.06209599062327,185.50292271577734,43.08859005990449,414.99740351652855,0.0,denim
0.0,139.2981760393021,0.0,100.54731903012825,188.6819565757344,39.58450763190934,denim
237.48320295886276,346.3143595019193,369.228969154776,30.58096846401105,409.54120060451385,425.81835374708885,cotton
72.97187484674423,0.0,53.62767056937809,0.0,369.90039040417787,0.0,denim
128.93586147940712,266.73883151133936,198.44658087801236,354.1350657997828,289.0712506546219,300.09393875089637,cotton
207.85990910128834,214.29868514403012,0.0,373.5204274422464,486.2492158158416,47.614297477935196,cotton
565.358562656,258.46577639048616,71.85633281968609,252.43887850803569,170.83156819018333,453.0007646990752,cotton
223.36187965990482,13.227257479759501,250.88553788922565,332.3314770741909,214.70428426259053,183.66550392194398,denim
732.1712816445487,862.7308971141235,647.0452150991896,760.1768177746644,571.7040383700102,793.3515963653706,polyester
301.12622687111553,186.83457366153746,261.0370958845395,193.0278960634445,159.07615523386534,289.8531691728406,cotton
802.9886620854836,906.4420813017687,595.2642224132799,444.4787776743367,831.2000040123842,523.9989589708389,polyester
351.4827218183363,288.4263815131622,430.3089885134892,711.8610036855601,281.65289770977415,290.0766578016452,cotton
0.0,222.64109278982852,0.0,209.60908094712744,108.23234144280252,42.4460982381628,denim
736.3860619230752,879.0401738472677,798.3808591416418,1000.0,885.6120922173722,979.3650376394811,polyester
1000.0,822.7594373974181,992.091919546369,1000.0,661.518138050179,1000.0,polyester
0.0,156.15673295462472,136.2879721961282,0.0,0.0,0.0,denim
168.3398985324529,158.29900555354686,83.4883732255204,16.445700614751388,184.7897518846642,395.4931703677082,cotton
280.58528378098026,10.078084240426278,398.6000501185815,0.6194858712098608,645.9389346008302,763.9868919679263,cotton
308.70840665000173,0.0,159.31501257137393,212.33270313597177,115.6997519708693,44.51939642533698,denim
211.5244515538543,286.65439030021594,63.09858389384688,202.85005198305322,323.1224036226431,123.49067168842753,denim
1000.0,1000.0,916.3512957703203,1000.0,1000.0,963.2686673963215,polyester
283.5846940041591,494.7602702462369,525.5348898536085,47.0355218310836,164.0816603109301,255.80456150837966,cotton
825.1576650135896,848.757527172993,838.7947953878476,985.4418454586898,990.0613925077641,1000.0,polyester
748.4912833419621,608.8785536379593,991.0920230506367,809.455959755269,847.8317480776142,1000.0,polyester
518.3459000955223,640.5950019225256,490.6093602394864,797.522428855142,889.359065097682,1000.0,polyester
0.0,205.30422647480506,328.78892549091216,285.2956480547509,265.98685374909473,424.04070922610435,cotton
149.4625292222957,0.0,181.31862335269358,197.3525484031536,0.0,0.0,denim
139.45586773918964,335.5907431016536,5.715915150475681,77.65784661264483,60.04206637008999,0.0,denim
226.4086151748271,398.48113280812817,0.0,250.96592708291234,122.85631100682836,121.25598297988077,denim
995.7872131832178,826.5379961886207,580.8472065683152,1000.0,726.0106012605785,1000.0,polyester
398.45943807416774,197.5131677849176,126.67456844766777,34.45870934632913,298.10844780626337,561.6862132156153,cotton
768.2812008568812,743.9229567591999,1000.0,1000.0,731.1500414129706,566.577617628998,polyester
144.88040516592633,432.60421117036964,63.53825017126684,434.30573752559184,444.36051007455796,699.3832758208545,cotton
469.6785790412935,431.00727948589457,477.199223596435,561.4989711036435,599.7531054687921,610.3216707868223,cotton
747.1207562836971,376.9574907632192,231.16911756595462,544.9677768320266,794.8998279134689,690.1425630142973,cotton
394.07536310550665,276.165916480772,188.20141878036097,495.99706898251355,55.816729620715336,0.0,cotton
539.8831486992613,329.88632993026977,256.35979502031995,210.22881720610434,688.1406059295823,488.8093853828631,cotton
48.773084538330664,109.4458258099057,72.75795977442858,272.6513682530279,240.68786503554634,224.88639789803017,denim
243.21430283116152,193.7843854607975,365.23509081543597,381.1875824526015,445.1075235014613,295.7362058235277,cotton
205.1985469261993,245.69561306348487,0.0,256.5667320120211,0.0,0.0,denim
0.0,64.16389028409056,0.0,91.96811529876109,0.0,119.94474358661223,denim
53.79016105759868,249.32975962907352,0.0,0.0,0.0,39.175303774512344,denim
95.58524142028097,45.76623301975401,0.0,2.5509757664127335,0.0,309.48141552259733,denim
1000.0,902.9031399285032,1000.0,1000.0,786.1412272813961,959.880506630777,polyester
318.04062149679163,219.15070884942307,365.7012857587349,409.1445665545617,732.7157608570872,483.51364724116047,cotton
0.0,221.8126841910895,0.0,0.0,0.0,198.6401701130852,denim
270.7333116838097,88.82585462185756,139.05792944459557,145.68040547899972,292.8045270609952,464.6159314675234,cotton
89.1275858088809,130.3077856764533,368.1173546597545,338.7655486129724,321.1464993920586,141.41678218764693,cotton
84.50775797204108,56.303958335893014,0.0,328.6879429729314,110.20036912339387,212.86701968647628,denim
91.71366230132897,125.134605257176,306.8940610617409,0.0,156.46423694523054,0.0,denim
75.01246202600466,0.0,0.0,533.2341972918473,222.23035087076957,52.245861050941464,denim
870.67658459459,803.4132009519259,918.6257533444059,908.143273132416,838.9638194874858,1000.0,polyester
169.13350251023007,527.3617946735808,617.1278527843439,564.4023490645071,512.1425590754808,667.6001419074337,cotton
30.933022453182872,43.48829866688425,163.62696774314767,0.0,27.95288635532429,126.40113841606492,denim
169.2193689180582,34.245924580615444,0.0,64.98715585060346,262.8031500835452,0.0,denim
293.0346826162457,430.28843827549565,296.49014381992265,504.1023440218912,858.912296494588,202.65864135817282,cotton
0.0,198.2368761362299,415.8657972351412,75.54983871947493,57.73195174389048,250.0661067982736,cotton
797.3384876043389,520.868660601763,646.1015552313769,666.490582599241,367.3896923963441,993.3352960037773,polyester
244.56960921290363,84.82668886273171,239.95831507734135,271.7493137225222,168.3628997739798,143.6490431771145,denim
83.01897878805286,243.01846711856552,24.265648231224645,0.0,235.11411097845195,99.9661785628173,denim
399.45628560883335,622.7260766370986,751.598589645939,828.6578810998441,1000.0,884.0668047174241,polyester
204.69375142793922,23.21265742395149,0.0,3.4955160519283623,188.0011355540942,107.2843866291122,denim
0.0,4.027440433645154,133.87681256066284,85.51874582306522,498.650415518575,94.75915659695107,cotton
656.4031362448774,878.0654439435444,614.3006831796042,1000.0,1000.0,1000.0,polyester
738.4052037566993,860.3464714888084,1000.0,843.9265413629344,1000.0,1000.0,polyester
605.3247059173,641.4530069883674,862.0023088521854,575.804330258047,927.5872623132167,737.096702696292,polyester
739.3563056292043,827.4536662934718,1000.0,969.4275555734419,781.6395268071544,1000.0,polyester
82.54026114598128,0.0,8.533683963786814,0.0,64.04215333530948,0.0,denim
298.8505320999684,254.42498403193238,300.5178559285564,477.3332045896676,553.3731767665988,554.1650904234149,cotton
271.49064818176055,0.0,247.87670926263013,257.76274942238484,229.9141403253198,237.5189028604287,cotton
136.9793103116282,53.60140448002582,68.99712290427058,275.3143095135574,252.3493478468711,495.0856052387684,cotton
328.496359556922,405.64589375365904,400.57454650988393,213.7001266011339,519.2613792226771,229.6525504504148,cotton
129.57443745639378,0.0,31.92341572802412,0.0,0.0,192.2675152128041,denim
0.0,138.53677569133936,20.543454039202928,159.72485185157115,179.65217665331028,0.0,denim
724.4663334687717,719.8249477203241,956.7140259819813,886.9972491054289,1000.0,579.1593095365129,polyester
0.0,202.31018479098688,72.08945027439566,1.8385033256954273,0.0,18.751494055158915,denim
232.31320913256224,56.60295514538572,0.0,488.81048729992955,75.02446879766774,312.8740075841198,cotton
32.06846804112879,74.8840738062635,0.0,29.182292394393162,0.0,83.08678878039133,denim
0.0,209.90392499771664,385.55465879747567,407.692304856531,330.2271459671834,291.47645773333795,cotton
40.234499034243186,463.1795626366908,105.25438380099737,282.3107107928925,64.93457827745341,0.0,denim
0.0,187.38504701390195,0.0,285.9181674560082,0.0,0.0,denim
406.8878818008724,123.36474653927272,286.7700773258739,349.931126418354,0.0,65.80329415188353,cotton
141.09333328597708,510.3849382281688,359.73408189664775,472.07289943301396,570.2673295031213,160.44459261718197,cotton
579.9113132486243,1000.0,835.638159127774,989.5283589981558,924.5461371678996,981.1868974866317,polyester
1000.0,759.4283035920587,776.9271185766197,937.0704674526436,878.4578989801032,868.3100391773612,polyester
556.3317815723514,272.34226312490216,577.9943288724559,105.41350613024696,321.9631812323289,700.013431691532,cotton
0.0,27.173056462276165,0.0,148.41893622124087,24.916530376738322,0.0,denim
0.0,15.244401823124882,0.0,115.93911825837243,139.6055774099115,98.66514092218802,denim
462.7091130233424,377.2293912816358,476.4057658196075,620.9187441001607,451.1642350017361,897.6055319010391,cotton
0.0,0.0,313.815109071238,25.340402363135578,0.0,16.01474061675998,denim
403.8170168096467,933.4928421598784,778.81747717698,911.0174427647761,838.3818572003713,750.8361377790782,polyester
76.88474434148677,0.0,0.0,0.0,244.6278473169392,137.99263135785444,denim
324.12436319626914,72.00453357274074,319.3546231200019,0.0,70.94738165978167,161.58344912048466,denim
135.22028201386456,374.31050256260016,14.887117185867936,0.0,269.9001268827363,197.917626329298,cotton
738.9688473113008,798.467021806912,800.3053698005414,929.506030023475,891.9346689430294,789.0923932626604,polyester
346.9718897572652,56.84557873808086,297.62061472470714,111.32684848426666,101.33935886013151,382.1333428369578,cotton
479.4763781542242,0.22277877616380692,83.1269510615646,83.358108339301,86.7695782107524,0.0,cotton
412.2709268271337,564.6196238991021,734.1096872613493,673.4150727445134,385.742408596532,773.969375275744,polyester
827.1946936550456,735.9810548855023,755.5866685901996,910.9976317927444,1000.0,930.7625887537338,polyester
435.2607781276841,223.94508822139645,319.837349349417,0.0,313.63224262910444,254.46276696950272,cotton
558.8696008033705,602.6019881578469,560.5385301225404,1000.0,952.1993875231148,796.5054049254144,polyester
242.6158731399413,203.24320425815006,117.97125867582653,50.48053794212327,94.45908177869603,308.32366727573583,denim
237.07756572525963,423.73459206149346,375.26737451490317,296.9565902201264,559.2488651371546,560.3500868369478,cotton
120.75348337320543,102.1278279091952,267.97376802993097,0.0,0.0,0.0,denim
166.92552220525357,423.90823394180865,223.81172463734868,212.12866875069847,204.71442260525845,209.83711648289858,cotton
0.0,43.809592875214264,293.58225604939577,49.87212069508968,4.313293277325911,46.89109614201367,denim
0.0,0.0,160.8322492247554,259.85801002018985,473.3581600513961,468.73197405876255,denim
133.601183706796,8.4874082940227,53.62240000119126,55.557812300614245,245.31406044533367,0.0,denim
691.7481744359571,551.5409530422253,697.7700276022384,903.1456113534946,774.3877099576414,847.9811825875204,polyester
181.29057917097924,198.71596406013106,360.3321197420198,174.4367837573484,496.1586412361587,370.12716489818035,cotton
843.8868511627138,777.2192484844454,1000.0,1000.0,1000.0,1000.0,polyester
278.77841732318217,0.0,0.0,407.5742773663957,15.524473940535898,384.02443712306433,cotton
227.10419461285463,309.2539661541786,274.6144085666368,639.261782636466,442.5865501170432,507.2865469077353,cotton
935.7588275075843,958.0672503795469,1000.0,1000.0,997.2199528729708,1000.0,polyester
224.63387226057085,106.56728455565343,0.0,26.135868077372876,174.81257228832015,105.4562810909918,denim
544.3395363570512,378.28231968452565,360.0547668134792,238.5574629517798,214.1386829468729,393.24435783347104,cotton
863.7426999872786,1000.0,983.23638751313,594.5824861119557,983.2201369131772,1000.0,polyester
127.52438184701316,314.2730544550346,105.41086402099904,193.76317541486662,172.4924135654565,282.1564327848157,cotton
492.704069521631,630.2348159430356,148.92313713640658,662.5707856327666,681.2164756565369,455.8687521408251,cotton
307.736647206243,325.213493309382,147.35243106436144,389.50688331391,17.81821689235892,157.57142780736666,cotton
503.3540580665625,920.0405457533159,1000.0,702.6257543118498,659.7195001602016,786.4826293070416,polyester
658.6222634804262,1000.0,554.839533488846,1000.0,448.7483224787705,658.2899517535427,polyester
264.61442200651703,347.8391435477291,107.7931985843767,177.40751847195304,81.30096091555049,207.85289694830504,cotton
0.0,185.63202688154917,0.0,0.0,97.74476152633436,0.0,denim
125.26923801705675,162.7575991317157,404.8872614812733,153.28367048935368,296.0352472107847,340.115833942291,cotton
391.7457881183697,405.6080480737312,409.5550281700133,279.86080766620614,437.47736319592445,374.7544960055791,cotton
773.8136552171204,676.630897831656,711.344954664604,965.5795046668788,1000.0,578.7838855621455,polyester
548.796183267875,746.8833426727745,834.8060928510231,681.7564736652573,983.0964468836839,454.26842612308735,polyester
0.0,0.0,180.29421205845406,179.25830900519202,59.86754680168616,0.0,denim
0.0,190.50443082257723,97.02667602940957,182.63337243568765,303.8206672473402,196.99721310908322,cotton
0.0,0.0,0.0,56.737637284278584,0.0,105.6773260415157,denim
0.0,314.5564207729665,260.1099979150459,0.0,164.24783408003867,10.998425857824504,denim
162.99337912852698,168.73650690371508,223.68771102213614,291.0927475762789,29.90769305629999,319.91010809562727,cotton
0.0,147.81304979088014,0.0,49.291867905972104,358.45040516618286,118.94071208529647,denim
0.0,304.40406712406525,0.0,0.0,283.21309791562084,197.04602091379274,denim
0.0,134.36221251134984,0.0,56.21590828255363,0.0,0.0,denim
126.1319232268063,418.2129607411456,33.52550757712791,198.71912935556034,112.72630853680383,69.07800785923092,cotton
744.693412549062,436.9478908679024,354.5599772278093,1000.0,806.5446111388319,870.8469356355776,polyester
474.2544235393039,768.450276304678,276.42679382779795,305.8831133520163,448.4252077779166,555.9320872430229,cotton
372.96652908887734,550.7735161979831,294.07745041316326,500.3557312643805,576.8311986568801,678.0746724520353,cotton
7.921956203488612,103.69436247999072,0.0,0.0,0.0,0.0,denim
121.87569360394384,410.5424496721969,475.9138702301582,134.3119377094073,497.89170135030554,173.28758912352816,cotton
159.79099860369143,0.0,44.11500453482547,134.869182834241,81.70545432768024,0.0,denim
176.77073431799283,43.66374582515864,69.57418069539638,35.07719178930107,487.803005445421,79.95211332625567,denim
0.0,294.1888585541301,146.3362745806965,63.3955069091617,160.95581826010306,63.24761756470433,denim
127.14283131797576,0.0,45.695734274500694,136.57943664932534,0.0,158.53228250452247,denim
0.0,280.2366414718299,277.4570784386278,143.0521146241826,590.8195687312216,235.16698887897923,cotton
706.7564350042991,757.107786011628,704.9811011338871,963.2161087371964,910.1157730751935,1000.0,polyester
469.8342522551975,679.407798595128,444.9333710398307,396.57986687736775,534.5927714014932,787.9190309946932,cotton
495.004915020657,330.65941523543546,986.3708802248243,549.9276227561434,823.0678408023324,532.340769919596,polyester
448.85850499048814,455.54051317968975,375.6277165463846,304.39814133453615,54.121537368900476,287.46653080848967,cotton
57.84621539224581,120.75621759232801,46.012033554304594,261.6973083874744,0.0,396.696156812335,cotton
118.74913649562805,26.607273032347507,146.65821068634335,190.4317637102788,59.73664299567752,171.7068357823581,denim
60.62621063340054,0.0,0.0,112.75907243051607,277.9192055163445,0.0,denim
85.7227288290509,0.0,168.1674044562367,166.71732682302587,136.35627983612005,122.00887353658445,denim
775.1395326710102,894.6078487451567,671.5172251782028,855.8129287426981,1000.0,720.1761931574548,polyester
395.96749436167426,260.5079406745997,289.1803448352622,296.1545150619895,723.740852112962,525.3791366842985,cotton
236.8138761127994,227.43315501649317,127.0299152847121,0.0,67.40918130425065,0.0,denim
756.7478911648737,602.5730380866705,856.3667617479816,419.08897149624386,976.3039206244255,867.9272820718969,polyester
90.00901655387433,0.0,150.20207595463563,362.55641532616454,328.1234973270683,0.0,denim
179.0252629942358,0.0,189.4439845428133,0.0,38.67820053387919,69.79536153855834,denim
784.590255715101,871.5742076721631,981.478336159323,1000.0,963.5939912579724,1000.0,polyester
766.646491374752,597.0456366567469,668.9608591713502,620.905949211145,746.6541107332001,849.0580887821388,polyester
673.8699379422414,816.5912482474724,775.3583335778363,1000.0,505.47647099544884,865.3269538550945,polyester
769.1855436449482,820.1302589670007,855.6398285618714,343.5904334693153,819.7995218649016,802.9049331368518,polyester
1000.0,1000.0,1000.0,954.5184484735537,1000.0,1000.0,polyester
880.3138075643677,812.2550201054254,964.2625650849723,1000.0,1000.0,924.9645299972624,polyester
495.9748445673572,716.9628499022208,874.1445632456891,959.6243787655462,1000.0,873.1475348262176,polyester
115.3539069137607,212.76858618951925,474.0830256795774,178.33871043082763,235.78156450623175,161.9009373477404,cotton
1000.0,1000.0,930.9517134117972,682.2981940435009,659.9068845923895,1000.0,polyester
436.1133281739068,174.2291257413667,444.7682383558088,240.8123461184115,761.5774944051359,529.2239388125205,cotton
114.70657389198252,0.0,136.70276075889302,289.7205375790363,0.0,0.0,denim
917.8400500707864,695.156584917569,915.9882210616221,879.9601887280534,817.3419688355283,1000.0,polyester
161.34833300621858,53.83539671028679,0.0,71.30738031843947,306.8030293762008,23.62867183082409,denim
794.9077432883028,503.33422307826004,752.6911800882317,760.6649203916274,832.9464886170816,895.5919026606448,polyester
222.4097602805208,194.7711162463311,67.00673579092782,0.0,101.91687460994049,38.80165335881108,denim
397.0441465505795,0.0,510.8932633619563,304.0457378083954,382.6396922051273,19.711362654826644,cotton
761.5253216506883,551.7560058575475,961.2479320923031,659.4201983998162,583.1186424859545,1000.0,polyester
829.8309276562782,751.5993395552865,831.8134959277407,857.6063970937211,971.9929740159324,1000.0,polyester
484.01241528769185,561.7627604917527,774.8999928089362,609.6192031804048,944.4786594709386,895.1791298086226,polyester
280.9665162848685,174.62548241696,460.9942201217723,195.60961499712403,347.73468208237733,307.72940457056166,cotton
628.3187823960654,326.2323725729719,662.3746991148255,415.97860172021336,331.6940756507571,493.0749196143535,cotton
847.134119400431,900.3794247828297,918.3041281460945,1000.0,960.8568493921201,994.5777647463063,polyester
478.08184436463023,348.0648711322979,462.14089172129115,521.8416743276875,518.4028464751506,516.4547238553604,cotton
405.7900669648367,439.7261125467782,439.32533621845545,492.0903573497395,627.8659521149239,602.1509576154687,cotton
114.87638309586363,109.93575763439077,237.85888416359558,381.85474039517914,17.06728956848397,211.27374498150306,cotton
189.78085796644186,428.1332976482884,91.93052419352841,204.0494482635976,0.0,98.79014369055687,cotton
988.1665337112684,911.230815967503,977.2087767285614,1000.0,1000.0,1000.0,polyester
188.74522796431054,0.0,161.01633242924333,0.0,0.0,0.0,denim
0.0,113.93528372321087,279.9133225322737,245.02486639989974,0.0,0.0,denim
835.1563852898104,950.3060477999417,836.269495505511,939.5245696596235,582.2768801317494,751.8897819553684,polyester
345.85716911368826,273.8064782294424,26.438620317610685,0.0,247.055379216272,161.20526845167376,denim
68.79123366907464,0.0,183.51822599425077,0.0,127.06125042430399,94.45009516533733,denim
0.0,324.55311215896506,110.19981542456229,423.70976540361346,307.19383706083175,429.63152352507996,cotton
363.219373106003,94.05200432389616,231.4600143037259,0.0,120.55467663817029,0.0,denim
728.4155339129005,942.8311165123314,927.1112757744474,747.5826631469585,488.70612240180543,730.8571602657307,polyester
60.05347012850252,267.93600131572407,275.27317914342643,441.1187101603267,0.0,0.0,denim
328.31647111828374,434.62407681639104,508.58818055750385,599.490293293569,422.64968607931837,495.05122875869284,cotton
707.4199822337557,575.2731410177802,547.8477596306873,964.9179937864496,566.2995388985686,810.8045339126139,polyester
1.1785758442044312,142.87726489775474,83.34261831044232,0.0,8.425067825878955,0.0,denim
519.4314923231263,369.4935763867762,484.37468401407966,624.8486376493919,504.25746060061346,579.3136538491597,cotton
182.33600627459828,331.59310970336145,0.0,71.30552500144782,234.4375062388031,0.0,denim
918.3568033008548,939.3478468461549,1000.0,938.8013017586652,747.9210410624587,885.590728752585,polyester
147.99625053759976,36.450375283008746,185.43738664868297,399.60961120646385,89.89635992406279,276.77697177672326,denim
63.45249189127675,29.603721629325634,0.0,47.1918282544828,186.83214516209847,0.0,denim
859.0817927406185,524.9130920719884,1000.0,770.440143798451,634.7339423742178,953.5954269803191,polyester
253.9899803177679,492.2444281043744,465.9744054502884,319.72261305270416,461.1890497733436,573.6940444493196,cotton
581.9848382831586,652.257925235445,637.3105933996235,1000.0,1000.0,848.363229474261,polyester
1000.0,1000.0,868.6472185160985,908.33028367684,1000.0,921.0067927904336,polyester
181.071070921719,0.0,302.47405984670263,226.3539698044281,181.81350485486684,267.2689947089853,denim
251.81241557357242,221.31962173374524,503.08175761441856,0.0,270.73581362343185,611.4037226206159,cotton
165.82836215074266,248.68520379298968,226.39583014330435,158.90729742877386,7.746417600088876,226.41821020487686,denim
55.91348696835191,0.0,315.2521031609132,0.0,0.0,400.752375154419,denim
748.1002033262197,1000.0,967.9501570626247,936.9335788584463,841.7766327841368,681.733177268704,polyester
65.34090313084089,23.35864657227006,149.26284322887568,53.53431045100146,74.06364925299442,0.0,denim
536.340807039692,735.3531460696374,741.399788700204,604.2457465778177,554.883403948264,720.526788400608,polyester
349.79247107249785,518.4764071211371,548.0703351789467,439.15556546171473,615.4359933010606,695.3901824025463,cotton
354.2066721394891,179.69311445686992,180.29009519470583,0.0,264.47294983912445,0.0,denim
152.61556507378097,453.5698880388893,328.8609904087989,611.50422339954,391.4771070389003,362.8201456444934,cotton
262.4653121745612,356.44010241989463,344.46337336581485,69.58173086907641,129.8540371491385,127.29981322263006,cotton
170.2378231453175,496.22819829271583,700.5392385351433,450.9065624492938,393.80100067831995,610.0767322749278,cotton
62.30656026179874,319.4428135238097,18.71235307104743,118.58142814850069,0.0,83.48223479362824,denim
774.8665958063253,963.9907584238308,877.7068464000566,1000.0,1000.0,847.637592931856,polyester
286.074786763484,905.3859925529435,655.7942383695463,646.2391129446046,615.9964622708524,729.3020458190141,polyester
959.0728713360406,1000.0,898.8008129427186,960.3463966119302,853.8051299787376,797.6936039694673,polyester
141.8421088922228,0.0,24.209101479115475,283.8656853737187,68.58513196131162,195.09236528329606,cotton
418.65530173275727,1000.0,980.3811363424898,381.58914367927497,788.0949015924281,590.986947427094,polyester
960.2802625021294,771.5459353168585,854.1490568070886,769.3373162946978,848.5100843882552,908.0309326458445,polyester
389.844472499955,431.42005391761984,229.09390580823174,177.9916027992326,503.5201570169462,135.37802218445884,cotton
302.5674746812366,92.38967990344655,0.0,0.0,0.0,168.25795974497603,denim
444.2717153481948,584.2177260414344,648.4933988076473,225.59020814174414,244.50053179088223,532.1584157396817,cotton
746.0153548444275,662.7389018759555,879.2699860550706,877.2444309173638,868.0758795926099,893.0260390065403,polyester
889.8678842315165,749.8500776881313,663.4436074879375,792.7832864111161,734.9859728321286,1000.0,polyester
421.87841761890627,170.39780088579195,41.4864131487887,255.1481588910798,206.67925776086832,326.41096532871836,cotton
267.51930606237045,353.956471313454,42.590576008715814,0.0,191.64889949782798,2.4277455260601215,denim
621.4613612111418,791.8337438681349,846.4465019673868,878.2275000847953,950.2609078355359,804.0993933120847,polyester
398.29301571214876,544.7512014361821,466.64118729780495,556.7746318104552,473.70181343699477,297.99031631769617,cotton
709.8695412416125,423.66256189254153,766.245990052009,770.3369103323823,560.339546857095,716.2978958674676,polyester
0.0,61.41007622772352,109.41202113046168,115.965693937896,0.0,114.27497751186542,denim
657.6058597480221,802.6984453196685,852.815912439351,659.4164177930393,668.8782339494072,529.7127355436345,polyester
673.9705631483155,434.1198113938743,433.976573792262,466.4938132916743,297.1136600013228,265.1318349380612,cotton
803.265525498527,985.8556621238653,957.2909766344121,1000.0,970.1545537735905,908.7959273180008,polyester
274.66083073687514,4.250633164649194,0.0,274.39485959639995,0.0,0.0,denim
207.13497299045292,205.60364951640508,613.9506549759949,441.92574338752803,167.17761801517577,254.73247183172316,cotton
344.61458301173644,565.4123009977666,384.47410278030725,501.40068925134995,434.3581122797695,528.8763377567362,cotton
244.39799290042237,0.0,252.44723468555725,239.36781537708484,246.98509429443442,245.5920104586828,cotton
0.0,173.12222293419728,162.05923157921032,0.0,125.00309343873084,131.815585923801,denim
476.9604178995859,665.4446551509743,590.6755141193172,478.7362374352231,617.0586073397149,603.7263737075806,polyester
553.0897814779405,279.31936039763724,445.65964540488056,262.1629659910526,380.25141122486707,515.9253406280658,cotton
251.2697795879285,117.08096333148566,56.704058997127625,36.61573950433892,263.2897513464284,0.0,denim
63.20902848119064,401.4503379786663,89.6937475536437,227.55559864819787,205.62792882376357,321.61582146695866,cotton
851.1677471206729,855.9888645202815,789.7037770522511,990.899928234727,1000.0,916.6657026864316,polyester
108.24300179085448,51.09162639963834,0.0,285.25104963231,6.242304679733657,0.0,denim
438.6118885676324,552.1262994555632,745.740076812303,382.25168563347603,515.1651597761618,511.95753466022546,cotton
442.9857618996868,554.8461235672303,574.5589211915727,619.9296810614119,475.31319373051963,529.0845787834644,cotton
236.28405102719918,84.39526413132755,189.50444333831402,0.0,117.24262442999715,102.40915109304103,denim
97.7626678247227,0.0,0.0,166.41989975394648,0.0,117.16207191915106,denim
560.3829262175987,296.49274886725414,311.09326090615133,587.7801973510979,495.9867924424664,376.8370617946014,cotton
673.2248570516739,755.3806390608837,915.55842098674,860.6390952434567,923.0741146281177,832.5251170315187,polyester
455.20468754705854,383.52368187576235,1000.0,371.0928170764766,657.6649819917204,603.9092365189612,cotton
453.6293827498935,547.9144351794174,820.2299809407419,833.5013968979073,910.7780311755872,571.6551602778053,polyester
896.4330509702936,445.53355744478245,858.2884678419601,404.8939595065306,596.579957646998,531.1898441923149,polyester
178.26892209074867,217.71584768317945,175.44241167511865,288.48473397959253,0.0,0.0,denim
471.8093963011351,323.95672945736686,301.96211531934534,447.0303879983006,525.1034041103765,244.3524957537188,cotton
0.0,149.73179779067266,235.79812586612758,81.5407121112378,195.84669150021892,81.22821676450289,denim
65.94443967746392,379.5240569184636,43.502619227727536,0.0,150.30240135590546,459.75026754087196,cotton
1000.0,666.6750112282273,693.2972211255403,882.2002300171627,816.6802864505639,1000.0,polyester
840.1321478298312,797.4792438425424,617.8612530666027,1000.0,1000.0,747.291625528384,polyester
0.0,68.59468815569281,247.27151034230303,14.773945765989055,204.74323775889985,209.26647459042988,denim
327.0181649424766,254.83054373664808,209.08497111204753,349.3226209488597,422.4571245663308,269.5322291524789,cotton
327.40332174268553,612.1767747518213,474.04795048063795,491.8363912166652,444.7209501413301,124.41141260630957,cotton
396.36053610924887,17.685316653109112,229.63428650533464,421.28007349071436,166.54206211560194,213.65633186623188,cotton
170.89412057136244,277.8734611248761,39.2228787154468,255.26593313034624,412.6075052430216,183.1241838249427,cotton
416.7553631721823,554.6296225536536,336.3155214933111,318.93034467483176,460.1231461763116,736.1176705924131,cotton
257.9301394797002,37.38927662659353,0.0,61.99482621204697,0.0,0.0,denim
264.8170861597797,403.68859664188756,237.33380195177205,746.8646925344876,344.61834233388686,641.1880108486316,cotton
794.8230491645537,992.1622119618544,841.7860538368008,1000.0,912.9263640987064,981.0756839709741,polyester
79.42277993885207,134.47351417950705,0.0,66.43356576372332,215.18969263331505,0.0,denim
486.40577854496087,486.0082551910218,521.548614048663,831.6694762525419,224.70075049858877,409.54253492413096,cotton
0.0,180.22327851102787,205.65945162570944,279.4997395356049,162.7845628236189,337.30438640199327,denim
148.18778940764847,274.04881582460814,242.6171985660788,607.8844977204984,383.7690893245282,489.46649202749654,cotton
836.508151702789,1000.0,837.3654159167412,1000.0,964.1858124869234,1000.0,polyester
511.75191789677797,783.7662370570557,978.8391227978453,772.941485048709,636.3378075681813,817.2733270592745,polyester
577.4461915249801,797.0486495917833,545.9055553618192,977.7241942263033,827.9168391082394,772.9791848645614,polyester
0.0,0.0,112.72879023406252,0.0,0.0,0.0,denim
0.0,77.86104954708773,111.38335888220317,143.24676567212532,0.0,0.0,denim
99.48221313307117,127.25809213844735,269.0935604000006,49.500991387102474,0.0,317.7542438925747,denim
1000.0,708.0185829814723,935.2696842133658,788.6146190302663,1000.0,1000.0,polyester
828.279514162837,946.8353545913151,932.815755439239,968.0434883246267,1000.0,693.6045459624878,polyester
334.6105200107262,0.0,98.69283206772283,0.0,67.15256083508572,208.6138482843787,denim
746.2123081325133,1000.0,965.9007291247893,640.9082417882578,890.2155485607948,684.2332258643402,polyester
294.1650873461971,449.33693452695104,435.78283316075726,685.9439503210846,439.4019330869379,381.9838282580996,cotton
395.86448347657347,0.0,14.068979146738286,301.3149937366809,131.00468282391992,265.2573709294453,cotton
890.2224778714262,1000.0,1000.0,563.8127423380388,1000.0,1000.0,polyester
29.750579685166855,91.5394456909934,252.26628395974575,0.0,0.0,212.3321784306176,denim
757.7170742035859,998.7602004417627,707.3810459175903,1000.0,544.7750317014384,914.753593020637,polyester
570.0028477712879,362.5034100659254,409.06248654636465,439.8512241810384,519.231301859249,543.7031496180425,cotton
326.2186921811633,0.0,50.55744661187022,284.06741277112366,21.705243900066662,244.62805051232598,denim
282.3775535594092,305.48674623410943,282.685801076812,658.306097018354,414.9750584340997,789.7962097352959,cotton
132.087459620628,18.379177687740807,0.0,0.0,253.14011022083577,30.82018435152939,denim
108.04553958159737,108.32030195023123,0.0,57.87313495953448,0.0,27.125009166255346,denim
58.80014332140752,231.63195875426817,176.5043819000742,168.58521865381476,533.6675859425925,122.81391924759447,cotton
389.3091976191396,382.66785915406604,236.13541359595652,252.75364532134603,685.1008995785107,643.7753695639273,cotton
124.83041076406884,37.5998348853246,120.2712942623222,0.0,0.0,237.50823795821626,denim
537.4033803759257,363.4744728644331,618.2496605082027,329.67860476150804,417.661575582316,172.42307643779492,cotton
561.2306912191284,792.3409013457579,597.1893036696343,389.4204078199973,598.2613749170675,480.72188643776843,cotton
606.0531906762517,554.2913872391335,589.2036748184657,707.3958939302365,849.2502061019651,542.1414626758293,polyester
905.8270444154006,917.6305228953215,713.3133180370951,1000.0,892.0498283838001,1000.0,polyester
170.472846508611,557.2363076279705,180.51761119465732,156.86283334762362,0.0,0.0,denim
852.3422136579725,1000.0,1000.0,1000.0,1000.0,766.7087974933464,polyester
194.576766925706,0.0,141.8077754630994,34.04294507009609,245.18030534383666,245.59138859863793,denim
813.8197934409977,1000.0,1000.0,1000.0,1000.0,970.7367216946865,polyester
650.2706936785527,716.954589804325,684.566608676574,854.8609887045279,935.3689040569633,989.4135701726472,polyester
552.9933837431621,834.4426757764738,316.91539498918087,634.438390315043,839.4534851740023,967.69638014814,polyester
818.820457537438,606.68293677113,539.149389228618,1000.0,881.5543418723265,985.962574662422,polyester
490.0184504411877,561.6143105657142,698.9171899587226,305.6379492475303,301.9072948506682,684.6055767296891,polyester
607.629113980744,644.6808317061993,452.42695997198376,155.21038910588885,431.2574047518016,448.68714575934723,cotton
648.3529180594169,754.25948708811,615.7050915065145,907.4054190530013,745.9487042255718,873.375788088705,polyester
136.81255157225672,220.9838365410846,0.0,40.43741517646685,36.37988022142486,241.75595543177454,denim
989.1441851287532,772.5929587770028,652.1009764290117,490.1497034750696,914.7901077374638,762.605188338569,polyester
0.0,32.12335462628545,0.0,0.0,0.0,18.686856230844036,denim
0.0,167.65656648805964,150.08719827017808,0.0,0.0,125.59220740588077,denim
1000.0,1000.0,745.0539437746892,945.9536987153053,852.1190368786789,1000.0,polyester
73.04688315900833,220.51571742499107,128.3607590631288,428.41787138578036,276.9516418055693,269.05364333206677,cotton
715.2740316518658,1000.0,703.2704170401691,1000.0,1000.0,819.2766485823053,polyester
309.09969735186536,541.3540685791205,488.9411450205056,220.36055028449886,777.2428428704611,882.0800918773268,cotton
809.7538862333589,963.0121601314431,919.895370848872,747.9730214470817,951.2338385279542,1000.0,polyester
0.0,111.6431438279088,100.8776748561226,0.0,211.42330289092519,268.2663355103576,denim
521.5654283194117,583.7029001514464,648.788081662368,855.6046279763439,842.6149571921006,639.7104447841947,polyester
904.0512429625579,739.9688589456472,829.7452451521256,1000.0,1000.0,888.6655972952263,polyester
0.0,86.78422875203569,0.0,94.73889427902012,65.22357299856037,0.0,denim
291.86317939352125,442.3990689176486,340.07259367599414,528.2711052729782,439.98670188374086,706.6115976078366,cotton
148.25597021003983,145.58393395225002,171.49512276130554,233.8420970678338,75.84305986724002,292.6850717634823,cotton
0.0,155.68663024570066,413.720275782789,0.0,0.0,0.0,denim
33.61858126792629,77.01386012031715,0.0,146.89437671280604,132.87705912473194,276.03589680425563,denim
826.3315176462403,885.5510005099641,843.8491330622252,847.4484376485769,871.7393850465818,898.0033038768272,polyester
77.87091858887564,215.16085855569438,128.13790265378907,0.0,0.0,20.750427881021757,denim
51.97167668986564,103.5042133553263,16.752770004874073,151.9759630496984,158.97797649162996,0.0,denim
107.99490145604041,0.0,252.36017424424057,0.0,25.82643450051973,151.49591065570718,denim
549.3703103920236,962.4886805095231,659.7984317815115,778.7587936625825,581.5440116242874,901.3449367026798,polyester
170.05568596600614,61.74591438894508,30.670470271980186,42.583801822825066,0.0,41.4857741829158,denim
314.96211500086775,71.24794209481,229.78775268093653,238.41893261862927,201.29484590504836,0.0,denim
29.163988950666457,52.8991760756367,357.4734759391139,114.3150013985192,0.0,520.1209465605383,denim
161.5777762491847,4.866948347065474,310.5690501146254,0.0,97.80144417722894,0.0,denim
156.2023689238023,431.44131375139,200.51755709099538,283.6238833654798,234.99691759153853,131.22470481594186,cotton
956.7463688541095,1000.0,876.5577570465589,1000.0,817.3483836590226,1000.0,polyester
593.1260310852705,473.1203375635229,440.0251722933945,538.4115292227722,429.2322306602671,322.3135044514843,cotton
459.4638341248241,406.8348593234657,475.7198034040645,641.968534471605,230.06841056597528,337.7948834784273,cotton
0.0,296.53577864262866,94.66577335463342,137.15163234994918,274.13780797875904,465.3182695778871,cotton
438.46847023685905,415.146391019744,602.9748194951875,579.5130986460538,273.74220719036316,644.1454768781662,cotton
545.7947999156243,376.20303181091487,464.5893713473684,182.73564573262593,667.3741374567703,590.5552309214265,cotton
162.52797702284494,257.96552880265966,217.18604919694081,217.82824012675792,232.8484417298518,298.3720496408103,cotton
220.8346982423201,23.33657514762278,0.0,47.27983447050584,0.0,0.0,denim
0.0,88.74670058741741,71.07286473130503,294.3692364039373,261.10098185981576,7.080476412650789,denim
653.7396799740893,858.6655447048258,687.7821552625295,973.3566440118902,824.2759932540484,986.0261456660754,polyester
137.64845443456386,168.5931912242155,0.0,191.22034745227592,0.0,208.68915951122978,denim
0.0,0.0,0.0,0.0,0.0,120.83859434808082,denim
52.140085227669466,173.20329625923574,116.59176955207897,0.0,272.40415900234086,0.0,denim
282.7726759949873,0.0,362.7115838378012,0.0,380.73793727118897,204.97995949308336,denim
447.4830045195004,686.9322749730443,932.3080317089776,1000.0,646.825734698377,635.6379833124442,polyester
0.0,0.0,298.63214996363934,0.0,0.0,8.831190241094234,denim
49.941612131351576,40.32066821014428,324.9952435709625,240.57399005258722,261.30572899206413,62.50720625216135,cotton
79.26532773769011,246.0494635997478,267.93537950813027,98.8693896717843,0.0,0.0,denim
645.3829991255236,554.257967232651,1000.0,520.2524724188104,886.5574877738019,1000.0,polyester
591.3663245300271,324.02735478561084,347.6591030735658,406.7677748259172,504.99991867081883,272.4570111725701,cotton
490.887053338855,585.3963770012763,302.3727005122361,517.3919458913286,536.1257133305315,356.8378180793519,cotton
694.6881577713871,571.1788478907158,770.8337172671584,707.2809658647705,591.8908693010308,766.3341901428771,polyester
143.4490300122152,87.7425526264902,85.48502385642318,0.0,129.2370228903337,0.0,denim
781.6132392069122,659.3554544280271,874.7820363158023,783.588439891141,783.3712533205421,926.3965003176761,polyester
0.0,210.86578939220527,38.50529907147444,222.02718610116975,0.0,307.2668394587456,denim
505.72103063016937,546.9139292177363,369.80267465868803,567.2791984272299,212.08428594940375,660.1852806163736,cotton
0.0,213.68479111347582,341.0143679889036,269.2400391458244,5.989686776506815,0.0,denim
982.6494273790561,942.0401463380011,710.6590627001439,742.9224558686395,902.4627071630874,976.3695113223606,polyester
278.5651279704366,101.6864397403369,188.68255248679313,284.5155698936343,244.80335513921136,155.09064073951922,denim
830.0323990996789,809.435057368976,1000.0,992.7390393465913,989.9080011511968,1000.0,polyester
170.82408983319974,85.74651252603904,0.0,504.13774668634437,276.42886190987394,274.0327402967689,cotton
446.02757353742413,602.1364757376117,326.19831153292773,487.96209511097203,489.3656523601697,586.8013451717914,cotton
0.0,530.6792002658663,358.1879336728665,151.70373311876375,156.23852892611444,599.9473542051016,cotton
124.4185228869305,0.0,158.65206512232376,203.5676087107435,0.0,33.28807577644386,denim
85.59947934816469,116.10020718481255,40.37056027082816,16.727289923752963,16.950870748231083,0.0,denim
859.2882838491621,871.3150180585205,878.39411348117,863.633494433828,1000.0,1000.0,polyester
282.641447580097,35.797429908528386,0.0,0.0,207.48445453014392,312.0223902806764,cotton
686.2303222061427,872.6279508878141,1000.0,1000.0,753.0363713687301,492.1408499937818,polyester
0.0,60.63702993095529,88.91122452862342,0.0,51.633891652938644,0.0,denim
88.69060079845751,0.0,156.89878690654413,350.13624608292844,35.493916595352374,0.0,denim
200.1524129163114,0.0,135.6769839985065,156.02596922351913,378.4529032269046,223.3802824057516,cotton
804.5983683292612,583.6253016407697,716.2270735491256,779.4275673734415,1000.0,1000.0,polyester
208.47649888874344,142.39104680628918,515.1431897424104,439.54844921019617,147.52080703783884,827.4028875171675,cotton
336.1086658182477,196.85905778113363,0.0,221.34929155382832,245.8025544519303,0.0,cotton
0.0,0.0,139.79465029331146,69.11728541872256,117.58183749012724,108.70825307940416,denim
659.5960517375295,693.8374545016057,398.6451932806626,460.0365719151311,753.2960822069024,747.0066203510274,polyester
274.7944844609946,77.5149981638245,25.82637097047906,0.0,342.91675489004245,32.52741179960772,denim
0.0,166.70393714918976,0.0,141.41340209922757,47.113479500649326,160.86482262401583,denim
787.6100734623446,927.0161936706363,773.7385078189935,787.56734319282,1000.0,1000.0,polyester
106.25480132358368,86.52340438618495,227.49965824540573,140.94303150824513,53.58370404437224,193.74304247443652,cotton
54.28968526543012,100.03973831466067,0.0,0.0,0.0,67.69946841938904,denim
0.0,0.0,32.31500761521923,96.62477968568497,0.0,153.11703299301817,denim
364.12967254859944,486.0498552052926,436.6800456262171,717.2720154582164,524.6118261841204,610.1891885214752,cotton
350.38124920444614,0.0,0.0,46.07825370213399,171.0108405630761,108.84687275229965,denim
564.3383287006404,813.7422906668994,1000.0,723.9729643772719,483.81119893372284,816.444921717893,polyester
228.26716681014616,374.83324840201675,356.86426834262403,923.9848601918422,543.1634993690304,1000.0,cotton
400.3445615293141,733.7286794901966,571.1550029713864,563.6430470539644,769.014371626076,790.3684031223087,polyester
1000.0,681.8504701098475,761.4230648622018,822.1671370919653,903.9216274579841,1000.0,polyester
132.061151870305,115.70605905045888,216.35770008025315,181.39246098325168,58.269737082909046,177.02820055345904,cotton
887.2500650193145,987.8125404073935,1000.0,911.1783654703488,1000.0,1000.0,polyester
55.20610875439254,275.00325995158795,459.29161954868914,95.66930951239247,54.9526268188895,90.05438866840672,denim
71.68614108411865,457.5689017093497,348.0109802220686,390.15487193331853,363.1413436049012,0.0,cotton
65.22753264238557,80.34163526856874,261.5585978916683,153.11000676794993,42.63628754343583,0.0,denim
528.5606177167404,480.11113905617924,489.0401237792115,415.7818732895173,316.6027217949649,131.76658595909782,cotton
1000.0,866.3221637945945,827.4178599777172,1000.0,1000.0,817.7583016559865,polyester
0.0,211.29375178061383,308.6561079484749,93.15411887300117,13.32414129359558,0.0,denim
195.50876950529022,0.0,224.40450175315624,147.84285180267102,102.13522196844436,63.17719032321379,denim
262.8405135401765,451.09208268230884,456.04902897300656,643.6050064904792,693.4487228888133,759.5498142926226,cotton
119.40889486876321,56.15643604739495,485.1573850459039,271.8119911580614,460.2592978123321,530.3284194758488,cotton
330.14646882607855,40.45803814778475,0.0,645.4271483457901,50.939410546184035,56.05426997720758,cotton
242.627446732843,126.17431184742634,121.2000545268487,0.0,150.64803989271053,0.0,denim
251.41970922949605,0.0,0.0,4.670009097168055,298.43184236435377,0.0,denim
861.9580986763935,980.9861141048448,665.1602861306378,801.8385865900693,1000.0,749.8384389151945,polyester
734.3198359027257,830.080487832832,871.0828411271555,643.8908534557087,1000.0,908.8362247185781,polyester
295.86882731582796,127.67831568208267,58.58383402944466,402.019538157646,0.0,498.84195040298516,cotton
725.8109963160127,537.7906651176824,731.1106238118242,1000.0,614.1181896951142,740.9024682371397,polyester
19.539745606245184,0.0,75.87983365134271,0.0,0.0,53.63190876671033,denim
690.1615375320434,659.2674452872874,959.0452016987678,1000.0,1000.0,924.1954072915202,polyester
592.7511288499686,654.313467735894,486.6264108179489,717.5930237071522,985.2614401345093,650.9141288133023,polyester
328.2537812063667,210.56170159343523,357.3010918415172,392.0840061022126,56.2819676939979,284.62143906876616,cotton
0.0,32.41472575589426,71.63874442734905,434.33409922712093,456.59822360911,0.0,denim
186.90455846229153,347.2810676219499,159.09380532198304,325.22306601970354,0.0,0.0,denim
434.73385634636685,327.87243812948435,265.98715644949243,455.0129981690609,374.1519942893691,238.88028746102293,cotton
170.253222345408,276.49571651683306,36.404424788261906,134.50572223059845,192.04829336547112,54.65051734514974,denim
512.7972033894944,273.08759085942995,630.3162696638615,592.1962618283064,662.6260924629476,723.8356001220212,cotton
268.41931438457067,401.0807634795446,575.9307295898805,434.9709912801101,583.976009127545,619.4187755274,cotton
444.8953858705731,842.179261206568,559.4013282707567,478.2035733204059,605.4982746834603,1000.0,polyester
529.1023475722887,781.030995320624,543.313227426366,561.7534934259381,802.0353580242222,576.5945271428546,polyester
235.8625780832423,37.32532423086021,0.0,266.41334639477617,0.0,230.5465860339732,denim
293.7084604060954,475.121268077192,323.3455142276015,671.0258910002171,357.91597417450873,318.0222972974743,cotton
695.0708455298375,842.2179151809388,686.6613264757094,830.9777446949633,922.5803244058545,1000.0,polyester
0.0,120.57042366541208,198.38982333647402,265.0312539328993,96.56985816213691,547.9308659548658,cotton
330.30301716491255,160.97158705121055,149.17544742475565,261.4890209218431,240.5327919700315,128.96705443356436,denim
307.96164158156705,484.64269716414424,108.11331043724856,0.0,157.19269445427983,569.943221702019,cotton
215.79418140370876,147.779050922218,79.0250635802435,13.115979910581572,34.88034064549247,0.0,denim
242.72750041991134,175.65308046017202,63.50107649037142,400.28175043425585,0.0,39.39356324958593,denim
852.1488830387906,881.335383136425,954.3865447580329,920.6689137409719,1000.0,744.1983316369075,polyester
70.78313715423624,0.0,0.0,0.0,0.0,59.85357360714713,denim
164.81265010825723,268.93638765484496,127.88967892896945,248.98458935848888,445.56827727227443,315.1089429379716,cotton
313.5578371641088,241.70383079159546,303.6802379717851,624.5793525089882,666.5887916706304,504.1662804760458,cotton
451.18642500247006,0.0,0.0,0.0,0.0,0.0,denim
278.71603421902125,529.4733452347411,313.0601980396474,279.3480416461173,267.4249251158162,192.57401506074305,cotton
320.9591467198364,373.39034320078946,432.6911292434052,405.486700951647,420.2011868909712,581.8269069707676,cotton
246.61065831092736,83.20578752873584,222.34016819848796,0.0,329.27391373586795,226.54135416198264,cotton
508.4859651038631,803.4449736404787,843.6843199469401,778.8786460120208,704.8573977124028,598.5601949420861,polyester
401.04780800452977,69.65223162121495,440.90810450049474,225.91314760990602,191.28451909973194,0.0,cotton
625.0617786915225,771.0010643736961,606.5115951632105,937.9387202359993,931.1636916824367,894.7671348172959,polyester
429.2333986087662,575.5111329362676,531.2335773399559,379.4337624026323,208.49975971205032,252.88649732304472,cotton
338.85190995885296,215.8241774071553,267.0164966010652,76.45629344185954,246.50337189999277,124.2513123644988,cotton
238.69612432502302,0.0,150.6448765491175,0.0,355.6661264750083,186.07259368884368,cotton
105.8368939151612,173.9013113657722,114.48952735726161,0.0,102.37568319200697,39.892575651505496,denim
878.6019417094377,888.2107961933255,622.9471845048334,1000.0,1000.0,810.398597972983,polyester
381.9747611597327,646.6679772687767,676.6560124642277,520.1256409289688,448.8363979064669,911.8386142740584,cotton
31.541613166728027,6.022117831502868,174.61793687305487,78.03641141052361,0.0,0.0,denim
873.0106547959747,1000.0,852.3710100457773,829.9845199034528,809.7204127416564,1000.0,polyester
393.86103649675283,463.0019148091529,128.6685549296379,172.20655712391067,180.06807892701985,231.36685833995205,cotton
178.36767429936486,83.6033570783046,0.0,350.7198945991847,585.477641247755,156.3475039350662,cotton
273.5884283414115,383.09399775216883,398.56131562991885,550.2900585422642,547.2589864209597,616.2658701173837,cotton
585.0528764873297,730.6966614736818,644.1152038810899,594.1388285712675,572.7125428302284,629.0416396257975,polyester
530.3489917492976,298.7132890303422,251.382850891061,41.37262665444746,329.3915317079817,370.1081676788565,cotton
1000.0,904.2061987289454,1000.0,823.880086024936,727.7699872318574,1000.0,polyester
193.77201682458144,62.08778333796264,298.6499333361893,21.401724309057826,0.0,0.0,denim
666.698474673878,683.7043973941261,699.5694716127681,586.5688423291233,891.6347875518414,771.6667969474812,polyester
171.6583389864906,93.36609585247817,25.62598252713046,3.1248952939534576,0.0,86.04267247597537,denim
0.0,82.75333634339884,130.88113433362162,195.70131495761615,0.0,294.5329158009987,denim
736.9538682163615,912.0854181360789,942.4308173046617,993.9015497243664,855.5541794501706,929.5905363784733,polyester
219.56773891180057,0.0,0.0,235.61605670671895,149.13164813857074,529.4427409043095,denim
301.03150294228885,112.06911029261124,116.81399251794342,0.0,228.86212875269112,385.85256653688384,cotton
741.1312611664453,981.9652815342001,953.8232367520994,950.118098616767,893.186997949731,557.156183767416,polyester
281.23661394807993,405.86878851762987,503.7668225274879,162.53657332228983,464.49124623876526,273.32316754701685,cotton
813.71958041582,791.9755129269344,1000.0,930.2490813953327,1000.0,1000.0,polyester
875.4474759245277,700.7019056931989,692.8230472246617,559.4557075754866,876.1308031535553,530.2052610609909,polyester
129.54228619401692,158.15720120977716,224.05278005024041,704.8673847421492,770.0493536075734,637.9284687576047,cotton
651.0689314470167,521.7856152153499,776.6012673553093,741.6713989960296,485.4956756195384,751.1308354222074,polyester
568.6656532151189,860.6369944958668,932.3138481261215,1000.0,870.1277677270872,723.7124212459421,polyester
11.567225320196968,0.0,482.1282183982484,3.2384730472587364,0.0,0.0,denim
34.64558551555445,290.06591172751985,3.540516742545705,0.0,139.5423013166601,195.92082538881726,denim
37.457820388427535,97.19053986302052,153.53109563831006,0.0,241.63246266607538,0.0,denim
308.8830713950667,445.0111201694847,889.4301269168989,525.9186521121862,550.6522037413672,726.2332533148763,cotton
539.2361347801597,544.9597862579457,695.5028489021643,898.7524405027302,548.6740459797642,947.4981871355678,polyester
113.70483738965662,205.29407117395655,212.776071820364,301.4969527320478,135.83493568327967,204.76863657138395,cotton
0.0,0.0,0.0,25.26308153778138,180.52042495307902,0.0,denim
211.04579941801515,79.802917212001,324.2202359777718,43.79383510749592,175.3540251732673,137.36889914024908,denim
497.7526762853723,293.3710200961556,279.1955515061626,487.6867613147947,552.9170738657017,459.1122028346947,cotton
223.20211279235258,58.024704110051516,145.11365168250552,401.24923372364805,84.28269181760902,0.0,denim
0.0,0.0,8.612919527378281,257.36545817658754,74.78092151320114,383.29229580320515,denim
128.40864184204406,0.0,50.51358826545574,104.30138635835871,107.09501845900157,0.0,denim
188.98600526660138,306.40067631894175,0.0,105.38051666794932,188.46342729798437,0.0,denim
0.0,214.55067038680232,294.0094385082898,138.5218359899333,164.92790067454604,111.76561784285968,denim
82.64930760459225,278.7099256193352,23.45979898649461,154.29651499957998,60.9933098886356,32.4338166203752,denim
170.96458872474548,400.48178128177676,29.702307107010768,152.44751146100674,241.2139257869642,515.2729792287168,cotton
1000.0,982.0536379984784,1000.0,859.2727121996206,985.1330853954588,932.7556456827411,polyester
972.0058100306168,790.4355909516246,772.9441512945531,1000.0,677.6308029977274,853.1573850042976,polyester
0.0,0.0,140.217222042146,93.57232292251655,0.0,126.49331091251881,denim
943.7919646005798,829.6202286862667,813.6804872725625,841.9260591169589,799.3203161719161,723.5696280439425,polyester
568.0161817306739,808.6155218615979,943.7598759586284,1000.0,774.2811449129674,873.0898501311889,polyester
844.3457372763899,1000.0,370.7551883150163,817.7818877982003,852.4619798154523,788.6202945449504,polyester
1000.0,856.1620752095694,1000.0,943.4480059516225,991.2563289178674,1000.0,polyester
508.7929927651615,935.93275384751,620.4597543809475,1000.0,868.2551422263125,626.9459925068126,polyester
659.3794640880528,590.8834322570176,607.8748683445717,725.6524330858673,823.0519968831808,826.958973802384,polyester
110.72021654270695,282.5039900289064,65.90410605286418,0.0,207.43550646028876,0.0,denim
263.50582037287484,446.72128157385634,0.0,185.09054565619724,160.91055769824462,399.8761631189329,cotton
125.67629821311706,0.0,94.98094335064403,316.5503561118378,111.66786802033653,278.1727874294444,denim
235.84030896201043,22.688327754026673,0.0,0.0,177.43804058459335,0.0,denim
73.86453232099981,0.0,4.956680776771329,0.0,0.0,481.7085854478433,denim
737.854934269913,657.762349269155,934.8013607012737,1000.0,1000.0,874.0692735063708,polyester
738.8303029701406,769.827818259969,819.3947575383695,585.9519032254682,1000.0,597.402397826102,polyester
998.9962367743535,893.7181041080796,872.3262964816703,951.6450096902033,1000.0,1000.0,polyester
275.85255353725887,204.79423836932008,450.92101753776853,401.64603080909217,379.8108754825514,335.12154285790126,cotton
22.83813713056135,191.7445380880344,236.3860424895803,0.0,177.38334295547043,81.2135556671212,denim
430.8872647222652,305.9123098500237,616.228278202761,494.4965369452527,632.2704426773413,881.4231906861284,polyester
768.976577016161,1000.0,680.5915314131034,630.663619216092,883.0945888165508,1000.0,polyester
6.808255836753531,22.86893494943628,0.0,152.51647910688726,228.60177830754986,418.32460718613896,denim
690.5312562514669,700.4932955403797,714.7358027770496,726.3914694469311,560.2420615510941,733.6833670267247,polyester
220.69121950157773,177.86796801253558,0.0,0.0,0.0,0.0,denim
163.4281944558236,405.03249537525727,412.68089696709603,43.53395303431711,180.04573446452898,163.95281040438488,cotton
260.1813730944286,60.166085182213266,0.0,19.753456786390416,164.24231908455954,129.10273678918293,denim
371.48448061764884,0.0,78.12197423993322,404.1533686643022,94.1668583315228,336.88231910100757,cotton
231.63059846707574,215.3367869217542,263.381163185285,105.90809575768785,217.66227751468574,312.25355231289484,cotton
584.344713830927,643.3886683072766,659.6318051826433,613.1783037145739,743.5343873658262,595.1959878951727,polyester
303.4192291562658,0.0,80.11743692685423,0.0,0.0,236.6870833673084,denim
371.4705574165032,429.6096387563202,597.9256419243312,398.8939376726719,81.52596676154883,865.5407498063028,cotton
202.62377114974052,151.2921333292059,237.4808547206177,290.18687444630183,79.67729329693839,263.65278062561003,cotton
51.092819844000154,0.0,90.90193258245458,420.34535022656416,106.07009507719839,366.5853425382573,denim
55.70573191127296,298.415929201137,244.6755359310431,256.39146544782454,316.5439395222784,408.3093984925815,cotton
0.0,115.03975883284737,0.0,219.54165920757856,326.6102676352844,657.9439681609468,cotton
653.6661075812601,458.4183371786578,658.6259716294622,771.3009827312519,828.0919254317326,709.5379676239917,polyester
278.78856506586686,343.99077631798565,468.18740310997674,574.2739427254718,394.05727261546525,545.748067006644,cotton
604.093943150856,380.6447806196527,355.90159191868497,139.966796733048,98.92698308514804,410.16928345862175,cotton
37.0146154158449,193.25409052453404,313.6054618677823,601.949945108623,304.24003136875797,186.56221487395462,cotton
0.0,87.09871258929972,27.109440683031597,50.91342899599714,12.24795880848064,123.00960133781183,denim
262.54604733261016,146.56472419365002,398.13549382245094,287.3585091009649,412.7941924884975,508.720343439324,cotton
911.0011168667253,787.8953940428796,652.7226951893821,808.0897673207378,906.2038205728768,979.1693289042877,polyester
385.07009112051736,596.1007425180961,467.4318008721385,509.52990390878745,697.7941000032474,500.4181948688862,cotton
263.0414568759486,295.6501357538651,176.68471092940263,482.166753190549,170.66268851623244,292.6437456127545,cotton
0.0,184.5283244684714,155.74580579810504,0.0,247.27249284996805,176.58421122130244,denim
303.9757010352999,528.2118061954872,405.14098903817415,624.5184566649153,862.9810913855388,667.0098920230174,cotton
35.16060182257061,0.0,475.3226946036691,260.33552513301487,249.2741004709364,390.01107035028326,cotton
0.0,0.0,374.2229135909627,224.95041837662785,114.79807546870043,105.32894305584335,denim
735.1791537884176,743.3226651766643,1000.0,815.6254160957908,679.4731496404058,729.1246967971147,polyester
0.0,0.0,330.4656730623874,4.9221919792106945,231.33912852019347,0.0,denim
0.0,0.0,0.0,199.5161972230655,256.88052676896933,126.42740011738621,denim
697.2380165587322,650.3208019453839,744.7762401104246,914.9780685400807,800.2917671790524,1000.0,polyester
0.0,0.0,30.303289565388077,0.0,171.39469153487966,191.54791419690918,denim
714.1698045692506,726.9185274655068,773.0073126397817,987.1504765281686,865.5907092247952,806.796184303264,polyester
229.22316985970485,198.25208418326386,190.26037344472874,343.6201032386599,315.0904404403355,239.85738100478588,cotton
306.7118679812262,79.52323060991213,0.0,221.31180952416202,381.02891551091454,54.848715104699835,cotton
785.7475067464784,791.4659421641492,1000.0,845.450027814997,946.6743985340125,579.3186234750525,polyester
554.1934013679983,352.3738296504167,790.4072625964085,543.7675580640401,482.9435585728185,541.1997227462012,cotton
89.87883734244421,243.83400815722598,284.72756764635756,168.04536538487096,183.18742388964372,291.7274744108877,denim
598.9920536789368,618.4357173016167,766.1691270779173,477.77077685261946,962.9104986788168,809.130936197089,polyester
255.92798213824187,303.7875582023141,253.73491297565693,290.8103102594084,149.81972138459028,598.4839799425908,cotton
209.66355710941184,234.27609541612435,94.63703641925545,335.86948917625307,250.2317262831925,230.2376731584992,cotton
336.6421032832577,208.20517028740895,464.2697953431137,84.62550468506129,202.58838121641463,543.2407843151835,cotton
334.0489667543019,392.5451243131195,783.8127634411787,515.6586582654687,604.8149413434927,346.34589437816055,cotton
0.0,0.0,29.940410930990623,190.53224894062726,278.0869710003916,0.0,denim
153.09548900638578,67.16394899030742,0.0,151.18215358690617,15.805760415518229,0.0,denim
183.4193750829768,104.55830487503509,398.6554992917301,375.0252629155185,284.9245937849441,0.0,cotton
581.5064138824002,705.2812554846846,938.5685910909292,772.9674353495196,752.8087920946722,645.3799225230605,polyester
835.555765893851,692.4208680699167,867.9196856945566,742.2464332355337,934.6224177972595,1000.0,polyester
0.0,112.37100076401192,68.55671477671855,0.0,114.04936181832629,0.0,denim
910.5835180368252,965.128675892246,889.4975373673725,1000.0,834.0367456743356,911.6640372527056,polyester
612.5682958436342,773.01410941126,630.2490614174718,804.0266249349938,731.1189608670843,813.6752696272422,polyester
650.1634678904355,685.2071245517235,916.517434106121,1000.0,692.5276549552766,709.4059389076514,polyester
295.17464860568185,201.42950265002324,99.05024555719478,109.94615162002975,341.33665340404065,269.97085789935323,cotton
736.7658767256056,960.2797117897984,1000.0,1000.0,1000.0,1000.0,polyester
742.975590283824,1000.0,1000.0,754.2923163139649,926.5601205760021,1000.0,polyester
232.09927055045898,0.0,440.282381842023,0.0,58.30860733612769,130.5468762060752,denim
314.7032930675246,289.97106194394973,509.39326410660294,501.7546696095779,463.9482945864825,516.8038118683859,cotton
458.71820358497246,951.7174498810489,539.1293813892852,716.1862479439055,928.4247108305651,543.6034425762081,polyester
584.967546847934,567.3189913635512,842.4008421684689,982.466743450597,716.5270640991187,819.8857311212645,polyester
266.4834435677525,0.0,38.303388719678296,43.20142863646163,188.47137057519723,346.3363842634127,denim
528.6596079783849,523.1121817618117,270.82333748263335,520.2965336711624,616.8493067826275,798.7643795340665,polyester
503.54558049673005,367.67238778941646,850.0027626921063,736.475072584504,973.9424003127488,981.1121697612033,polyester
181.8692689120829,150.958756480889,56.28917181426828,0.0,262.3673400562786,177.04988068514342,denim
47.58710955755184,207.85561025485165,0.0,424.45918748276716,242.2134210806147,68.46972936027386,denim
455.2975628875581,74.006367510227,217.5258224374932,368.87893974971865,510.4965565383869,310.04409914014553,cotton
97.64678379852292,13.132075375105131,0.0,253.96105664706363,112.87621127968723,6.37615546981521,denim
0.0,348.5785605910281,180.9415575155731,203.98112074830556,474.6524436205683,202.2438036394151,cotton
113.21317018810663,0.0,90.66232363439691,56.1773652858152,316.49545511036365,220.4031368606129,denim
362.8818066929267,0.0,99.18292860507493,184.90080158961854,0.0,0.0,denim
837.3539371367239,597.8318073087826,695.1623309968552,694.3473878127838,624.0734782018641,941.01551405016,polyester
880.0340025083949,566.9215322335257,729.7628807491992,710.3636694235527,561.4342579544393,746.8434023858902,polyester
47.06141686501536,161.15531359782076,99.8547541480605,122.66965912755491,430.2983341873148,0.0,cotton
687.5537621670725,498.4656521158381,660.2598210058862,712.7276981716305,426.9543733045387,531.2948687715975,polyester
740.7483482386533,854.0720844305196,916.204629498045,857.1504500118907,696.8925931391251,875.0211030196879,polyester
712.8484984677326,793.8846069511497,590.6660465387614,739.1721384744895,706.7930696020386,916.1328830445583,polyester
23.91174013635481,295.3785856883172,268.3041451321327,284.67145245291016,0.0,406.8222536334099,cotton
0.0,94.17628141293261,80.65752397593052,105.62932366037361,101.06725205016235,189.11792116406392,denim
98.27991278766054,235.2408436364228,200.87801790584592,200.38065044758503,63.44068983547555,0.0,cotton
306.4380882168507,0.0,597.626188058641,93.76481475797749,0.0,319.58504040354273,cotton
290.31171546058164,268.0464992001898,195.6846055389216,242.2312198121346,230.63182600904372,386.6725986031064,cotton
112.13888785624515,26.794381105246316,18.394626069382376,0.0,57.717856696733975,100.15822391474617,denim
0.0,81.92475260555568,30.082153685990647,68.90862655072104,0.0,154.59044879580964,denim
778.2692981274308,1000.0,680.7055903749797,1000.0,772.8886764785434,658.4909600209337,polyester
20.156120365986325,6.842076406534844,181.1382274483041,0.0,65.91494878375302,0.0,denim
246.51563727071402,311.51168416672476,0.0,437.20745060265523,11.748676234544007,305.1128468437243,denim
874.1413946723609,972.6448426025612,684.0220479378875,817.2423752591353,676.3586033520876,858.0478088494106,polyester
330.43471920787727,305.5121601532968,137.3316713439221,297.02645624323236,439.18323775271335,654.593546197973,cotton
0.0,0.0,0.0,0.0,408.91521893965563,0.0,denim
16.39256607207767,103.5404586293563,190.08413001018727,675.6199260407178,450.9598957806532,807.7120184730636,cotton
623.756920325599,1000.0,804.1105278669302,940.6683928042225,727.959082809223,892.0780118373748,polyester
277.81329013095916,116.63008898469852,199.6326862240959,0.0,21.668962627802152,194.96021081898772,denim
318.6965386439713,305.13811999719064,459.439392413085,375.33549050749286,523.2966569243504,463.9322236377845,cotton
277.47588630565815,585.6568178365725,684.2411120138809,417.89895808564324,478.2547673214712,536.4909986615266,cotton
600.5111976428963,273.41076925123866,551.1330607060877,530.6185345725266,597.933398506451,612.0850694074022,cotton
283.22342062472717,18.188683449757477,161.52036568607437,97.02962139188305,442.58532707336985,0.0,denim
373.86703997976747,484.04158948437197,730.974323954233,453.2265817629868,193.47527165701013,657.8824070358189,cotton
33.3982384388829,0.0,43.275340598890025,0.0,0.0,0.0,denim
770.6392229272278,822.3303058616468,922.9582208407843,722.2445303316842,1000.0,921.7943032061727,polyester
107.81540438629123,234.69145270305933,80.12699993847716,0.0,0.0,0.0,denim
410.6255649822326,229.1367420612514,461.1939887396245,305.6095307521229,381.0186155981587,206.59050545982433,cotton
872.9325201964327,1000.0,896.3647037778467,1000.0,1000.0,1000.0,polyester
921.6685252271639,1000.0,727.7526975726203,1000.0,1000.0,1000.0,polyester
281.0381001425803,99.95157861435213,176.10565546152583,72.97161078774883,392.3817004976526,211.1829376321598,denim
233.50975254232995,73.84171826006741,339.6357675907925,547.9380845390675,572.5429137534039,551.3111697467624,cotton
190.55909875856707,0.0,141.36558427043457,26.682750418957454,0.0,330.599823646548,denim
345.9280428624192,523.0724502821269,511.05727232226354,190.46744523265767,369.8754497443483,580.1658848658861,cotton
432.29341983694087,538.7053855378509,841.2022011355449,792.1022505826717,1000.0,780.8230889383015,polyester
0.0,35.039388012452775,140.5875320028581,0.0,0.0,201.2526079332022,denim
642.7644910795877,831.975934822755,572.6915425949065,733.8734740450662,1000.0,1000.0,polyester
456.924745369355,642.9847712528519,484.44291940929435,401.45880596158497,77.00746347997017,647.5917405274556,cotton
380.99596714390145,323.31352463655435,360.6542791484693,481.4592692576558,250.3231792347267,445.1378026835407,cotton
404.89758699569427,321.4766208172264,903.176668383511,286.4822124642998,662.0825637576272,569.6790992873501,cotton
646.5777511980914,397.98786501960313,467.9307618565709,349.4590275152849,504.692223313176,757.3689104456045,cotton
213.57757075888946,479.1287714889454,363.12373298327714,723.261406405691,438.50187760108815,623.4466793600052,cotton
393.82625537727137,393.6446489079249,234.67097578227586,225.88933973823083,367.9635648490082,265.3975112450664,cotton
826.7073285171733,1000.0,1000.0,970.0473583091234,659.9885180207725,888.8868409075366,polyester
86.79709057275906,80.90906763679457,166.1443531332885,37.83484782526841,362.09666914267154,141.6922567280202,cotton
103.04684139126255,82.31240174545064,0.0,0.0,3.180476571306876,0.0,denim
0.0,263.7496131286415,272.9325509673987,194.55815362603065,0.0,0.0,cotton
966.1246833477314,618.51545660818,919.8725320766356,656.9941847241148,890.5541090804342,1000.0,polyester
0.0,195.25319381377113,166.58188730374562,148.34251844321727,137.7559094002604,0.0,denim
461.2029428208027,219.4812575886834,222.3264265232053,448.08914917660815,208.6567587159925,116.55628400211523,cotton
613.667629588657,717.787740233616,684.7635488692217,767.2148668915436,660.015307255285,340.5207008115353,polyester
227.9529728640996,115.30090992662184,111.25215170202922,228.30639801334084,57.680312059248706,193.54913865611508,denim
360.02829370395267,454.7250417630157,482.49976926836456,233.83804472619377,350.01755665838306,492.12039745791753,cotton
699.2814655248376,700.1890561973104,845.1918646020001,779.1498467406161,883.1982956086616,745.7626884545335,polyester
297.8373094978479,308.0361883605085,610.3155426371383,536.5630555526233,618.9137390371968,475.92812451627026,cotton
388.5921318455895,570.0756498181869,444.06904177797037,592.0050786852263,660.481476280682,600.3813302852714,cotton
418.60232433382396,497.6455559908524,304.9124957263431,741.3954849008658,612.6671985751063,433.36619399369573,cotton
645.8198679846529,651.14409491625,856.3335150289047,1000.0,854.3842064513378,648.5276172677999,polyester
174.7012894228022,234.35374815540146,344.66581807615114,384.9375920064556,354.4299947671753,39.34800408943465,cotton
118.64309398130528,0.0,0.0,672.4409712734355,340.8109170019603,32.3363750559337,cotton
393.8121847771903,0.0,0.0,77.32224341515604,0.0,90.72537694798058,denim
364.6340749977771,554.1404852622052,586.9005312899327,424.00692443515914,428.20902029092883,691.1036890876821,cotton
956.7917120856703,708.0511793499996,1000.0,874.9968011497626,935.6032652880015,1000.0,polyester
156.3602759667304,217.80888455007553,23.61362659511235,78.40383810348456,476.4949223545292,0.0,cotton
120.81144848694984,0.0,71.97418666475792,65.72115125233032,0.0,145.59328464751195,denim
463.8954025692161,592.026882421076,625.6115935506579,508.93222630519386,1000.0,661.2980676320415,polyester
23.567543225649487,134.45328540753744,35.15621409921281,0.0,256.0370961176877,587.5084041281749,denim
417.9050591228545,474.553183928366,505.0291661396049,461.99710118102723,524.9170126062293,757.4822603491011,cotton
597.2906713478004,567.5812819211095,246.1778428394995,630.4920709473389,455.1872626805296,818.3099528789735,cotton
791.2999308951215,863.2367043615538,817.0581421360133,1000.0,989.9224367782526,1000.0,polyester
382.6515597234476,182.02216163456615,173.78386098075336,81.96672618942549,134.73435961130903,332.7642099161475,cotton
807.0151050424824,507.22322827922085,772.8986741753251,1000.0,791.6956138638774,841.2524982877516,polyester
309.30615730967367,44.39936171036511,0.0,75.78621153685877,0.0,0.0,denim
187.4391950005734,22.05967887069218,353.8302804179296,277.49587469943236,0.0,126.90250157326378,cotton
1000.0,513.9281661531338,900.1151563904176,729.8734730903893,1000.0,1000.0,polyester
651.5825267344646,685.2959511329761,822.9699874819178,848.0910211760787,871.2415291814785,1000.0,polyester
85.7711207294047,429.9588962618683,268.56325311534044,408.2924491314991,281.419970404179,201.71916210774162,cotton
0.0,39.6048824302216,72.52200173191537,91.27900985852226,61.85686009019312,0.0,denim
700.9649538830821,447.63610184105386,581.9501893965469,490.07163113232826,344.35772313802204,253.9944606073297,cotton
301.6671924132202,137.32033978212235,87.0250358322916,281.2057552864953,208.6604279783071,316.8651116420374,cotton
335.8071661068542,146.74711856872375,231.13178143197175,244.65459962741474,515.6126744823376,759.2962345328149,cotton
372.228648520248,358.08782682466006,187.64394531950887,230.25065687426178,222.2473625989808,502.09846387052573,cotton
687.6441891163159,373.567343944519,613.5240849705577,945.993358152344,645.9191665683984,1000.0,polyester
352.0486055008564,0.0,0.0,243.62715203925424,142.3165102120729,114.60304435286616,denim
353.5979908448862,571.1630854976296,445.68788089270186,669.5858517429535,709.3392794523638,697.4585297692234,polyester
42.498881488641004,92.84167428097074,84.64426509005285,321.0615615079553,114.96745187182574,269.51093465421883,denim
312.49748523250446,300.49444198219453,336.5708625624405,270.3907800538352,610.258696123599,334.82155889093053,cotton
0.0,0.0,0.0,76.44445353336712,225.27909296421745,194.76310592856186,cotton
1000.0,816.0347508879905,1000.0,1000.0,971.2383594521257,1000.0,polyester
59.300083793689495,0.0,0.0,178.8126903960749,309.09613436593975,0.0,denim
165.9117011566014,0.0,239.4078833635792,8.986288971383182,0.0,37.215110924670356,denim
710.6585516667928,570.8567831488879,461.75158986523195,490.84393027407685,207.6489024518541,649.6919634779814,cotton
337.7745111478217,247.76187110054067,508.3751137570319,356.8843841046442,595.0255023508661,542.3293037558857,cotton
319.71591260234277,450.08376788486,422.2672543806055,516.62182295772,386.51008868528584,727.0018242485248,cotton
382.7691939472254,416.4848982910174,27.303524605807127,496.8379431610797,295.6807477075566,776.7884506338883,cotton
236.53807015095714,227.16694441229126,0.0,85.65420251625889,204.09730321849372,129.94284641919302,denim
483.3983508766993,584.8821009161584,540.4216803152511,457.56426127725456,663.1868388093185,876.5856869466866,polyester
302.2093906596192,536.9895588081317,506.0490200240334,531.9572025049483,293.59859188372474,360.2891672401513,cotton
547.9666388829429,404.6250543801651,186.6790778461613,394.1267722357616,840.8914412251518,520.6461694304152,cotton
247.83008353234703,274.73935560837737,231.0141584425198,80.65822878913389,0.0,699.9788425835105,cotton
0.0,0.0,0.0,293.74391677731285,43.23175917386134,401.5410184512835,denim
239.81539975202867,48.46121021197547,499.79333499024455,838.8412297540376,198.86146395523872,326.1019651716957,cotton
1000.0,796.0003277169014,818.7183976754916,1000.0,989.4576500321084,982.7306655987659,polyester
163.21095363903027,156.27199866652734,191.24385620546104,196.76928598093036,0.0,88.02758054178184,denim
15.331092586882917,178.01323945313788,265.7779651840757,29.944893182981062,209.8052051864731,141.44625873365754,denim
170.45991120908272,127.91478471346716,298.93947506052456,224.0673609391986,250.7655368448396,493.12739166558777,cotton
657.6536619127334,886.7395024908201,750.7150603315333,808.8398285459116,1000.0,1000.0,polyester
289.6896587169363,134.8425622645875,168.1832399359809,159.12194538764544,177.26812043307143,273.4403817149435,cotton
0.0,153.8157991738396,527.4660297278507,297.2922791278354,0.0,248.61291382847912,denim
0.0,184.1527756761743,0.0,0.0,113.28864542107588,175.47361340878572,denim
817.1378668225417,1000.0,765.1785172536056,795.5120083633775,822.3315521572373,849.6109236350732,polyester
626.7435973417914,619.8807765181896,900.4279343448118,854.410043479154,463.1222453658515,489.1678042012682,polyester
686.1951497848139,526.8776755739776,784.6011163403826,592.9764852499783,629.9913943584534,992.6875099258245,polyester
0.0,0.0,146.23208527963664,20.11680379389849,0.0,153.92496717998682,denim
1000.0,1000.0,1000.0,1000.0,1000.0,1000.0,polyester
548.74196837396,500.9112318094816,137.80137606906476,739.4351894312446,648.361110320275,369.062298041213,cotton
437.1601699578809,459.96050621649323,678.8043471096042,237.4846002003054,409.1089920265117,837.6849013056163,cotton
222.19673872397493,674.8922610746029,203.6854733471448,15.565069323267863,334.6732126273655,299.7343506539266,cotton
373.68479816252835,466.5551150247489,643.4248987686184,333.78436905653246,166.07197302036576,328.4431534709301,cotton
743.8745036804363,650.407830264645,549.3842242238803,748.5930916202502,903.7964079314536,769.8580107585647,polyester
109.91023068694771,82.69708511841853,140.20694998997737,0.0,143.7172390993579,191.14154646002527,denim
259.5121382985296,0.0,0.0,0.0,81.09870826950129,178.28816741946147,denim
55.04002142044738,15.721298042732549,151.9922741277569,265.98726560779426,0.0,0.0,denim
601.4738750873565,628.9929189923058,873.87273009154,776.4943953995228,765.2522251732803,877.502273943498,polyester
13.512117616604513,0.0,131.33111731952403,62.41977776469005,92.91049007593716,180.4761671713802,denim
631.0136567081466,507.21774803818687,500.4267778884249,547.1903252128617,826.6177141708275,883.6510995695323,polyester
813.7796530567693,1000.0,800.6070373566068,946.3363210229452,1000.0,876.0611880041391,polyester
850.4874693028594,912.0519250727029,971.1693962423531,1000.0,1000.0,1000.0,polyester
446.4327177579839,374.3913114760673,520.2910169858067,323.6912926481256,584.1357940642991,668.2009069493365,cotton
239.61416453015187,204.97426368746358,253.06138926988007,346.97822695665127,370.89355570177344,167.87942652037066,denim
581.7226697650607,493.8668342685495,489.64462228865074,555.7182608675218,662.9113220342349,387.93561364128334,cotton
524.8994949033101,447.86205495468715,248.77697385161136,470.40005532902757,788.7408837967553,287.11102911284735,cotton
0.0,157.8814553138396,86.90667013067093,124.18484528172075,0.0,55.71011581152767,denim
0.0,104.77996781600143,479.89434056339815,138.12738886793744,0.0,213.96588576804024,denim
79.610703485465,171.10896393130554,320.11700809313686,344.47732995901526,30.422785011938128,221.19056635896874,denim
55.32334069458198,189.73563444832712,0.0,160.5852208279957,22.68649249306543,156.7358979488265,denim
0.0,96.56035120470769,77.68733088669842,141.5966691820648,279.48926394051347,0.0,denim
30.76634705541054,51.777444551565715,227.06254339646,0.8651933100779985,0.0,0.0,denim
10.024357493261789,301.78274533936406,38.525473839684906,189.6315590197259,41.61673992922694,37.973255316479694,denim
15.68779105205175,24.7263403651679,23.425504111662704,0.0,143.94064011328223,59.36129992029725,denim
51.38758985237829,145.45550672753478,51.721259128938165,86.47761008520195,90.24314398914744,266.81203790158384,denim
238.26988811526923,114.05568531682594,152.14342363719726,523.5807394015552,30.10213727283209,0.0,denim
224.5552151090945,122.26031101217994,51.97885769771196,0.0,318.8563234705055,204.39167991849448,cotton
464.49918769842816,0.0,273.71785265521544,124.2549508885399,253.26621254939505,414.45998194682466,denim
619.9870476159576,591.695789561171,604.2726164751144,713.6298308875564,1000.0,946.3749024650261,polyester
503.9781160268504,562.9879943652513,522.2308587547515,623.9003100301513,694.3000423318189,676.4884058933216,polyester
745.7807510103265,606.9267818389116,1000.0,810.4573817936437,820.3486321600761,1000.0,polyester
412.96739611314825,312.5365593153421,209.33521943115272,485.06384742048425,760.7562908629716,313.7533539033403,cotton
788.4325980806482,876.7205364782982,853.9088196001746,958.7942197476767,734.6291687938443,923.2944996844737,polyester
653.092489010718,575.8667090731365,346.018044540649,492.46373287141796,780.7000378399651,454.7276810206075,cotton
0.0,170.73846411952854,424.1010848273679,0.0,293.5125705252895,49.658604813658314,denim
239.83873483346542,0.0,0.0,427.3295279956359,342.2662850371426,169.93542067713125,denim
127.73764810625751,160.28650091763063,0.0,26.103924712091775,180.1303603396658,57.80870052710753,denim
625.2138601538825,879.5785503028939,909.3688410965166,1000.0,640.2426419900403,1000.0,polyester
186.23283820585186,127.84262672811343,140.2726721877845,0.0,0.0,0.0,denim
715.1095157426855,552.2528628270123,733.9613468043174,819.8401262843419,811.9693675189476,774.4720176691214,polyester
0.0,38.99873468878215,436.1269335645524,164.2617534615364,0.0,55.225520281315546,denim
102.01284176350534,69.01118505841558,320.88885882386893,139.4504664381815,13.246664222789306,0.0,denim
149.74095915318784,421.22979861934374,485.4895628916562,328.09810167058663,613.6252967316852,629.8268626245482,cotton
23.081741028365656,409.8520456002019,93.92428652125085,119.8370556278173,228.79919732841077,292.7239443947549,cotton
838.1568224694722,767.6195352699312,1000.0,1000.0,608.2845140057055,790.1504036538948,polyester
687.8574881523663,920.0468725432046,761.2972733869772,728.4516637328177,923.7333727390625,812.3237504916744,polyester
0.0,216.57108732086988,0.0,165.27451566580146,159.4987410774605,0.0,denim
433.49131238342216,527.814903172379,396.3027116000844,331.4299215251774,480.15081383591024,493.52641770716946,cotton
119.78234090738466,0.0,28.12792711591382,393.8356135083784,371.29171195578556,575.5721947599468,cotton
27.004053190814417,268.91939388433354,13.29815976636354,0.0,74.6899481220233,425.7855920369195,denim
958.9433000805807,793.702616042494,805.8422730596791,842.5063786868959,1000.0,495.45019638053446,polyester
757.5642872254134,1000.0,1000.0,883.5228331653191,1000.0,1000.0,polyester
245.3661515042623,253.94306161110046,368.39800260496946,366.297764246036,700.0978090293947,672.9755551352259,cotton
92.7476196034887,0.0,0.0,118.50859849425143,0.0,13.652791778863687,denim
208.69631861336978,355.75263175364506,0.0,69.89622048125064,126.89865790399412,209.02702083393083,denim
1000.0,801.4769963187522,944.4960959272795,820.9278800535457,902.8382025921117,1000.0,polyester
8.855775332550735,257.7538027999694,89.44859695982103,67.73370136128351,0.0,0.0,denim
485.4542185773372,412.4053997451527,345.8629266347025,269.0363335131569,672.2752266355578,525.3837334846007,cotton
260.7344384068121,342.25543852709814,363.20006140000953,574.4200153799774,641.1733230487307,848.3177527759635,cotton
362.7422449360213,84.6606353829259,151.28892791336597,215.1637422278838,0.0,0.0,denim
0.0,0.0,278.1125976814372,53.89709860351792,184.5721498859696,45.43023822815253,denim
571.3552301144225,405.3214648486681,320.0230329425882,525.8688871711164,598.917437585397,455.76312902878897,cotton
663.2615805381987,565.4103200438872,772.6380950453464,1000.0,663.5796071760001,1000.0,polyester
467.6333903367691,159.62963254798885,380.7152354883425,216.11596765208358,110.85587144161667,487.9906382822237,cotton
917.1197713241056,914.4119884800484,748.2490261137236,796.56204188128,594.7962074979482,1000.0,polyester
0.0,140.80324670042214,85.88334147679535,181.67253816602917,10.52624455535208,67.25811991118002,denim
29.952144357329573,0.0,88.32468364128111,0.0,40.977791780426756,0.0,denim
662.7813970588511,749.7101527348831,355.40298589737165,599.8811402157863,753.2885952753226,984.4619650675451,polyester
254.7288467460421,83.09196269786648,132.21657198284328,0.0,97.97183760394961,0.0,denim
384.85364577253284,333.5822231944703,447.0214594054702,367.0077371780925,329.6609692656226,515.0025802033813,cotton
81.70072127339611,179.75870377179587,144.28837030232395,27.622255125234645,95.69270666594231,224.04429333956313,denim
923.6461921514399,862.5076998096185,682.5255008053553,1000.0,956.7360284958685,1000.0,polyester
736.6397221789308,570.4322670735255,870.8217104870038,1000.0,779.1269285824252,1000.0,polyester
358.6413265748225,871.9512980434108,876.3924526243516,861.2784455617194,513.8396252936477,894.3728029496843,polyester
271.33606909603753,422.84061161318726,775.7970257390068,524.666324554495,609.0501183793062,568.273063969967,cotton
774.445469040051,751.7309405648083,1000.0,867.8286159829901,1000.0,1000.0,polyester
930.4282300822163,753.9112716305247,634.6894056113357,479.28231883025103,1000.0,801.5871076194212,polyester
286.6500286250772,231.21511304628206,130.16503952880282,127.35352134509151,0.0,17.01907961306649,denim
817.3791031743109,586.5398673316724,692.8247924042316,320.5804105422247,840.5112746281387,1000.0,polyester
404.49990443659607,169.96361611551256,469.1308199470133,149.32878944547298,243.07546236140504,353.63765517105855,cotton
484.7843510262303,314.34944135868835,338.2976642753613,456.52654712293753,340.9963732343049,398.61815520311876,cotton
298.2825948389206,608.763576653889,189.92357425282984,511.85793499978024,491.88010582194283,378.8033084889705,cotton
118.42045893754886,228.02302998892034,30.246551117490043,17.03604875900112,118.06656399252249,84.97106696654006,denim
673.838418990682,881.0383692412224,987.5860345189205,1000.0,666.8623549232216,1000.0,polyester
0.0,286.05841726153847,132.2519836373503,135.4019976248454,0.0,144.27323251321926,denim
799.730773685103,944.2843038183281,867.1889068409479,871.3330705870002,819.9003383611088,567.5653929776953,polyester
393.3540026509875,360.63350404303526,463.94236299953894,681.4653331948365,655.845541737107,612.614753683511,cotton
295.3792496945953,189.2287725117162,295.28449714136076,504.6910778051488,118.95298169111146,197.68330497885208,cotton
191.48767078377472,146.04651278004198,184.74473139157652,158.62622867563314,85.79365221726022,154.38308525940394,denim
848.5461142442158,662.0028966550015,858.864393287044,733.4336250003378,987.7057631476958,973.5807960336833,polyester
176.88568436441705,95.175299527063,99.22410247499305,0.0,17.33813264921207,0.0,denim
92.06656639527552,111.56090582928358,335.2586182360905,0.0,120.90832873834438,37.93928933943961,denim
792.054760612085,608.1586045237333,800.9628497902908,821.0046846968766,607.8489146136052,879.9427490538189,polyester
0.0,61.97212063535419,67.30686710157553,0.0,0.0,114.04867668306477,denim
234.52906607188072,157.11926983983184,229.6763795561279,173.14107636762296,481.76982570263385,95.1753499307197,cotton
867.8149253374613,977.208452956772,835.8873010031527,1000.0,1000.0,801.2341849509306,polyester
730.1399290213133,712.6693826037006,884.6411537897725,586.1968487868305,1000.0,1000.0,polyester
98.37347165312318,36.024925105701875,119.85991245933852,0.0,261.10656600936227,246.39470839218296,denim
0.0,2.5143624791982546,0.0,0.0,0.0,142.27898860531758,denim
50.69503275278511,264.03472076660574,70.69211768928656,78.16203337183276,0.0,0.0,denim
513.3694398382402,679.0853307729639,589.2386465190175,721.4269816592623,658.1412520264502,716.7211250560592,polyester
264.76421154054725,326.5304774978628,78.26586577063335,17.93385000196998,463.8818548761667,0.0,denim
516.0348559160612,511.36518406388893,541.131064427592,362.4215000899186,441.3015842793247,670.5515061840485,cotton
161.66103784472543,21.29887586283599,63.34863138447382,0.0,180.1323036401225,0.0,denim
949.7650569845443,793.0602397598385,497.10785748887264,718.8142527907521,859.0777449425769,1000.0,polyester
709.637234381382,745.9359718968758,821.5750102761187,861.3264433660979,887.4146993045108,1000.0,polyester
598.9544616702098,323.68849528470287,234.8770287787303,174.00484073153865,236.18227369356634,476.38343561294107,cotton
534.6104382707147,453.74607756458204,485.67799792869323,752.4645566876072,504.93511485240134,943.6538281201338,polyester
224.35893434752882,83.49789199214979,347.4128428698175,302.61811784447383,0.0,362.4673889114719,cotton
320.0836322249461,473.3514919078472,226.32704262805433,576.4449584009676,722.9239275419973,262.1119335580856,cotton
570.33077644781,827.1436120135439,773.9338673852833,566.0240038786419,592.6286526150928,777.2119893357469,polyester
490.7341832084138,78.3269879544581,443.7157953730015,215.12806698074775,185.3760885176726,534.8510754886584,cotton
851.8136688465819,1000.0,646.5717961307514,1000.0,1000.0,934.0397652795235,polyester
947.3628002445844,730.7228483413709,763.8469027275114,822.3359945777424,944.2624012450436,1000.0,polyester
427.8996053572653,136.32321246835187,391.4780804288111,320.38843274473993,627.0830626757396,504.56311990356704,cotton
132.85282933222004,0.0,3.642126146748538,120.34987984021546,269.14056835480255,0.0,denim
609.7697950450568,658.7497113950205,703.3816337560818,1000.0,784.6934550408167,1000.0,polyester
677.3869185827194,659.1224085575958,652.0873958853178,949.5984896370835,605.0260270018804,701.2466394659281,polyester
710.5917543281045,694.5608912371256,781.110388672282,856.3965108128638,782.7647625325436,877.9891169255446,polyester
283.38264011676944,493.6772148713237,142.05185409505947,630.7025298969598,612.2555622255529,315.9562121213758,cotton
89.37996325640883,124.12021368005357,427.6231106207948,39.64746792598214,0.0,121.93173075302778,cotton
549.832484765469,44.89574866497435,181.77935033751297,218.27488484872407,266.7609651707405,128.77170424566273,cotton
64.11542480049204,34.568227928728845,0.0,3.560613070563889,232.84374787307223,166.55600442107288,denim
0.0,98.86355290776063,0.0,136.4266338992999,215.50400819920827,0.0,denim
0.0,98.47570425019481,164.65937767834922,331.91178665158225,164.13662359285098,0.0,denim
789.8202829464615,826.0474216402022,730.2148214350775,982.4018466833875,1000.0,1000.0,polyester
174.7954352675502,218.73984897702726,81.17691332485239,0.0,0.0,0.0,denim
264.57362090498503,113.55602435618087,129.86176873062644,22.30462873235689,514.8958245238344,249.11045690167305,cotton
205.26000625288754,0.0,0.0,331.5801192738746,122.18762510650245,281.4591602684537,denim
109.02097490656976,137.4748181067568,57.09936897902509,331.3897240117096,486.8918487900103,283.46541702115195,cotton
142.82291904434484,238.5014687956387,0.0,139.1349042345759,0.0,327.01386865430567,denim
0.0,40.3235660574063,47.22357224796713,4.291064071325366,0.0,36.026921803703715,denim
721.9994946422448,737.6618664195167,924.5659732377139,868.0665291411856,1000.0,1000.0,polyester
0.0,226.63558262641175,0.0,0.0,0.0,0.0,denim
0.0,405.99604913397644,54.52161112854669,135.15484358158466,20.061964382847812,82.71746586907602,denim
222.4984958011442,90.30453855753034,210.94849044264373,0.0,136.7011867065989,0.0,denim
487.2973102089628,600.2633236281561,209.59570627699787,436.4933571497982,651.927346165495,387.11461701965703,cotton
204.54050313399358,209.82713048002745,64.34992522417357,0.0,242.95046186653374,2.285619063384381,denim
141.93575599145015,18.385334070816512,0.0,0.0,104.25011704006178,0.0,denim
491.83548213740835,408.2572819824509,284.658185351303,418.8365990917036,327.56179854296533,546.5220056511066,cotton
338.06599624875275,453.59826581469224,750.6512364242195,509.15525097156666,828.3649352789408,682.167701361985,polyester
215.58636693479468,57.04178030173212,0.0,38.08186149847216,184.95309938641188,67.32997837835154,denim
804.8552801546614,680.1749552479478,663.6431634786036,966.1369471698594,690.5362450000216,767.9369914505896,polyester
194.93552996131706,19.30019578463886,301.88379783304094,367.1581323218988,303.84008945746695,182.10865419389535,denim
430.0047649188114,300.289430534847,588.3497599877826,524.5755926097966,74.52539511151969,824.0008677187802,cotton
262.9345042069392,386.0349816534265,157.27494435928242,555.5594303542554,701.0947477159608,802.2508862785724,cotton
0.0,174.62059226311464,0.0,155.7778504385796,0.0,398.91504796887864,denim
90.70460338988265,190.70667197957715,315.72242681824537,381.79567883473544,370.78165698498776,279.3400156433435,cotton
161.51236080437593,0.0,7.814767079856843,137.8051437252547,142.46683800993875,0.0,denim
292.60337669359967,100.03719278788444,471.9815398975507,283.2139042091962,251.06386400060188,362.00870904149906,cotton
0.0,0.0,168.15635117032116,189.71796199885404,140.7342950867159,25.114576048637716,denim
0.0,123.07318593097786,116.85581388404478,0.0,54.31605209983108,0.0,denim
751.504410292148,1000.0,840.8212547796405,1000.0,1000.0,1000.0,polyester
142.06127160457646,243.4203671340474,304.9533550569241,489.8215880230892,619.8565039534811,222.68628285612917,cotton
171.23772676988386,273.7062773756346,232.20429350417263,479.9363744287505,246.5971364828957,230.1428136086124,cotton
560.2829562491004,845.368945294096,1000.0,768.9552519373747,457.0582212953922,863.7345935160605,polyester
449.48286672874605,444.57034909911386,660.3626404570599,787.8180453682471,564.4925927511816,648.930098769927,polyester
190.6517031517603,27.178028119538027,92.02434704552769,110.6586310830449,157.0080314969891,253.84831016138438,cotton
27.40605410674908,318.98660324083573,351.8405505451532,323.41064061116737,188.2001306933224,265.6741616819222,cotton
87.20150398581617,203.99734916737162,427.0597502453699,0.0,0.0,305.62140447353704,denim
341.56212112128617,349.32249880626483,200.01242191707675,608.8160609778611,409.4993117789293,46.32008910029057,cotton
609.911021979583,698.9403948124138,1000.0,764.1789898717832,764.75939476765,938.8903026808276,polyester
358.0129855975549,595.081013751985,377.8560671567869,494.3220836454008,579.3443022530292,371.8152563674624,cotton
524.0892713289238,334.7495686000428,450.14111892662334,114.88657974228664,602.2608960471131,737.0023019901179,cotton
742.7376706508438,910.2276981725553,719.0893775712777,829.8666659185037,1000.0,900.7815842247892,polyester
289.3703934690633,320.2559370277786,440.05275623516457,391.3828257798112,567.552336742864,447.2021767739444,cotton
955.4349421536192,853.8430026380553,951.5065310141912,1000.0,1000.0,1000.0,polyester
28.920068727454385,0.0,364.76211154684324,0.0,56.16873639625055,279.76747318491357,denim
252.08181049100176,60.52871287288269,0.0,263.73343553548244,10.521403826675765,328.61582925512226,denim
245.93184163646418,223.79033449546907,177.61471046071318,64.63198070913137,335.42301217836774,0.0,cotton
54.77334214972682,17.47475553126541,288.97664475200855,31.946962541783492,153.2099774992338,144.84533725664517,denim
265.89525900884234,477.4703287421305,194.17102158191665,202.13168459141264,408.1963469765318,318.16427102392277,cotton
137.20148010408826,0.0,43.955888440418796,152.95184192104284,0.0,59.37990790955886,denim
335.72968697188367,118.31964327455462,97.21123823750196,295.88969846571877,220.71337330829869,285.9132495032286,cotton
30.140361003389813,0.0,0.0,187.30880393834445,0.0,268.3558807461693,denim
105.5782455415622,8.263427678845972,0.0,117.47786352586797,167.92408062588828,261.75175755310755,denim
97.78683098109916,240.4265780940246,0.0,189.25886776987977,198.82423683756963,222.52185472193327,denim
164.3822339671231,299.0018154185506,0.0,0.0,0.41761313547513623,84.16300391303982,denim
0.0,0.0,83.20393886610744,122.09385591719798,0.0,464.76202383654464,denim
539.6019540328347,323.36332460713186,346.42653877833186,747.8161578011172,611.9408334062191,468.25947213798673,cotton
702.8608496091919,543.1982061695741,707.3270987643048,553.6775023529793,777.1126762756373,584.033295420774,polyester
496.2575222903971,837.5458526725016,671.1942975994954,900.8190847067813,993.4517675667104,829.9231673996791,polyester
980.6076073671422,1000.0,867.4181365661002,1000.0,1000.0,1000.0,polyester
1000.0,903.0394715818029,870.4139720268436,1000.0,1000.0,1000.0,polyester
884.3198721052779,615.5316280045629,774.388285103446,961.4770073561242,982.5619531299571,908.6604618992016,polyester
272.40735828479035,0.0,93.8515819949211,90.45546418489815,375.40293087060104,134.69323072703475,denim
381.60975398409994,424.0975574873755,612.0226615923182,542.0365492228916,528.1792114118906,258.2919771061404,cotton
0.0,276.2108163681697,233.23102950440614,104.07332336100308,161.0012320358623,449.20391549425085,cotton
0.0,0.0,0.0,4.767217742479076,0.0,53.62256054670225,denim
222.08603588010135,156.68015816236633,204.7142315450047,18.415962783197074,128.4778119450815,221.99072826565333,cotton
16.345999003258584,308.3950388792342,0.0,309.6948180870387,57.32468265212759,431.7076460441051,denim
0.0,49.45002940405658,37.89773381447682,138.83884886327172,129.66822578637104,239.16830102677488,denim
588.7056690148606,814.0990653304189,587.5252248439672,444.54822223959843,522.6324392626924,481.85366813054105,polyester
726.9013296927134,705.4574545696995,575.5664498951148,763.5103208931985,698.8638245746557,762.9367387039201,polyester
0.0,0.0,0.0,276.3536567892668,101.56443301306263,553.0096472064324,denim
131.31840216016352,150.41995908856882,157.24260873275662,393.15842006091106,355.884450998529,610.520872842809,cotton
394.36183598041,178.36081265842233,371.9884128847217,72.29745661724968,237.74359236236637,420.2986156047154,cotton
51.35021422531182,76.32288938279513,409.56734109133316,0.0,306.7627062926146,0.0,cotton
501.5446370505014,260.0432381854139,307.81328303645165,540.7765823666581,282.9784515064846,763.5860479331302,cotton
645.679453012389,1000.0,872.9659159950871,822.8638915550799,776.2586386683528,811.9627330346069,polyester
711.915680449512,548.2910906022421,716.00043243153,840.4605259341564,742.0081801912589,1000.0,polyester
233.16541176926214,233.24997840429057,181.75087644501468,216.10372398279617,125.21875164651078,0.0,denim
183.00656533433633,11.955954351322873,75.0818233878101,248.9264000828402,85.70009453573093,140.18336832879612,denim
772.40276783397,607.5916414257268,655.1203068568612,961.5937314112095,639.8107965171382,674.3211122436795,polyester
641.975533514066,946.8106699995069,1000.0,1000.0,959.7134584365115,935.8022387130499,polyester
347.2865870349717,126.1176784403444,136.62158673933106,524.9272356088668,512.3990947695187,388.6522336196698,cotton
72.01970639889608,290.36112380612815,429.82432604787755,448.45116720855503,341.31907724661266,26.737000110206083,cotton
148.49741484201252,0.0,86.90957257190888,318.5833718779161,43.98546303893732,463.49438304254653,denim
106.07444880104904,147.82528850352722,0.0,55.04533150816733,0.0,0.0,denim
188.08139525766873,0.0,82.20845432445746,0.0,0.0,0.0,denim
237.06840058667737,179.02385167252424,425.3270473109613,647.693876025626,254.86229635958856,383.6510755450289,cotton
426.45514499141296,692.4968128636858,488.4179645725162,673.3162447525184,704.3166759843998,893.86525830716,polyester
0.0,281.2031979535683,362.46996031915523,429.8906561887371,328.6538972439276,198.4076492620411,cotton
200.13009069263478,0.0,0.0,0.0,129.1756671257972,0.0,denim
126.07189519438194,0.0,0.0,234.09856838539378,7.959101546514326,0.0,denim
264.2623855443211,4.593544776619282,204.57081778446192,0.0,0.0,0.0,denim
383.74947740971,442.5054123850492,310.35972459864405,407.60043838880244,856.0896488196261,593.5654686612538,cotton
0.0,0.0,200.75610122775382,37.1616081380499,0.0,26.492601314680524,denim
502.5360651759738,385.8815978244811,488.23003332144225,536.567213687396,260.66428212202453,587.5490693495165,cotton
694.8204011780667,792.2645986064501,751.9717305418195,1000.0,699.4698970933987,1000.0,polyester
694.5670532313345,613.8467192261646,735.9174604693467,568.3387791081593,669.775540241619,983.7871572161595,polyester
647.5815248650822,901.8814751748413,776.9047780018209,1000.0,1000.0,927.5559734198831,polyester
606.2584431905308,439.6095702894896,484.2313203750485,672.2159365553434,383.6503127789989,388.4191030717425,cotton
74.74204752887073,133.22360828383268,521.500855780363,621.0891387412171,505.91656588180655,296.6070258189026,cotton
52.69803495176915,0.0,16.29945576704892,183.23320217169055,54.52579573030344,46.49122374717574,denim
798.9154445073634,864.4994664453058,867.5378485875605,790.026028044084,1000.0,993.1995098943228,polyester
33.484650388403224,58.00969988113988,220.99589035120746,18.581534800848658,112.11569021765598,132.59925923453855,cotton
124.14588539265202,0.0,64.66129674487547,351.9747630702658,0.0,166.55328957739147,denim
833.3319127148247,817.172418365889,690.6631977518018,874.5983252516274,758.6031365560164,701.8316298077908,polyester
11.73895262942817,301.42323998451633,0.0,50.03209185372668,134.37588171850456,0.0,denim
420.16899928917564,383.13797556917194,472.64523183457607,195.24365670631528,443.0730970015568,706.4575765221175,cotton
418.8749278961391,1000.0,858.9174774673503,847.7394344003443,1000.0,800.0775545206398,polyester
185.13289106112467,0.0,83.9106031825581,343.28190556959424,352.5336920481391,456.7443907960682,cotton
858.4342092654368,890.6911578615158,1000.0,955.6953188994918,758.0876781979672,750.9883606248463,polyester
81.12124767340457,205.35649482797598,246.02742340905456,0.0,197.38836831613767,0.0,cotton
234.22483627271964,260.0858615096529,38.84273110965125,151.7429737160822,0.0,0.0,denim
345.92458816231675,341.324678558699,655.9612768050429,221.50058121695957,415.99773443778884,549.1452556898598,cotton
353.5576782639425,357.5316004235732,145.77183241262492,693.6265557024979,548.3259531921238,645.3696460735171,cotton
29.41378952781001,221.99792968467273,257.79427846137554,87.29219110793076,0.0,268.9048036008445,denim
0.0,194.8386533200274,84.1848036273754,165.94911178830404,0.0,479.87580095163116,cotton
33.26164932739897,32.505853683053914,245.73342157022046,386.2096437835454,207.2280418126548,412.0160834280256,cotton
329.275504328391,584.3904742349437,134.05339908657493,297.4931917483878,75.57443542119643,124.2459088874142,cotton
0.0,0.0,0.0,289.3257392074751,160.93654907568333,0.0,denim
0.0,73.16937285900696,278.05135615357517,86.6352488741535,185.71976665240038,190.00697083370142,denim
686.266477054915,819.5555677567654,1000.0,837.6306370973847,486.12043423632343,1000.0,polyester
364.06587687220156,135.41805180072276,63.19543732374679,36.94637032795719,0.0,0.0,denim
480.0322825534291,376.78718784448205,493.4994752094616,515.2773554638876,559.2171229487528,747.9019495228279,cotton
115.25127414112968,176.43319942504505,219.47706228666425,505.6200565557483,3.121916124996517,0.0,cotton
258.0688232848609,26.87053686863441,333.90181398263786,0.0,191.38487770895324,116.60690679611436,denim
280.8831756237193,245.63803369991348,110.31297539446354,566.18698004545,671.4782930538336,491.1071742420368,cotton
223.54026334031516,393.8667351109257,131.2178324107786,0.0,27.74975428362787,7.571234218288254,denim
0.0,87.82800138576667,0.0,0.0,0.0,63.336515206108096,denim
890.5523792186361,851.0183412410591,428.98781907202493,861.1064505482582,372.4721227931639,708.7951786423503,polyester
30.176930340333577,32.67508491841635,24.470897945748483,122.44191986386343,189.61477698435442,135.8217770624507,denim
47.135640240715986,152.6567330352783,519.0009684371619,218.1889843536789,592.4062114905644,275.102174731544,cotton
852.9292286758124,902.6905042955281,849.6687112184918,755.3871954529609,1000.0,1000.0,polyester
402.53039281201706,160.3913858821036,551.905260242787,507.6367368723299,442.8480041737997,776.2752248041031,cotton
7.028178738898845,49.52450032001552,267.39264536271793,103.7245726982508,0.0,64.64532210345212,denim
158.4375833497735,10.681034733828298,60.498399097870816,0.0,188.62322433555693,0.0,denim
14.327366363707,259.0009231929612,99.64465135969749,0.0,49.02357837488565,0.0,denim
200.86272602711142,0.0,0.0,57.319304571500304,153.0593782370354,362.0660386763615,denim
248.0577827532015,111.51866521622053,107.92554121819391,336.17297313657053,295.8124480099878,531.1371027552084,cotton
68.51151075010999,0.0,202.94628101688414,125.23451364132848,64.13023404069956,203.66027723973602,denim
138.91837285591612,428.8397626308272,239.1961026930106,99.97845986638947,434.2237157365943,286.7680779549956,cotton
737.9668017393597,640.2962435047203,843.9035387173765,799.9590638212745,973.3124567845523,1000.0,polyester
685.2123635993725,686.685533490487,632.6363153602406,837.9244392282413,587.2258265841256,958.3642916433766,polyester
373.0475183110322,214.27255426997885,403.5297036416557,0.0,0.0,0.0,denim
218.38789590027295,55.04343744705582,0.0,81.3616012577819,0.0,62.009940014330084,denim
241.002914150007,0.0,342.2885593750533,301.38945303628924,6.141201710942724,0.0,denim
826.7521381958086,226.59099462148413,477.62088752118854,271.7348756195244,332.05151616303806,519.0498458400443,cotton
197.38483794762223,219.22330730187764,351.29502834609,272.8418426412285,145.78455010853742,331.7406247713384,denim
154.49036836579555,0.0,0.0,308.9944729169593,0.0,231.7653925823904,denim
202.24882789594636,148.3328854461757,123.44952371506909,58.89362099168002,46.395362806743485,89.56486082621366,denim
446.06691717322326,537.1820845813451,573.244524782128,550.3983316302174,816.4029485769129,226.56392273576535,polyester
51.24490357236375,163.5503809038472,96.17119548584361,242.5289493163515,129.6353819493831,0.0,denim
110.9902700936122,270.14178290576837,409.89101870942665,196.59522188632133,217.08306839900376,272.2400623086472,cotton
159.52234058396317,0.0,131.86122644768062,0.0,327.9418408969849,11.365826461575224,denim
575.2627998042725,502.7623185930013,871.4746936442823,672.8358422499027,893.313519969093,797.3910377158371,polyester
420.6213957797644,537.8420616214903,367.51803616561887,572.3288177584221,456.5539183831953,587.5283171889159,cotton
252.55176305462942,0.0,0.0,203.74776982290646,0.0,0.0,denim
309.89746863872057,0.0,235.67318162224018,93.81443950382007,392.549671795,268.68939027082183,cotton
41.6255122414192,183.46616163691886,67.91690979012083,33.6980438056209,102.20207547549563,17.846971971058267,denim
642.9659344749575,701.7206510917854,890.5472480074623,1000.0,647.1928432224048,813.7480542867828,polyester
907.7928313038205,806.9507075425097,625.5599470572673,742.5258813705924,1000.0,1000.0,polyester
289.1242625940857,405.4271064466551,403.2370675130097,0.0,453.847756568769,167.5551611860079,cotton
369.42686781465346,624.857047282628,537.9780897680397,925.3786328620213,919.5377110839381,344.3981600401149,polyester
323.8166401099561,536.1968098406455,651.7247966788124,417.27301588767654,735.9607007552875,810.7483868734976,cotton
719.9649802415513,763.1563835118676,856.301472239176,1000.0,1000.0,816.45921651254,polyester
174.25574961863683,329.14332230860424,195.59449141325626,0.0,355.8271443428142,207.13151530292154,denim
977.5288147032304,720.7321179430351,1000.0,898.4892398337614,1000.0,781.3709539002598,polyester
175.7123748514836,108.25964591801326,0.0,173.28008842965696,43.73177512486684,163.60780349850538,denim
174.84518932517244,177.90593910737502,127.28987740789196,64.58934248297473,0.0,38.341563287521375,denim
546.5292273942734,597.2658020532144,903.9782630137754,382.4864579241755,758.8158435048363,839.0905393046153,polyester
573.1188333934019,901.297984321511,877.660575163456,482.4245239558126,944.7102935979605,921.0297483780159,polyester
73.54964507090418,19.650631860369735,215.6484659170245,333.6465896681116,72.0646642075777,0.0,denim
869.226296087772,1000.0,987.6860489996548,999.4846702245346,678.4356920437837,1000.0,polyester
527.8403828704616,832.8675520871311,673.7802404378383,866.740619703835,637.8653536087274,572.1672158675449,polyester
0.0,259.4441021078082,260.3900798922281,401.1157086641118,370.3408275492958,0.0,cotton
602.3491373962335,748.0003247121457,742.350659086864,782.4118725563776,536.9642633898588,721.707145116781,polyester
93.83046215561126,244.46458442443867,188.85910706666112,10.389781266713065,87.9348936255049,560.2796133086922,denim
55.09540815475162,0.0,0.0,163.6515573067175,130.65899858571595,0.0,denim
159.293864918627,22.465286121552538,267.29165383910896,477.1262105247241,450.6298008255445,309.05729822665575,cotton
749.6673830977586,893.5707992010841,860.8246851875623,839.3604802535278,1000.0,818.0228163525203,polyester
0.0,145.91570766597172,9.005070348651365,391.2520259322748,6.623486570889213,375.8985382509063,denim
0.0,84.7793390000021,294.9157417347469,0.0,106.764605425286,0.0,denim
32.20945828158638,93.62978158781749,0.0,0.0,107.10665946802186,68.78223758434413,denim
474.74421605610206,53.388091265122625,220.97337173411603,605.1070007597871,584.1876560975228,618.5232837407235,cotton
326.39244212221047,80.16510529812263,216.91985317348127,0.0,156.0488432809533,32.52877281755761,denim
721.2335337466407,476.220401484229,483.3570479942446,1000.0,963.600840789367,700.0755184960741,polyester
0.0,229.9249811366825,0.0,300.690196189684,0.0,48.90489879981847,denim
155.7843053608631,349.5053067345201,364.21130462526367,491.821397425118,322.19327304139006,207.9027364087138,cotton
129.10172622102024,172.52480860282247,88.73421789075503,224.26521268959183,140.37592004578505,0.0,denim
406.6879240360909,474.75370753291287,517.3490958381788,315.729708295425,458.20820944627707,689.9746143869883,cotton
163.39400645860357,0.0,0.0,0.0,0.0,124.10346584973256,denim
851.5252246646666,964.1638234790946,775.7772351007673,1000.0,989.6123535525054,1000.0,polyester
195.35542790947198,294.81027377153896,33.84643419856994,0.0,127.13478757542255,313.8237597349578,cotton
732.497945772758,865.2455661364095,735.2887968471538,1000.0,1000.0,1000.0,polyester
215.54642518061152,386.07959435817884,0.0,183.09888043348892,126.00200295276971,284.0242415045495,denim
83.06555042513091,0.0,281.83943841971757,222.32276924725676,121.56539190980456,214.26305914465829,cotton
18.5939711639274,18.416679409340006,4.348085433351571,130.16608432880378,0.0,185.38466132103775,denim
0.0,0.0,118.69922711787088,150.84969828445816,175.59601865800153,0.0,denim
651.8894849098568,877.527331926406,991.2792139825356,865.2482943234171,1000.0,601.8469876501376,polyester
18.713577448223944,87.99715714035207,129.99424660870872,289.70634580046044,20.076976504551283,374.2467184685399,denim
511.7463250212933,734.0006579637674,762.2848039602378,1000.0,984.5632447588746,863.427647961183,polyester
403.18415560137237,550.7203773945937,387.4238546281205,482.6965960893902,423.89057210931276,559.2895650046619,cotton
824.8910175274829,795.3989237133501,972.0270694758442,892.5221591194547,1000.0,783.483691962217,polyester
49.88341656421102,241.23810644403213,454.3854093033058,651.9306169367975,647.820199893104,271.5792572916007,cotton
106.4009666043199,0.0,0.0,0.0,0.0,0.0,denim
0.0,50.40865692281308,207.96295702694903,163.25199784855258,0.0,182.1948396697831,denim
454.12085367959793,228.97496877220308,462.29361319122205,588.6996914612032,845.2383502466926,432.8076134292704,cotton
0.0,93.27765435825111,173.97094551519626,0.0,207.9711862972708,10.428000789731527,denim
126.28941459771896,69.24939834889877,0.0,236.72490160175624,0.0,0.0,denim
76.6864129932448,0.0,43.4962559767322,84.13038054775396,0.0,271.014680605519,denim
171.90476232248272,234.64043326060826,0.0,0.6006310684069405,103.66756410760794,210.30246235247324,denim
120.30444949229488,85.09781751303915,204.85656137611585,220.11620971968114,0.0,0.0,denim
329.7800346096141,562.7617039708904,208.70046450655195,281.6925584823872,426.7218222645182,617.3198592987734,cotton
0.0,67.90401310919503,0.0,218.1135254275324,52.084524518809744,10.586426105529057,denim
384.8888273361355,625.4153720909477,808.8529886005973,307.8161186536531,778.026959022301,747.7887431836925,polyester
27.149683756485402,20.933557439766815,0.610179318056808,124.70360675209808,247.2643621694852,41.98900616535808,denim
811.3938483618119,783.1035942920513,652.3917421340234,902.0811752999905,1000.0,974.7394908967203,polyester
111.05100987818423,315.34692610180167,370.1455669948194,151.82533627655488,177.09601399466777,109.36142564073455,cotton
189.36367317747994,52.91398037441385,229.51021716061928,144.16966274637846,0.0,151.59986056666725,denim
76.47891555151513,189.22940048718755,208.7848065638474,62.2274898387149,144.64481200883404,521.3669011863471,denim
680.5929484389385,628.5385018312938,1000.0,1000.0,1000.0,1000.0,polyester
529.9894599714926,755.7541329617742,535.995554305271,677.1049233022837,626.9732642981423,673.8916456216627,polyester
394.1407567234895,305.9931955289002,401.7745094591024,532.108747705331,622.1954707469064,493.6308242828921,cotton
443.8266260711536,545.4074939578718,356.8068158381759,542.2830015384799,377.9108735765301,631.2185253735379,cotton
1000.0,810.425743329038,925.3999216886018,756.7190715663837,1000.0,583.5831204216227,polyester
513.8220580907703,864.9938362083278,536.6253466237984,688.0245795623991,488.00788137060084,1000.0,polyester
86.91718136527756,0.0,25.150888809409793,111.15597911315402,63.30559906011539,222.4435602504618,denim
144.39618595142656,0.0,182.76826265895292,59.56239540303432,45.08605333219465,0.0,denim
111.87990906600231,0.0,280.0250180320237,245.01607511882747,182.35325673371358,79.97077516396999,denim
35.62287668808955,0.0,153.35954952998856,90.43052107607102,370.8793351731763,0.0,denim
0.0,0.0,365.4067170811151,134.9911721075495,12.301482769665398,107.77592369854213,denim
24.841334737413817,178.02150052632095,0.0,0.0,0.0,60.91886203800361,denim
499.0206901203568,703.6553386307526,410.9916281005771,982.2534355157034,743.3267283752813,874.9592711887242,polyester
274.3826492228505,533.6273623357656,751.0138067055856,572.1001127145615,713.705312145823,534.9326744479187,polyester
0.0,12.858380627010327,0.0,0.0,75.62418877681955,0.0,denim
0.0,0.0,41.849458552561636,343.6307846212355,34.66443872836943,249.1149411706524,denim
208.5170809324642,337.794099795945,0.0,207.9594662616724,340.72121303715664,0.0,denim
933.4285763192156,707.2921483043442,698.1527947012576,1000.0,1000.0,497.5720354139789,polyester
0.0,0.0,0.0,140.69589903364434,29.979624196439595,30.05229029183582,denim
72.82896654636099,216.04732406194205,16.197167188578632,63.17801471011853,0.0,484.9392685367702,denim
343.5848531740537,570.4896841784969,616.6894122241521,708.7725853305311,423.5232936373925,883.6917310180052,polyester
760.5128921371472,1000.0,931.9852441861754,1000.0,1000.0,896.7715779682903,polyester
654.573383154486,523.449722991335,889.9095941863059,938.261889346351,747.830977408329,765.3137265271914,polyester
469.52209886382684,510.0936896148923,529.4907249908007,444.6106434521422,298.12469231428065,623.0100921525502,cotton
691.704880356413,926.5408890032808,674.5601702416225,1000.0,857.8822532160048,689.6406721073097,polyester
955.8863927380264,748.552580342829,903.9144701412608,882.5319016607076,810.9508295660755,749.4402472182227,polyester
377.49974394590583,477.92711462214896,672.8016646725154,484.21811405239737,616.5034074707315,745.3627693809997,polyester
21.044440695576327,313.11503474905567,215.79599296131803,0.0,112.63036961216463,548.7867765413819,cotton
746.9760442933614,777.7039697546554,750.6681170986121,454.1987805293592,867.1033449213135,759.0119892849085,polyester
423.16690318039025,4.944117114362626,262.29257027321955,175.26700609076266,219.5689481061301,551.8657018769843,cotton
174.51259917549123,0.0,0.0,33.45720221761332,0.0,0.0,denim
67.70556981617011,0.0,33.154136153089375,177.52816714944362,0.0,0.0,denim
0.0,289.3188195400033,407.05877258330986,223.45997182986218,220.6985169091506,386.9971551535276,cotton
646.3430950499578,897.4337894462552,747.9145773905325,1000.0,1000.0,1000.0,polyester
732.1695126937483,708.7140936768271,650.1653169638184,699.324980953209,816.953481932096,906.3386711887701,polyester
343.6219399257597,164.76781550697595,433.63805602208595,475.5307914736732,464.36420428280326,666.7184009279558,cotton
33.186392146072734,36.75992842990891,38.55377375258331,135.84812428189554,296.63930650491335,297.0155174894987,cotton
108.49464821755589,21.791218676339383,0.0,301.18349287832314,300.4387594192983,21.65882608980798,denim
393.5178264302371,303.39257269951344,390.90578335117345,223.30482063525164,577.4496649651304,461.9213458527587,cotton
820.9621928008588,705.6327050819258,1000.0,860.2836591455479,898.4419954459515,684.2430113085009,polyester
109.19822290719466,182.90277425004092,71.30912783836126,28.29527450433678,158.98190465690996,0.0,denim
798.3077603487197,1000.0,801.3519975142297,831.2932552886319,792.2216237262501,458.3841306086938,polyester
85.96767199379164,76.14023034203377,0.0,61.00981711343031,95.26253752329669,0.0,denim
88.24106696858888,240.31198028200748,156.3054057154028,77.91401211109581,0.0,0.6420652741347652,denim
324.980244017417,75.81875549044261,231.91919340245443,180.24537671151253,0.0,0.0,cotton
728.8862589843927,674.5530698147352,820.0447922905121,1000.0,1000.0,645.1808187035758,polyester
579.8618158712679,157.02347572827819,258.4574012901412,245.3463474235902,314.72838158321576,205.62323077148707,cotton
601.7956752373094,420.66422125834447,641.0323884531145,1000.0,660.5136935136798,673.4034071947618,polyester
795.299380418664,851.9678375421153,666.2233700538279,957.510633498419,1000.0,806.8940888741668,polyester
724.2816149960381,625.2673746169329,800.6664148237762,746.8247693224429,709.5826449421987,475.01453584092195,polyester
335.16963633482,0.0,255.76145135458137,28.98281647229201,0.0,315.66890777539237,denim
760.975420678191,935.799700943074,619.0243939409968,784.3637217666761,609.534885500498,491.57682336095274,polyester
0.0,0.0,0.0,0.0,0.0,0.0,denim
776.3032233409242,340.79378535717535,591.4153240440352,781.3994731958267,763.9173985517493,473.7952543681246,polyester
141.9198761355469,331.87106857416074,355.2700612009937,230.59669878242354,117.77129774173838,487.5865507703567,cotton
613.4096486510124,500.002791628858,521.9936918854492,771.4220838427002,849.7794571998188,900.36087414083,polyester
0.0,269.31554261710244,189.3596288794603,136.53342257477897,252.5405738575701,0.0,denim
166.02037106934236,0.0,0.0,135.92587322095622,0.0,0.0,denim
93.95911934547274,117.75546288093368,259.35223541791186,239.68663308337736,103.39654674424148,283.54354765856334,cotton
108.06162012815184,148.02567393903252,7.3973710437141875,352.8961412615247,161.2469503007693,0.0,denim
516.5837179520074,665.4197374622566,553.4605052691321,788.7507595089867,832.7890046883183,817.2973722975106,polyester
448.3938417248456,312.01617467160355,456.70462776937603,659.4031107683982,0.0,164.64722310460934,cotton
936.1813028641275,752.1835695886793,609.2645281724067,851.5088379334218,826.7262503964865,916.3896544131302,polyester
112.491903728441,158.2657418850295,161.08712405549392,239.01819851788048,0.0,132.8419367143381,denim
196.84772657504163,312.15025029855116,494.4648253868371,112.11240864055308,153.51704954187738,160.23430342057665,cotton
487.4412976777744,586.7880342611176,675.9988517159109,890.9522830049642,894.4626023524761,366.7654900135509,polyester
799.806075848732,670.6411537959422,625.5143740581591,719.2888862157381,1000.0,845.9756109747617,polyester
613.4381859520163,569.0857623530658,526.5588764447104,868.3911694476119,786.3359178561468,690.225568044958,polyester
333.98736763378474,504.37447012256246,343.04885432044796,442.46715843441297,294.75011168687394,545.1906442867503,cotton
320.967558239686,207.25610475462165,246.22133980167587,300.8166983074312,159.06013338820995,209.9423556915489,cotton
776.2098213102702,710.7475641359454,854.3631292312559,900.7369955870333,1000.0,884.4742697985737,polyester
779.4828364388391,1000.0,734.125869302843,870.9469896751195,885.8578203994297,771.0522809545536,polyester
519.5638854093097,519.203292739325,582.6602588851445,755.129246279255,632.9608810742012,946.4935083130474,polyester
815.7762423797232,963.4370222119612,605.7505033898035,1000.0,779.8154602335112,839.5730464233476,polyester
369.20918718072403,94.45096676466676,46.96496120796725,151.91110558829678,146.9500792852618,498.6976643179971,denim
646.981606538103,656.7672898335289,950.6909998143756,396.5085233521179,631.4617223909406,688.0532641613904,polyester
279.12052194936456,11.934920689329829,0.0,254.94886057425603,0.0,117.50714053772845,denim
276.25476248403396,172.46228688775003,303.9983614489331,328.4830387770684,385.6476604073665,540.03615097978,cotton
131.47915061221892,81.52143650402994,0.0,204.46024517562887,11.196980356507808,119.6651920728536,denim
257.44530443688416,474.5476777954483,562.7700845192918,562.4668193216806,343.97870739289453,720.8798695320992,cotton
94.74426124793706,192.78698758628371,90.50004663307342,188.5381622324244,0.0,261.2931200659664,denim
1000.0,920.9010179423675,703.5563392375258,1000.0,1000.0,687.8106037579539,polyester
880.2389072638521,676.3307881308681,857.8543254855053,797.0565080923448,932.7451251622533,1000.0,polyester
0.0,0.0,0.0,174.68528593078025,0.0,154.12457588515815,denim
211.0179096815702,717.4544724648088,510.24611372835045,683.8128477828977,695.0115867600427,533.6420821468361,cotton
11.994288812440828,50.240654390925386,653.0410547165486,141.43028194766765,337.3324726846973,579.2102778796274,cotton
161.09871527046573,288.7607403318518,150.85984345576117,0.0,0.0,350.6990836170901,denim
1000.0,673.9898613591881,842.5952758787888,820.1179394147439,921.8523546747117,1000.0,polyester
820.9449654900759,663.3041721624718,580.7402433048508,759.6749899600161,600.7455907029231,687.7036772438415,polyester
0.0,179.53544869583033,0.0,0.0,197.78097256710447,0.0,denim
296.73992529491096,0.0,205.309274828438,160.72792866126122,2.5617016877157397,189.30455673616143,denim
321.1522766383697,441.4741875377108,336.39691226708214,9.177297814446064,238.74209303346376,515.1627613671583,cotton
736.4264356918547,967.1316685027344,907.815912226551,1000.0,967.7801630590234,641.5019376395478,polyester
802.3754657990277,799.2678733613066,982.0609795274717,902.2719645889022,594.2216560142867,1000.0,polyester
232.1401823333245,44.26757159184312,85.08061622422947,387.03939160777406,292.3519955305783,0.05553337716428075,denim
268.10828188623924,307.92806367370076,350.06445331822044,352.5582017878748,372.74145204211464,0.0,cotton
603.9941793725094,1000.0,914.9953397194619,915.5355118343446,872.7204651264868,1000.0,polyester
210.81353983757128,66.69879650439452,60.918676818311184,0.0,103.4912968133684,219.56586635764032,denim
0.0,333.3702575714885,0.0,120.75637822086861,225.0486937325071,0.0,denim
83.97107008985917,5.309890161472751,81.09633137286365,63.07984074713224,67.22570784750093,0.0,denim
530.2058822715727,529.6717242955721,581.7025480902319,664.4963042282222,751.1170560733508,828.7911440987302,cotton
657.7328970240467,813.1951324605825,693.3665823099783,565.8590563843783,1000.0,752.9495265361652,polyester
289.8057913039349,230.42543358212262,488.4787778246549,791.4376242298431,443.66990957197686,704.7591373307341,cotton
224.80696569124228,137.43196649908973,0.0,284.0389873897987,0.0,0.0,denim
241.07804223490308,73.4945784220455,201.4691061357009,38.46091065713631,0.0,129.57241152347996,denim
1000.0,769.2699913793332,1000.0,1000.0,620.6557216418038,1000.0,polyester
665.1961906943684,627.840273795617,394.34772667912523,482.0685409487744,905.632533304881,859.715582322166,polyester
343.0632221968201,221.79783285950248,192.724362772122,269.1912059296677,191.6904177282488,524.1689534486998,cotton
188.92783526290344,54.74586066609554,225.681619506249,0.0,198.136655106044,0.0,denim
839.6173870071175,786.9624462372901,697.9936120711856,1000.0,1000.0,1000.0,polyester
876.9426679412558,986.7124195335304,817.4296278560564,730.6310448336052,780.7533903627353,758.5044807334347,polyester
60.57161112850646,23.145859702221358,72.19529253932365,0.0,0.0,0.0,denim
0.0,93.10154427899808,379.37385781175783,0.0,357.7699669447682,0.0,denim
0.0,0.0,0.0,265.3095780930513,44.28770061878663,119.89815609094282,denim
765.5790826685544,1000.0,1000.0,1000.0,887.5529373548047,1000.0,polyester
127.14379440434584,0.0,137.5573686733714,111.3738369427396,0.0,391.86248195653326,denim
395.0646117945534,127.67547741757687,143.74681657200645,404.5029007344109,228.13889327949727,214.61822432447383,cotton
370.55466466713176,328.10209006345895,470.4889957870339,448.7996514200531,741.4470889751493,570.9439053301207,cotton
788.2045166263777,1000.0,683.4279430521498,876.7834443095923,974.2816335282586,1000.0,polyester
231.69155432399685,0.0,31.627115876349528,339.91081308953403,88.81787380351241,173.64112003152397,denim
853.1488582333279,940.2340383226729,617.4065097307894,861.5748199192928,1000.0,914.6362858792947,polyester
673.676321934584,694.1812606645731,607.0639647233389,613.8826790203341,952.8645413897162,784.2217398228044,polyester
897.9556964485694,1000.0,1000.0,1000.0,1000.0,980.5291717086828,polyester
684.5122016538965,722.8373900238124,576.4862549889345,782.2243243930689,1000.0,712.2606635203166,polyester
601.5045696603833,783.6445655730797,783.0152050134767,661.47023352922,642.1464422534544,606.5589621715917,polyester
200.64022255219723,331.89284659749626,520.5593490071542,622.1415139879847,663.0554846537924,480.94844348967337,cotton
134.08968062396715,103.63793191981817,86.41454635156404,38.70225445119979,0.0,0.0,denim
882.1414874551036,355.79048079036863,572.7090799975422,748.2143536624652,924.9036754344464,608.5207477514462,polyester
366.86257048176276,430.9398608922511,379.3178562627755,536.8634309050616,469.9658120242932,680.9887566620472,cotton
264.4507051497017,95.46747969134987,4.0763290932999325,287.17459583105546,334.3077519646715,366.4008534433584,cotton
640.248261676354,553.5638961593643,549.3568814058511,865.8255442267985,1000.0,991.8345342800753,polyester
471.56724690806175,398.4017197615058,707.6421585548131,706.8875023368859,825.9438536134546,803.9197498913932,polyester
840.5464427509071,765.344288626632,997.1418994979367,777.6551253086327,1000.0,890.8387873578724,polyester
183.36111512767326,164.66575316006933,532.5016913782271,549.9985612605127,372.6648695131463,419.0210053796337,cotton
645.7629957090377,877.2103145858164,652.3618012380441,1000.0,1000.0,1000.0,polyester
825.963338730201,582.8037954063698,545.4441179872352,827.3932960134968,652.0700526685074,934.9466432938747,polyester
755.9410465254174,697.4247007491815,813.1499262448642,921.1742039462813,1000.0,899.3462942918064,polyester
329.7920953758522,585.1333567611583,566.0983039924927,218.552628776265,646.3884480519528,264.70880290678645,cotton
447.6380780487671,487.7468407959068,414.5817885050225,64.9046520020371,456.6663263382218,397.5729072902549,cotton
738.8932134212967,1000.0,976.7311291535457,1000.0,1000.0,1000.0,polyester
95.86052055678138,306.19063153926595,52.604095763415394,141.60770726364333,323.32794091701487,196.48911732485504,denim
480.40096184518814,317.1821990667427,577.9630583037783,484.790522943433,540.4312145221642,274.58016720549534,cotton
608.069278639189,902.1186252014562,498.76629001417405,870.0586953683254,852.1015232637037,922.5881882845847,polyester
388.7138346246828,207.0619140168357,700.447198672862,800.4127581010786,405.7790342896021,557.7097770417934,cotton
335.5248427005968,526.1584014734478,274.22640448738014,707.212763602965,447.84008710242745,448.63275751054005,cotton
152.44349743845132,325.6006608580011,548.3071825164986,616.0175801737695,297.4094506691522,409.2560207171715,cotton
245.41556435861938,272.6621377404574,401.87461555642284,326.3902541498934,424.12648570611316,390.1930816733483,cotton
335.38089479939435,191.8784871367572,73.22300138798649,0.0,46.35269970677993,80.60664108924296,denim
772.0964136239703,1000.0,797.1045978461905,593.2322512356236,636.1835518193254,1000.0,polyester
14.219207983305012,348.35569973838216,267.8963978498331,337.75163486527174,363.95762278069316,484.04263582944816,cotton
0.0,231.72570906591227,289.2838780775821,400.53954315777617,411.98675664835076,53.608571699170994,cotton
473.748933535652,565.367880536578,723.8097739582483,838.0279805483055,638.7869807350523,684.929830125802,polyester
301.72546024930085,137.10474419683794,289.0975078216699,163.07584950002334,0.0,0.0,denim
65.16194479950443,124.42094840163935,123.30799844534882,50.81659474234013,6.049333979449834,68.68427606568551,denim
283.7628269211633,190.9361395363535,349.225307475506,0.0,0.0,154.35280563887818,denim
242.9007699401334,234.7246938112309,235.7534826776402,101.59104144375328,151.62618348756232,544.4997530914654,cotton
168.06227660324822,220.99364713566865,254.63636951830773,35.468271824695464,327.3705527931818,0.0,denim
5.178313060706245,0.0,290.9524452674589,77.56653672978692,0.0,66.79164311558498,cotton
881.8207335019363,781.4179525979043,734.0870652389814,1000.0,725.0808586166964,951.5062204002373,polyester
142.23212319586605,0.0,250.66039028715034,14.980567291710202,384.0565074544474,0.0,cotton
497.18560776009605,439.0564267468663,517.3326970570118,429.81584606459415,371.6581513753897,538.8493672880167,cotton
86.17456863758909,450.94963572807933,224.31782124854382,0.0,122.64151546991658,375.71693388301395,cotton
580.8746615977815,638.7290036129045,746.1500807051774,687.1959122663675,1000.0,513.6694857146794,polyester
240.38355857378295,221.18424202490752,358.9946863080352,230.04796608326905,306.7199668067318,286.39682744999675,cotton
901.3897905565085,972.1857507258475,861.5334385628471,851.118846131306,1000.0,762.4026274258747,polyester
895.164194398372,496.973459112867,440.93411027446183,828.3286794091341,997.4921085370503,1000.0,polyester
603.0618528736885,632.2063713105938,1000.0,852.461310999137,920.7040212211322,908.7195923803856,polyester
637.8551492070694,847.024513331516,727.2870923123335,773.3553737866282,1000.0,886.8898842767976,polyester
585.3093470232538,0.0,307.7254139479012,438.3090339654072,806.5761946697432,275.8266495106594,cotton
505.30866925034775,247.51388723983027,252.82068809219632,769.2422917109177,197.57098930056281,566.9228144587514,cotton
555.3359370003104,970.3372586380236,764.9102687853066,946.1125475195067,831.3113605686018,1000.0,polyester
471.1140731235016,577.9647043691971,371.83374450751853,576.1592226277251,505.91028293201987,396.68387376680425,cotton
269.36187231322697,457.5838234156779,317.5886670620554,373.81498929530227,411.9932169373034,420.6903375094472,cotton
428.2674733323661,734.3119095935853,530.7284307779269,493.3232191558851,843.9899236505838,557.6318525484248,polyester
536.5275900566984,466.2370593462594,545.3084236262423,479.4759353120908,562.7912755907247,812.6779032949236,cotton
0.0,150.68340699176147,398.091316762709,471.74355169187675,392.53093352483035,0.0,denim
499.3515420459672,352.30979259228604,552.6907641686707,399.0648630300412,660.4855313217897,722.4244601827838,cotton
148.5051309219878,214.06053406837822,392.3112634288354,290.8112586431491,473.99367924941464,188.37788334867685,cotton
168.45463978258704,109.47515933891168,169.51437302548234,108.58585906377286,45.76220384186564,250.9540598231574,cotton
892.6633393126148,1000.0,991.0452573640654,453.8117485942573,862.7234510727098,939.8041087998291,polyester
461.2752299011629,651.2454211870694,519.416766253614,347.7663857770013,378.71458436942953,566.8661507861592,cotton
78.89650208882365,413.58470857292707,121.68371452716954,624.7275586916514,476.9282658691768,143.439313014725,cotton
644.3429399369219,560.0108067076702,489.29369205750186,706.6541943857636,499.4835449197906,827.1117452171509,polyester
399.8102706716104,268.9836411432092,576.8617145988864,740.5466186934191,343.75920122883986,708.0449731462173,cotton
611.6577361236587,1000.0,1000.0,922.6527986286728,809.0330109542854,826.2150265311659,polyester
102.44923064299344,196.86715440552587,118.42760754134466,0.0,535.036355818241,190.94057860569163,denim
379.97686033625683,262.45190021416664,46.31194550039416,61.877401328774994,231.0837406901075,212.0236936517831,cotton
348.4447933825413,14.862129860439055,32.31343181290253,155.9807476500622,158.97783231978698,81.00771402271351,denim
890.7487732251104,841.2947676830918,694.4793124762201,859.7299271991375,805.7527065095228,1000.0,polyester
0.0,0.0,75.87047214281071,43.589325019565365,229.36475558643542,0.0,denim
149.45287564145428,181.50061298090372,121.95707219284174,0.0,0.0,220.6192810289535,denim
762.0538093338961,840.0926309610118,749.0058968093718,943.913086131199,652.2946918342984,926.5729984784249,polyester
187.73228786977808,327.1193231624798,102.65100721377499,0.0,0.0,29.650801098089296,denim
847.4108118434491,942.364167721553,941.6342344918612,928.9476380937243,1000.0,1000.0,polyester
647.09034248614,474.6482020827721,797.3807150316853,701.0666930255715,600.4387542752119,883.6086592460515,polyester
664.3466896402272,645.4683707316146,592.3600439822571,728.444970724196,1000.0,649.4505252519637,polyester
583.6904841024334,1000.0,657.2371248666866,741.7699573989074,881.7867730823917,835.9769460987966,polyester
0.0,0.0,133.2306451064471,0.0,0.0,0.0,denim
920.8404480422912,819.8607537150815,1000.0,1000.0,1000.0,951.1167948231821,polyester
848.2474232711204,1000.0,902.0091024348063,1000.0,933.0235808837023,1000.0,polyester
183.2040258709883,173.47737619416876,162.10483418532937,228.8539762662332,0.0,150.2068329206853,denim
16.679605517139635,582.6071474459469,366.4744794507554,122.25667607670917,418.00396065372627,27.534343310306014,cotton
174.71644421589812,0.0,33.23006222531965,0.0,0.0,0.0,denim
868.1825084325376,460.10910970781515,916.7117711746743,969.7761743110448,953.0891948550473,863.3752341768839,polyester
81.25734676803832,260.3845270803853,253.6376477614408,203.81578203185438,0.0,179.81362154436357,denim
690.4504873108374,625.6938746310143,1000.0,809.158488242574,712.7174104460213,823.0132055650787,polyester
631.5222260839835,666.4357817205321,755.9480891635607,695.7170058659526,1000.0,623.0383547608636,polyester
389.11498409207127,91.90746243393652,472.3618901848683,0.0,0.0,63.35902225938976,denim
613.4132046590111,960.7991802638539,824.7935146401519,1000.0,1000.0,1000.0,polyester
117.57123978584049,159.9263170853402,396.882473920078,235.38813004637035,105.96477577162318,88.5872962111933,denim
75.81371384395705,273.13023200076174,338.5969748027303,119.82367105483135,309.44153508713197,103.8302431707911,cotton
470.48420669837367,575.7861949612329,824.9839578949335,580.4583854760194,717.385926334388,1000.0,polyester
748.6182130368147,975.6890895096091,787.5977927353414,1000.0,899.2775390825145,970.1478889311751,polyester
286.31048465180044,677.9304242983133,208.54191465418415,0.0,313.09744872789776,78.99050985455645,denim
904.7149995472547,832.6218893020506,1000.0,1000.0,1000.0,773.6349744214484,polyester
770.0064981257177,814.8219949908299,537.969866835063,723.0619697678002,818.144550364932,985.9944913039225,polyester
545.6841115606529,508.034721680399,723.7234192072287,594.7247063606462,563.9241894524062,902.4424459301409,polyester
462.3918695437991,14.868786862225832,0.0,84.59585303755739,0.0,112.57401829893331,denim
324.70055703032534,382.801286059531,424.20096571453035,417.9692178657196,678.2840798280586,322.86749646665106,cotton
16.244547524702924,0.0,0.0,254.29322258972903,245.83288118759188,242.60850069509772,denim
0.0,205.6081601464677,195.54344320932591,381.72395433503254,350.7868272973521,404.7578704648549,cotton
554.202290969404,657.1570741406442,880.0193628082991,633.4986348572788,205.46350465924826,689.3640686218575,cotton
733.7717877819539,702.1415227560739,873.4440140140523,713.6664584171062,798.2058040465728,631.9730067776487,polyester
420.30590411922236,70.01503457162963,0.0,9.107085581614356,308.6818563740861,60.28194904885228,denim
11.115105796196247,31.74012407337628,320.8575162853331,240.01520395470914,295.71439713414736,248.3487672118116,cotton
303.4616500696302,294.754025270697,189.9473988521628,13.446841700403752,398.9524620127146,466.59471626637145,denim
395.6547975703877,422.6962046276805,409.75809808689087,722.3744443310495,282.8465278943678,444.4529846436202,cotton
485.102918582128,141.18729463199753,458.9616673651228,631.3781519827953,601.1545378593255,307.46397812172984,cotton
0.0,203.99046076172039,118.52989325315639,55.395575658570905,0.0,0.0,denim
1000.0,1000.0,790.234137769819,767.9272302391232,1000.0,905.7874627779198,polyester
717.5649140906723,344.06717443094556,514.8466671796641,929.6092358567564,898.4347682487929,1000.0,polyester
96.1562273377628,0.0,103.88310762688215,87.89675730218895,383.52657397396166,0.0,denim
179.73130985154307,78.57751421587062,97.65606551191003,65.86080522845778,156.19091027334622,0.0,denim
464.04500039933885,664.9814586159147,497.2736073472424,886.1205323778066,565.999987848569,759.059756167563,polyester
294.7037790826228,322.6261424810015,316.0851034467332,378.0875786466477,415.60179496724857,743.7835910698161,cotton
574.0173086304686,560.3450321182402,732.1856343370798,759.28284030043,702.7120362321973,940.5932349942741,polyester
127.84399933484042,531.7968905158315,597.0352116531876,447.2002621063113,424.98271172688624,810.8082698447032,cotton
229.80949111073244,21.914900859585813,84.56613543138043,0.0,304.5156952645402,96.10046863932946,denim
813.9300373692735,701.2546016219364,919.3817070544494,744.8060301189635,1000.0,723.0508687112787,polyester
98.70939878519975,48.99566117863739,128.09587351861524,123.77561483228077,8.12952466441439,426.09970754384403,cotton
154.87010169227386,0.0,128.77508769029836,0.0,64.63720290926193,0.0,denim
657.9322157028712,941.8507200933693,795.7304746577889,785.1003696098634,929.3876653863049,674.1133158137964,polyester
125.14628044706302,114.20765845499142,168.53757387740941,0.0,0.0,233.3280116673941,denim
32.27238922014787,227.62505513740092,0.0,0.0,146.05279173253956,108.98817138181184,denim
612.8514541810076,653.3645777465954,1000.0,869.7475232310354,1000.0,1000.0,polyester
507.00118657869655,273.78715582378607,166.8081259604158,434.64415993773133,619.9753558374769,353.93130084094634,cotton
649.8708539684146,979.3790606244136,1000.0,792.9188885406245,1000.0,1000.0,polyester
467.7154951721544,0.0,247.14040308400774,624.8044422825578,126.0689380625876,381.63320535524736,cotton
132.11056708509494,281.48060839409004,171.91867520856078,49.931355619471496,70.51901960295132,47.323294918201455,denim
0.0,247.1287055928654,255.0935671127242,153.11120195475752,0.0,76.67233208736226,denim
245.5708193025634,210.9291734739537,210.25780415591387,171.30957088921917,86.66552155427641,103.33850929758957,denim
180.35281636716894,0.0,0.0,59.75072039517037,119.8608872365412,0.0,denim
227.29075679167073,0.0,189.64878800655075,120.90809952851102,225.96619663727412,10.57442383099486,denim
257.96787770480364,63.09208402745455,367.8320394965974,82.49985251606614,274.07296394960747,111.84634950951663,denim
0.0,0.0,0.0,92.56346825217472,191.89568392573148,0.0,denim
802.3445452665795,653.5415777430427,1000.0,837.3024915213007,810.7740593697799,661.745925346313,polyester
846.8739625052165,1000.0,1000.0,864.6870712258929,769.7247920531255,1000.0,polyester
730.0769552929984,959.8600236429293,930.4618053949422,921.7446604135131,1000.0,1000.0,polyester
159.6108871289205,58.08164886669465,98.57538675678339,0.0,518.1753939134318,459.03444635217875,cotton
889.489983977986,842.9307638273792,717.3633626957296,943.9955152626724,838.3459581460625,985.1171188097392,polyester
215.47161307245193,268.44007134929194,0.0,591.1635879397822,0.0,406.82361388903024,cotton
9.387332694829183,428.5269246093427,166.40524528512793,263.26915386874606,603.4258154045588,440.4783820941243,cotton
0.0,295.3241378141281,193.6690388877865,355.62999822772565,338.7443184680654,290.51304494499277,cotton
412.9694113120805,354.90644297962774,49.84401517749521,401.2812955544331,276.6720077239367,0.0,cotton
587.5103469755319,688.7680076780766,796.0418504896497,429.938171266655,416.22359221384346,917.574734026227,polyester
0.0,213.42334624603674,32.67438339193366,225.85202796250994,46.71158053386602,0.0,denim
544.5914624155293,505.78504815277233,612.7859916531173,589.8040152011934,788.9694878296214,529.433952426868,polyester
177.86554145187827,384.9079035108041,404.6322388810379,856.6574915290321,584.8541523511688,327.67679803509964,cotton
283.116292726901,76.53543746805155,124.67691431435873,29.947974860277558,0.0,484.658878031203,denim
37.7395780193047,41.57704379732373,75.47204100853679,199.090072164307,33.68322067370948,119.39331797137211,denim
981.863209172764,991.9798821746008,798.0829511111151,874.6602686093513,895.0939699451943,815.9288022027221,polyester
391.21324047272145,520.5948848739215,476.1904562012176,848.6350022244242,785.7166761070304,425.0860795655172,cotton
582.5110676931859,454.7397513280657,430.0280764314416,386.1124018387599,644.0490087803346,505.24520455481013,cotton
416.2215978190149,393.7728575539658,278.1238087910109,668.909728757585,410.56952103160916,621.5555229863564,cotton
507.1551413975825,312.7364268529852,423.08020168559943,596.4709917351207,328.03508649832725,593.303962000574,cotton
494.3993051612802,590.9967936229752,541.4864228055756,542.8388179203246,563.5267611671516,374.5566603345543,cotton
472.4119173594814,476.0709680055443,550.5972018498819,513.9362479336727,435.21218170487117,596.2833707920626,cotton
420.6363650554071,244.4773183498262,399.2752172151211,343.74849522284325,408.96810133627014,399.95681364726016,cotton
670.2177741375584,767.0691766336518,1000.0,504.37286564608013,728.185669693233,1000.0,polyester
384.90390297103437,0.0,0.0,245.23890461252296,0.0,58.74454901194024,denim
60.989715107434975,202.23902800226978,67.79041661048612,139.8264440334785,267.8738615689175,126.83003812389785,cotton
607.69842379626,711.882437821587,694.1323290142212,875.105744911913,771.1940016966073,947.0560370907674,polyester
369.1391043478176,305.3548602580057,671.0554021488882,517.6972446014076,907.2757806114383,569.2011788537003,cotton
667.826957280393,880.6240271698141,777.1150937045285,1000.0,913.0089033679784,711.7655670950026,polyester
124.22450478499312,20.319145976062543,168.02734715943572,354.9405194336173,41.470062856529154,378.64091481592925,cotton
645.044078555941,701.5763342365307,904.7496247273298,307.3991297116922,517.8184448700304,780.6092738048109,polyester
173.93172403200003,534.2595453129695,185.22787027374898,346.59180845083506,325.74151339455443,487.7238388832326,cotton
157.77720116032816,569.4128812758092,783.0127888475529,413.9975198951994,427.9297056898376,638.6538036940403,cotton
120.95988131837694,94.61887645883301,27.329955790097344,290.2569056548503,285.8497052273999,30.05011814063512,denim
226.32780487797453,232.91331589666424,275.9733186512851,565.3244977479585,533.4358199182716,218.28558649565485,cotton
720.6133899552376,778.5683474688191,974.0852752320404,1000.0,662.3765057987252,1000.0,polyester
399.4075173722971,359.9616369395165,413.49326478588614,424.7194845163836,320.5238207360253,571.5414612911753,cotton
927.6914468970631,679.5095659036922,714.0508904609973,721.2253893897492,845.8151457029442,1000.0,polyester
255.722705605592,90.31915732939248,621.7000939764048,151.0784079903188,315.3202067989605,0.0,cotton
919.9591226603696,864.6186667571981,948.324189142611,705.6944404004776,789.5492252698898,1000.0,polyester
540.4816761867228,873.8559515267483,909.3224868883782,850.4158370875462,967.5635302494654,838.8253275262,polyester
2.7807289799228556,282.76180925370784,157.36825484679545,0.0,26.75278168333466,390.1581456117536,cotton
350.2334104109396,0.0,0.0,0.0,68.44795284322711,354.6530662037585,denim
678.354595495179,789.6604410771606,985.0693074380898,932.6281758196258,943.1509546901889,947.5459862924043,polyester
787.043135533585,693.0726890996101,447.96578632328857,940.9753569271431,1000.0,858.7497045719606,polyester
0.0,40.15425145984182,0.0,56.64891370377808,89.12313904910062,50.99786935590403,denim
512.7970445237145,800.2399086162395,594.9151119234616,534.1570981261742,478.22021699872306,829.4599349941499,polyester
785.4904864683683,937.5602302335762,1000.0,831.525252778443,1000.0,1000.0,polyester
265.6419398488062,0.0,159.65296377027832,173.11446990110036,210.36464833434988,168.65633779474763,cotton
758.0998877840634,733.1344216842955,820.9166709203973,626.256475639449,994.7507724266586,703.2631724115797,polyester
2.7500612798916464,153.67527396876966,68.24673187893738,46.595550648376445,0.0,337.04274158474453,denim
0.0,58.284843213335854,285.61578917019716,0.0,69.48100641016269,146.3157948125673,denim
904.4691080673194,684.7496420595529,662.1889312734456,1000.0,850.0533432296014,1000.0,polyester
211.12185413517355,680.5999685889146,563.9784265666171,372.62068914449804,552.5270906536826,596.69861897679,cotton
637.6851719524166,445.6075768523949,619.0719153546455,782.4804592157639,960.8274964768812,946.0202855103546,polyester
927.0587925486245,684.6598734423054,818.970204786929,822.9513302762136,604.0651395219013,686.5234764433411,polyester
288.58083072088914,113.26314700700084,0.0,148.35718623795364,0.0,74.16486700708836,denim
970.0305415150611,1000.0,835.020820968036,1000.0,1000.0,1000.0,polyester
167.7058122133213,447.1564651939484,197.6826709239653,0.0,97.7495580601232,482.6877697923185,cotton
670.6685046563974,1000.0,843.8474936352591,919.4115896190647,741.4939714801759,1000.0,polyester
175.07303563394228,299.3462319024775,220.56271622589287,628.4065504844581,531.9006218015887,572.1930578828012,cotton
561.7961773068932,567.4363730367331,352.34664189066484,558.7928034857991,478.3309445220757,410.9697667596256,cotton
85.3425717845365,115.10432458088391,247.05326540117403,542.8884370897117,227.2863490862152,53.19141469104085,cotton
0.0,98.26648407746723,0.0,337.34966053321,132.59448206694876,0.0,denim
94.01592735439483,0.0,53.596289374641906,110.0960078909603,180.3680405177872,0.0,denim
0.0,0.0,0.0,31.74137772232492,22.947364850255926,0.0,denim
0.0,111.96526476939485,20.78544474251715,0.0,0.0,0.0,denim
378.1397724834275,461.9169570327216,605.2886627926563,401.74597396743536,397.62031541090585,665.1058371786202,cotton
414.82790713511605,368.3380350104939,727.6853161293193,534.2912899956823,740.7415400987563,737.8488568429414,polyester
295.9980088886158,502.61538069574647,448.73422032255377,388.9485369233252,540.3688698152947,487.8761874415112,cotton
269.58190270063926,277.62193637533835,473.57799769202455,302.88876283195486,392.8731865223862,211.99165448974384,cotton
443.4838883351962,581.2068653720571,299.25630602397575,522.1676744724546,349.55033025208746,683.0292826710694,cotton
52.17020465643676,25.25718695420555,322.9644305390665,351.2477013562067,151.77323847191664,149.75858120647416,denim
708.5084228956001,591.254148947746,1000.0,1000.0,962.2525634173618,997.7147601624346,polyester
158.19370580320887,104.24049470973772,104.12111472840162,9.256352072177819,178.6647660345904,0.0,denim
352.830168224083,269.9527632245799,847.6462213105972,629.1986882678297,640.3670129638624,429.65541734891644,cotton
826.8387470430483,1000.0,841.8484419163234,966.5695637433099,886.7721061182027,1000.0,polyester
168.36026058238744,95.03090516652412,0.0,72.32028090386822,247.69678367551114,65.18911464250394,denim
454.1651920804267,377.80640989720115,317.4484664254427,431.38511111064616,497.472672958741,530.5944705756287,cotton
162.74111955541355,280.00698066611017,182.67722707359817,191.77433865116356,283.74729876159876,376.56985048634306,cotton
77.81713626068981,0.0,408.4991731126254,154.77442694123692,0.0,66.90493066465778,denim
686.6927581723686,589.5378701871456,848.8996987413587,878.1974570211398,723.8895973038352,1000.0,polyester
0.0,153.74354076103066,0.0,0.0,0.0,0.0,denim
903.7114485541323,699.6810992522213,834.0911721907657,872.9746776618846,945.7330548920238,783.9155949866176,polyester
161.36188820187044,0.0,286.3622120122967,118.26605916111674,81.84615572257815,159.32533270506042,denim
791.3554367801911,907.3714391662616,940.3356922552898,970.3036343349554,955.0138726957533,937.4857670043864,polyester
154.00287533444444,201.4690948829517,9.065527169192706,40.945380773102606,126.76722350774779,158.68847852441584,denim
198.78140708772384,20.468137972806204,0.0,45.97591420076952,131.1133228369661,287.56810516416294,cotton
681.6506963070865,554.0757259981067,596.5999839732199,1000.0,955.1095153653423,736.3140521999159,polyester
902.0036314058158,600.1865961229453,1000.0,1000.0,1000.0,997.9698805318822,polyester
507.4095018593273,678.3895004145868,560.0726309250535,141.9419325308608,438.7701927868855,592.754603251681,cotton
729.3968554232381,926.6302167937118,904.3509390048638,1000.0,849.9269812036907,1000.0,polyester
575.8901577099605,355.31924823184636,733.0603309807577,439.46668366316493,375.3374987847152,983.7430186438476,cotton
212.99570204422886,281.75560280785953,524.1309690381892,259.1065283317937,255.0439324509166,92.15557136236035,cotton
981.1590050618626,662.772981099348,820.2480256605561,1000.0,789.1180213201457,1000.0,polyester
577.4971293390962,578.0310895665273,595.8600522143207,901.0177375225596,410.9929084502714,490.1063710242935,polyester
428.2030995822619,429.4468769832902,363.5905008137857,637.2498007707967,268.5322606586725,607.4057516107879,cotton
0.0,163.88449122010502,17.576693339355025,106.39206860080996,214.37380159996567,0.0,denim
651.2464390039312,590.820925067137,429.3834508062756,424.71335575520527,893.2007800729864,786.2356148249013,polyester
463.2399744982223,104.19921166763251,0.0,0.0,333.5182605195141,214.1479473076603,denim
679.5620334924753,798.178637476126,628.9533848444001,1000.0,889.3869176188731,1000.0,polyester
83.00596852921987,38.109332318658524,233.898340066561,279.366106270246,0.0,205.9188731044568,denim
58.64050809935084,62.420523125458836,0.0,0.0,7.126036172634301,0.0,denim
673.9320914053535,596.188422876371,1000.0,701.2709646186048,559.0352118617704,501.9422969630967,polyester
578.1234335430717,432.55894512330974,320.57164281924025,368.58149451631965,234.20034471265063,623.4446254418489,cotton
859.7486115925066,961.4552008032298,1000.0,904.5248198732652,1000.0,1000.0,polyester
130.95635965266803,237.821375123755,181.10918914875623,415.3464488488896,350.5779008302993,188.57552307222932,cotton
383.4418045504724,403.2363710222522,378.6685015602581,772.6235718064662,1000.0,701.3741597780398,polyester
406.9694935463403,451.98042852685813,826.380136636445,576.3459381163617,681.7637686233292,809.1077218962432,polyester
0.0,158.05883982567775,302.58819430526376,529.5402595318992,0.0,0.0,denim
190.1481200622692,294.5648743574234,0.0,0.0,32.28012755418489,124.30565208229206,denim
581.9576675081528,234.1637430417917,185.00184106769083,333.2605636487974,215.91937223634233,492.27899894137556,cotton
333.68681729914505,371.9104371529406,309.34875955185396,318.56566681139043,422.6897562456479,900.366153330057,cotton
0.0,239.42713648418498,197.4323235639635,207.2943250965916,307.4029629955416,508.3755968470889,cotton
244.84802950339432,0.0,100.93346023182524,97.43333512338165,0.0,96.6712695030673,denim
0.0,279.15111373958825,13.439425643651326,192.52867616635515,63.37522991435847,97.59146889766748,denim
304.4201025567958,134.70433445261102,0.0,37.907813639214666,199.7046167028932,3.229876082089902,denim
358.97513732917577,321.2701122028387,380.99450107975207,427.67148582059843,751.8887387958538,452.2749976942325,cotton
290.6704806579782,384.22234403348654,567.723525431177,429.2696362825478,545.2495638786415,682.018425684847,cotton
156.05092196727236,120.1885550477925,181.71146732116273,50.1379387018753,414.7533137007158,197.8305676895523,cotton
858.2466051279528,1000.0,848.7799469066056,970.9587988827083,887.1798434817027,1000.0,polyester
355.43583063570503,387.22123562711613,323.75816128349254,518.2030424482047,464.2877902764182,364.2180009548611,cotton
748.3396828565897,860.626357210522,845.6904749762623,939.5206700044757,1000.0,1000.0,polyester
840.9702157717556,939.3629938583258,1000.0,988.628823672301,766.4189749361369,943.0164657119375,polyester
18.520210339186804,100.39624910669318,54.574990005113364,210.4439099762535,187.5391932294586,466.74072309222277,cotton
686.2200160723612,763.9067989058581,833.6100326547071,907.7576658597333,1000.0,790.3536003999695,polyester
592.6021886314636,777.2304188631018,921.8612077432211,1000.0,873.2726372978334,799.7789492081592,polyester
135.30025240366112,0.0,275.87116165748705,473.75461499956765,217.52047968229783,508.0695992226697,cotton
1000.0,936.0931221371148,792.1945402747742,1000.0,954.8139023439222,889.3739075699239,polyester
946.1365261413005,811.5295549292346,945.2025402508813,1000.0,998.7980607549547,722.9255656685012,polyester
266.9214983463998,219.85852673701723,215.66965910062416,158.03106330183232,427.9300017195434,79.20924039776091,cotton
57.23940971506935,80.80950916253393,0.0,30.383607853931018,217.47342576477712,186.6654547307782,denim
987.3039014396338,875.9331687874582,941.8492277643882,1000.0,859.9569287948025,1000.0,polyester
516.3539115590302,612.2861784716213,516.8357827903006,610.9457209086855,698.2401908787865,396.12448735226286,cotton
743.6829618985773,611.8742361867306,1000.0,845.2144993876801,937.7805522947003,875.8300289570115,polyester
492.0943507922607,336.6806328676452,465.3846056344087,271.61693518642073,621.072374790559,611.7358826394791,cotton
712.7041606171263,783.4773959255406,484.9470475203406,809.9847157640371,670.9842938384693,1000.0,polyester
17.532461242774623,141.5559869480001,240.56006434215612,0.0,334.0566464319052,39.63004287690215,denim
0.0,150.6481827782734,52.52042409529329,353.2407464647697,98.11834666521031,142.30554991765712,denim
836.4225381774867,1000.0,1000.0,1000.0,478.02265740154394,1000.0,polyester
162.30901067160846,157.67796623738383,291.50009742278405,0.0,324.27685549932914,416.21151786457045,denim
725.9337341324591,754.1689348038929,566.353310771428,432.78059130728514,668.1625949845318,452.4852919587875,polyester
0.0,31.756555595768816,172.37784975714993,0.0,0.0,0.0,denim
778.8032132322481,814.642555705297,770.2451615429775,908.6248782550571,875.6492786453339,910.4976145513281,polyester
753.2533224910799,638.1541872238889,722.55269772126,747.6647684443318,877.5149291192226,1000.0,polyester
190.1636467090326,322.07936984972423,337.13146325112234,425.38974916176244,107.16475585125804,231.46273414354528,cotton
0.0,151.18886134102803,233.14770439197724,0.0,0.0,128.3816096552977,denim
447.4838367602429,485.2603239599613,603.863166233268,866.9086290406988,419.56739034220885,576.7387146741593,cotton
136.35227215391777,391.2842180987384,472.76811513927066,319.9899039439731,445.7554602290063,538.0149179780748,cotton
56.14446765185082,145.6905111306252,609.3000918341426,0.0,156.11800657906656,279.28776400399397,cotton
958.4623987102939,849.0942014674292,772.5566433122513,1000.0,1000.0,1000.0,polyester
625.8789522160776,500.90172211569336,186.92603510973487,674.2298282680633,530.8879902779695,328.0320208322024,cotton
0.0,186.8384971845436,0.0,23.82306055325244,117.85037879969178,25.423706535787378,denim
138.8292538533251,50.44066584691481,448.2557445975357,289.03681619530244,343.7286392657686,42.260209997212286,cotton
632.072176894331,861.190812319656,660.2149588779015,872.2875210185914,748.0367101009859,848.2043818348316,polyester
631.5199534044652,325.3797943683416,467.3758103705504,499.5866566922251,321.586264670713,489.9367621274286,cotton
332.7638892744862,495.3364650281804,372.5341127287901,271.4912897009968,816.3241588498294,720.1702054564619,cotton
307.7681015580858,373.2368549375377,374.3089837475728,63.7229910523572,656.7047107678713,513.6563824164957,cotton
741.837330004815,898.9373112197331,494.66321206583575,502.59058932130995,1000.0,684.8511993959694,polyester
685.472825075962,672.9321261814243,889.777065522302,1000.0,991.7764362876787,890.8545506893938,polyester
211.63479526184048,104.64033523870354,68.73753827184419,401.7799639406727,0.0,345.6865338319259,denim
482.2998255376177,734.1343558286652,851.9660931682361,784.194986270423,417.50352663292864,474.30168063068504,polyester
53.586244616240364,0.0,106.08617353825022,0.0,0.0,0.0,denim
651.0237221918129,879.1652656378843,870.8532636286734,973.4218251281154,1000.0,1000.0,polyester
421.86287924781186,607.1674928834516,414.83511833329885,780.6258011080699,730.7847727510347,688.8435577216909,polyester
510.7617669137747,349.55721398105743,225.21430620408984,596.0639698956907,449.4613371038178,613.9469734664243,cotton
181.3072996987013,141.87940306606907,700.7471296101886,0.0,0.0,254.42133224346674,cotton
330.0056794848395,580.8804816577754,680.5977439650833,988.3363599775989,490.81388529004556,573.0408811751012,cotton
92.08826854679552,131.9137014441027,445.3539181076186,426.6490017167814,79.78821927775442,301.40498055485335,cotton
344.2292229948666,498.04502753405,342.0085205532401,446.20360837155965,375.5068355722372,494.12890116489484,cotton
107.5961413903664,134.7036583226839,70.34222530727013,0.0,194.48264158532498,0.0,denim
517.0900570395492,194.55962682263453,314.101756542648,623.7062226032566,309.8686243261885,544.658597096655,cotton
324.62262555739807,728.9218720257697,489.84038080093364,755.6931329660094,626.3676783138412,445.5047606853631,polyester
638.2902839882302,510.7671834065993,723.3502702252214,892.6150032628234,948.7913533855907,881.2531544441111,polyester
155.2532273741856,200.6932898033836,298.59912356304034,170.47969309835247,215.03677554964577,160.27065052110788,denim
81.73467569526258,0.0,203.7027283162117,38.90856220197728,0.0,273.1931472398147,denim
191.2979215818757,100.72415286921405,0.0,157.77060197639156,323.0750490514159,489.29798943371065,denim
217.07707497396086,8.586727624978323,162.4116555638563,341.9394632063167,20.33153219161119,171.49382829010847,cotton
335.8375049488841,421.7710477062554,554.2828277694637,530.9308494762166,243.5208533175012,370.3892085101623,cotton
0.0,198.43291583104173,0.0,108.34356320095529,0.0,126.15144084232323,denim
61.24849674955301,0.0,85.38212038493786,302.9138738421156,0.0,370.5524191969596,denim
923.7591480369774,685.0491171465064,1000.0,731.583765369398,1000.0,1000.0,polyester
4.078065227577554,156.71915477884778,128.4289349592296,0.0,0.0,0.0,denim
81.4094197751935,164.6284435305111,128.19589988141752,82.26745467387278,0.0,34.2937655133354,denim
143.2643143249846,0.0,0.0,0.0,136.94331642732186,220.93090983902175,denim
406.61345186937695,500.05493818693554,141.59336045008203,168.44950667439815,398.19124027299364,430.38503693071584,cotton
611.6773414849526,814.8169640446337,598.6859771411272,999.0306075098052,893.214715387769,860.7285126734458,polyester
802.9977649100771,817.1077719188042,618.5750844215314,905.3788018363266,969.3416873880304,762.8408198367923,polyester
1000.0,978.810134999911,982.1252298728741,700.9004446304621,843.6468475365116,1000.0,polyester
721.4526961424873,464.2350152447345,889.2125009148122,724.3478259530077,920.2260866812035,1000.0,polyester
733.2172344845701,941.1166336822232,760.416172899786,1000.0,1000.0,835.2963237391838,polyester
338.87447261281034,332.753814805121,505.26156674278985,481.8033284590296,436.21583766949783,769.1078154698589,cotton
357.9740305407166,503.7617782696112,593.322379907153,583.141166027568,552.4946978058078,729.3952516052111,cotton
667.8156554789213,582.3412891124395,363.222549723999,668.495624508987,431.3630602047599,601.0869765347276,polyester
430.207393239445,462.78097705287064,427.8783059689153,463.8415382213896,423.84173795987743,704.6806601998401,cotton
410.3254349902329,292.96448900761277,708.211630947085,281.14997088701136,565.4651219004359,672.1668678689136,cotton
0.0,222.7761294529413,165.73841858358406,0.0,326.11799851560585,216.75023401796477,denim
0.0,0.0,0.0,0.0,257.13715717073086,335.8461692449346,denim
1000.0,1000.0,802.6370689719449,792.3909590791236,878.5341232159659,845.3033509913511,polyester
509.76467070744167,949.4565108692611,494.1129817110941,728.013910230866,627.5978859155563,723.6641688689692,polyester
8.63914590620395,331.0212126012188,198.89632306064692,156.8076836227552,63.05789120900419,0.0,denim
589.8349311796604,604.429443004645,341.51864351031656,617.1186049203147,266.0083001994374,735.176631138462,cotton
169.89216859106222,97.84607282689481,98.3059861870577,28.066602619166858,0.0,239.52780008907894,denim
681.7278959915022,738.2736802967094,496.20754455913124,934.0385386291744,504.3397506481249,948.9613942043654,polyester
172.94375757878606,194.58247237801976,235.36077911196958,351.38561649042225,358.8314943992012,106.82863872902058,cotton
345.0420704030686,199.01966928269812,366.88812099151005,507.51811545810114,672.4899739589926,702.3222268688446,cotton
55.02578405149484,290.2104785423801,19.458274337688515,159.15647535173062,174.97353880576068,212.95138537432663,denim
2.9815166858766133,372.55476995413494,44.1373089949135,132.08338883034108,455.1718197141021,152.01303277793312,cotton
92.37194134476624,69.76434794914876,151.22300051264943,0.0,70.12276720036088,232.48452638607466,denim
172.79780618995443,0.0,125.64875615271848,0.0,0.0,146.6855774932178,denim
447.86153823867625,115.36230239215429,0.0,364.21321074556306,243.18569998509923,0.0,cotton
408.3986740099541,149.0140585902139,607.6354825868522,503.70834428181985,380.5758975175439,641.2060001257053,cotton
372.5935500507583,737.5736957627489,618.5671269761021,741.8681713113366,840.6272926958126,685.2335061162016,polyester
83.31707668448664,0.0,100.68834330164498,0.0,2.1582005272295177,0.0,denim
748.3008294966503,447.93863290535336,559.2367451149158,148.19394142130716,459.3670991096868,578.3729599882718,cotton
714.6218108126577,484.34824463881205,705.6339865738415,984.0117033477107,901.6849985137546,694.127503019346,polyester
0.0,0.0,269.2382176000897,54.83300353109912,0.0,307.8441716908485,denim
153.4019033372391,99.61060896256458,14.423752652884858,0.0,211.7814330777654,81.81422013686905,denim
8.897579329499479,42.825721432719945,251.16442874998057,0.0,0.0,213.5929193966341,denim
0.0,222.5064275212768,99.58679393766397,292.6156806928229,105.86788779470383,155.490731478692,denim
53.97308962547232,0.0,176.0351515476151,213.17709874659306,45.98693008939763,248.31369513715765,denim
106.39322211908173,0.0,133.81286510375696,0.0,191.07018691317433,0.0,denim
0.0,0.0,413.3860705000193,426.1694888268812,15.442725867188614,295.7194704156313,cotton
588.977877384359,470.7955913047722,872.1245734846796,871.6019302315166,637.4337203303594,941.6622291386461,polyester
371.1411220272001,671.4234171060527,365.8695115718629,375.4982060873027,622.5910630901493,621.8548835315991,cotton
585.1574799196009,1000.0,594.3898743761665,722.6825118132285,806.83236812051,884.4061344012919,polyester
785.161611861236,871.6578134622376,775.2415472388861,765.8976933221567,815.1894042988212,799.8900983653581,polyester
612.5219759526384,713.594628862927,777.9467360911904,757.8840863517772,823.4911779445304,940.281440485537,polyester
483.53854669268514,365.74344993404435,291.8422081945545,600.8766892467137,667.8493736538899,817.5977542277684,cotton
222.2053303707415,540.4812509591247,112.64660069209697,440.40656244785896,550.1759810002675,237.39245815471781,cotton
900.879293108646,607.3572564007275,447.51292676197966,930.1857896173726,793.0024706571818,995.9934662126269,polyester
471.712866711851,689.3574311176184,1000.0,863.3059959960344,523.3064212224292,1000.0,polyester
249.66519664317502,421.1666018013063,355.9388584765076,577.4760122360041,594.7486253581808,635.9341070548624,cotton
146.9884731875071,22.91877445508868,407.2378108790102,0.0,0.0,414.4433467226308,denim
334.92149563386306,0.0,154.6919417887859,0.0,0.0,226.217565947485,denim
706.494709957008,659.1786962328838,706.7581892118757,814.7169830320926,533.4569779352024,900.2225452321791,polyester
613.4939198900936,481.32373032062867,439.4416423372518,409.0652415519731,688.7431173800519,650.8452281138156,polyester
200.51065581919963,280.16553681467144,232.62025051919153,301.57432692223665,438.6014702264017,346.43790873560454,cotton
734.1460594211316,881.5273839178494,1000.0,772.6018948979475,1000.0,1000.0,polyester
29.824980897796806,90.44112365992316,317.4920580648582,70.30947781994652,0.0,63.20209743070852,denim
486.83522476304637,868.9303422934939,780.9917548351723,917.4343104373992,730.3574530507814,614.2947081899637,polyester
0.0,75.11190565434259,0.0,224.84207975760702,91.46106468720203,0.0,denim
825.1511115372059,1000.0,719.985990243356,662.4555537837018,959.5302334568596,1000.0,polyester
0.0,0.0,0.0,194.49126423199675,97.57801133228793,0.0,denim
228.287833328086,125.83618675467397,416.31977965060673,522.5135745015298,69.8332307420118,167.77827036910358,cotton
0.0,59.06304053708749,317.706565451454,506.3669183026349,72.25502883033272,0.0,denim
152.87288313204243,386.00664807948164,130.28196757005338,159.8230511440094,0.0,207.6005849579324,denim
684.8731912454703,460.0679897420423,711.4282176371606,590.1479500465634,1000.0,1000.0,polyester
816.3393100723805,617.2914985938594,927.8951412057414,823.2513250029333,611.0517679916356,827.0582254326245,polyester
149.36063495263915,316.23165667624033,0.0,341.30508586375623,259.0192259641301,372.4899376055239,denim
545.6200783322038,288.00526473275477,444.8719326897907,437.38623798389926,70.03912612138095,745.5577393585032,cotton
274.8810222003394,379.93588991124824,516.3794522271523,637.543039260345,783.7876507289562,606.7527530958042,cotton
197.31169906407854,252.29576044350452,86.83578818830725,96.87409696624493,0.0,240.99670663764456,cotton
474.6675840129394,636.6363597622869,556.0576681267162,736.0980888403951,457.352298740694,631.586724684953,polyester
329.29150284827335,641.3224018210303,337.43774793390264,53.765842440172264,537.4318963052168,617.4923896109772,cotton
41.18603472038132,121.26037387866023,296.712276765981,0.0,154.0484038371305,20.595854195214258,denim
0.0,266.32192393815114,348.9269259367607,57.14849392060613,0.0,135.40062386376707,denim
341.3422828452475,594.6492696575546,694.4500333280782,587.9969151179035,896.8190177270803,838.8720967223469,polyester
0.0,0.0,35.26160663414889,0.0,0.0,10.212481406735762,denim
72.92779270914741,388.76532904526624,366.69352068750385,404.1104009004456,435.22537163200434,735.9938232883611,cotton
663.3523065898025,787.677605941853,905.7562933638869,1000.0,948.5560828994712,959.6111358319051,polyester
274.4798205097776,283.6078459975473,137.05812386367617,223.3346245164763,150.76459544777393,269.86235836406377,cotton
0.0,140.57283194325785,200.88262009127376,240.78213378662537,0.0,87.41247604636308,cotton
10.561105223742885,105.48312188861931,291.25999147999823,363.7242973608188,258.53228758779636,228.53481106342872,cotton
638.133761001154,498.98083714391686,393.74823260140937,432.0798847808941,487.2271248632724,905.2669419151141,cotton
296.931584526234,257.4663600116858,434.8015969401707,697.3249975490803,685.1696619920117,368.0963862543861,cotton
153.9988092700135,201.07346896438332,49.75528330418591,0.0,0.0,140.96334256312957,denim
184.90694849700054,4.331849992138956,25.636861133281748,391.0312304919101,0.0,0.0,denim
490.5844105734567,599.1278557576234,398.9648353524144,678.8808165437175,719.236855885039,151.79920133504595,cotton
0.0,150.58936845146866,341.80847563948817,171.3128986829501,301.67813969604265,357.53207958934263,cotton
704.030012125789,896.4412763847109,600.0934526322067,781.3259719636792,924.1922597845353,763.2756377282019,polyester
326.7121582635964,641.2967805536114,859.8127909605348,681.3953364225857,759.643962793336,714.8326989649498,polyester
526.9720111973866,313.7399984518269,242.40328281568995,333.62148698181613,323.9578751854543,435.40785038199664,cotton
0.0,222.0477820335833,314.8817011764627,402.03907275684844,556.011685001749,294.02001029463196,cotton
0.0,0.0,203.16626324417066,0.0,75.24774712280731,116.26287188233786,denim
248.6245937554597,566.2051334541293,346.21548272296945,563.3821071379116,333.62030387608314,390.092351168371,cotton
379.65590958773566,572.9160352061709,594.2722510683584,414.13015048476115,862.1190855531465,915.027154586365,polyester
281.1898915569684,214.7503210568899,0.0,44.01379945126723,0.0,0.0,denim
446.21576696267635,230.87481216329456,57.129911500868836,318.11041233481427,60.1475789818394,0.0,denim
122.08712660764306,84.59160577032934,332.6998760730685,0.0,302.10952341789834,406.22041973365265,cotton
0.0,0.0,0.0,0.0,0.0,252.93956855159942,denim
0.0,188.87002493956408,172.13863995251884,116.82716561882577,0.0,322.53236361446966,denim
92.69095348393594,88.79180034967287,0.0,325.8408977605221,145.57269551225616,461.75550711875746,denim
741.2487208792757,1000.0,861.9106957454205,1000.0,855.1971367972571,1000.0,polyester
11.382985060701373,73.50374273681362,273.0212439753047,0.0,237.96516458789966,165.26947789751915,denim
224.8702912177577,358.91790246159195,197.95485196135766,0.0,84.45904566768215,460.6672994608378,cotton
595.0066063487825,649.3796736073151,494.32665533757796,674.7439547560967,533.9923910080222,520.0732840087095,polyester
120.97655046132914,106.50486382002188,0.0,0.0,372.2637905506428,0.0,denim
47.37003717018008,21.15298216165182,0.0,81.82850572954061,0.0,0.0,denim
417.7333325516381,631.6040335535824,498.8350147986647,768.0658627418045,729.4535026651532,1000.0,polyester
177.51591736389264,244.6962207289638,225.45870972580934,0.0,380.89895260211733,0.0,denim
200.81170572119484,207.2061469632701,142.46923854522421,544.0695328183881,256.89153668993043,355.6481818478051,cotton
857.3884287631244,726.7213235879464,682.7810988992742,802.6695208661333,1000.0,900.2752799362959,polyester
303.70762063551206,216.9139629677954,0.0,440.6633791369835,360.77920214954486,308.8568791961844,cotton
0.0,135.34177849728297,0.0,244.6175450953837,65.49317334859609,0.0,denim
0.0,322.34160339334665,238.20337408077927,17.2508259770957,13.651602003784546,97.70314731100049,denim
0.0,241.19206669126459,144.89297246235674,22.86527465708036,0.0,0.0,denim
591.7546490770285,796.2957637843016,612.026414839543,807.3107092273609,810.9306783433633,1000.0,polyester
481.62205976437906,440.09529776780414,333.0395722889647,580.6266542453108,532.7709220328379,700.7897411036404,cotton
244.85003328866034,108.03652067829486,226.58100585603017,133.39165154624965,292.19242601947843,203.3065776902672,cotton
343.87848661335124,186.83870239344373,43.68692425083003,521.8492336464974,669.3798329119602,586.5845122322341,cotton
684.9838911575105,715.1208664352611,388.68225602978015,659.1280659987103,827.6950969464635,893.5061002110649,polyester
819.2625970271001,878.1456085170876,887.8165744963318,902.6229497870249,1000.0,664.9310126475222,polyester
1000.0,1000.0,1000.0,962.5423376589496,1000.0,986.1621350378645,polyester
439.95226893005156,239.86252919321802,537.2185647742865,392.265770573716,580.5758532791264,798.1126797442904,cotton
110.22614234901907,212.3097595891436,221.23060426582995,419.7504729377679,47.819585627507635,0.0,denim
1000.0,935.8038699033809,757.9975298674135,928.2089620552697,986.1737825130864,987.9408571369029,polyester
394.4336753515982,271.21345194842695,448.19196931416155,413.95449825115287,443.51676149930347,291.3018819458798,cotton
150.0192091664211,405.15738653458516,188.74717203440676,135.2956404881374,338.9002182218157,53.59396153151977,cotton
74.15236451659707,420.38809307387675,205.32123103980967,231.73965957176077,207.79759959239257,108.69615053203603,cotton
297.075396577274,249.36424763838244,199.85968561101822,228.8396164368103,363.55348472764103,52.24140471109058,cotton
358.4986496657275,302.9568660112343,122.62340989578726,56.86583787071362,80.18676015578379,154.2454692072336,cotton
103.51924339571664,208.2725599827357,0.0,21.913799622834134,109.59673525253947,378.10269292545536,denim
262.2394145381307,284.65666940351355,257.2980557241871,172.55532714571774,320.69009852529246,34.22138460023852,denim
259.99341292843656,681.0840017794626,707.6139358418761,844.6394651227366,645.9844109891797,848.9419965157615,polyester
171.12246493759417,0.0,0.0,230.86515101491685,555.0053378089069,454.163999961356,cotton
399.90161913466085,723.7509818235349,547.0369661714867,501.7926414673881,543.3370300620345,350.87969494066914,cotton
18.654996550941064,250.40403043205748,2.863419326586424,0.0,45.156669725496435,0.0,denim
986.7665590941544,564.5741273430759,669.1261822644229,700.4410527604753,732.89650316514,976.1484099835197,polyester
761.6786576656365,566.6494125046785,743.269418432184,609.8492964785794,819.3294246408742,806.4768147552494,polyester
617.9892913747746,718.7198858241424,792.0896856115447,590.4967436467712,463.5550267294925,928.4085594047918,polyester
70.15119637553963,25.92915938927434,0.0,0.0,215.557871259499,355.5655249409861,denim
430.8759869143138,793.0183224004113,539.3493561697952,945.1718936910149,1000.0,582.121631235878,polyester
88.37254087085773,312.6482118535467,404.0986953475817,167.5206486343714,325.7773789213029,195.54747007917757,cotton
317.5314839025163,111.64142947320076,183.92699735569323,174.53180578695617,337.4071615484039,217.0913224129843,cotton
114.33524271659613,47.98468634781068,215.66268954146136,190.41004091219665,238.5840060466136,181.96825787904362,cotton
283.46990456185586,486.3567875414163,561.2554700624944,697.0159479524864,707.2689343082302,424.7328588300266,cotton
949.2168127842248,708.6067094091692,686.275110662855,780.143480776409,903.4998140456322,863.7798423369468,polyester
739.8512531799945,614.2193835663993,532.2925455043293,702.7034755426242,780.783690207176,774.26523935212,polyester
134.55925826723077,0.0,116.72939553901236,35.095134370195154,0.0,62.40590819690296,denim
21.896409926154874,61.80715560610931,0.0,86.47405921552279,0.0,238.69096934219158,denim
63.384961422255564,182.54766971955763,107.37375946122395,130.3565098427698,124.09324004608885,46.304713590808376,denim
0.0,164.07184218206802,0.0,71.90498598658569,202.85841457672564,247.36608916608623,denim
227.19904183785198,276.265583815359,555.3071396933858,579.4922014395617,636.313351745664,394.39078780893317,cotton
223.23215566742508,235.30260355123553,528.010642615342,460.8905733219657,207.43848574659114,302.60579349399984,cotton
17.817219430302444,75.93069737059886,148.71433320554536,357.79360707604735,0.0,0.0,denim
0.0,141.64998325391295,0.0,56.74581277038214,163.8920990583332,126.18655073700738,denim
178.63876138341467,488.21516924786454,451.5691521417275,205.1036992625701,390.3268957082159,701.7232647870939,cotton
142.64345665423212,18.262424469500374,0.0,184.32897593262322,232.10127118874092,320.90330174950844,denim
775.9470655777284,916.8705073981482,844.1177164060718,868.1268883298121,596.3329254666146,1000.0,polyester
609.0052306658071,624.7014245301574,75.75436136873168,469.90619247818944,488.43860440294605,646.7203434471852,cotton
302.8618076998313,463.5136856704868,219.7820248671488,445.42412451458097,501.48558115935646,790.4077011620893,cotton
792.1129484408183,673.9161019615069,1000.0,522.1222769144304,1000.0,862.2939224257794,polyester
235.7635277622938,247.8222180190964,298.39984500603447,0.0,95.26994865228482,245.51968671487137,cotton
907.6750695618566,1000.0,944.8849996272176,1000.0,651.1404535777053,1000.0,polyester
207.3826650700608,0.0,0.0,0.0,95.55712063931674,210.19043805367795,denim
864.5692748916639,903.1470764165534,705.383230006752,1000.0,1000.0,1000.0,polyester
141.3027893670167,59.57294208973781,112.62597509816622,0.0,243.74113944465242,203.22992946682203,denim
57.12474311888372,99.75370131841802,12.19894642078134,0.0,0.0,0.0,denim
46.892867058199144,139.61925264684177,353.2825865430317,215.05128328051157,222.36426126423936,0.0,denim
670.3804776941874,1000.0,891.7921997125736,916.5870673405499,1000.0,821.1098810240878,polyester
71.85718277927803,214.38700484059646,225.5603140291958,316.35836200454605,461.9063041535343,325.92387718314626,cotton
106.92855513582737,392.7038171353109,13.102572836501935,228.46892920762252,242.80730123094955,205.1939460071645,cotton
213.67909968315345,387.085888537192,378.6789052685443,421.7377664815242,189.55869859483312,533.688768991416,cotton
140.63552756964418,11.359844552533588,91.6767738918891,0.0,57.6370073764458,0.0,denim
532.3980884420739,291.6508961590998,370.9148658360644,257.7184016440549,489.2651890680553,217.1374393371621,cotton
578.7931952004682,528.876059769299,733.9511550811449,969.4595027394819,984.0116891109587,1000.0,polyester
395.89049364096934,434.732954381391,471.0535384560376,703.4136188078165,212.6444890547781,178.60790527317135,cotton
0.0,399.01772174552343,313.1952015157337,0.0,31.632495937802112,0.0,denim
654.0643231805524,725.7922991445263,800.9903687743216,527.4031083671125,902.2194142078686,635.3711970220744,polyester
92.42308383584509,298.3059721093614,398.1557918662487,165.26588944153323,224.3993633335302,101.23160472391751,cotton
935.4387580511079,716.1009869115851,990.9028230075173,1000.0,947.9333907006393,937.889045524696,polyester
12.738123084723412,36.69090559665569,247.507707396676,31.926499250469263,392.272798532717,282.5384244166738,denim
953.5455975483222,923.6396360025813,755.9857308762253,1000.0,817.7781329141786,724.1458418986956,polyester
32.12698471364475,395.3172457968511,29.861646261665058,41.76554777010424,263.1295282267882,0.0,denim
24.376907903600554,347.96770389130285,63.973238761503694,50.54851251908495,246.062345344611,0.0,denim
498.50193390971447,792.8223790734997,837.2162778868824,1000.0,737.6635454098864,673.7522474841568,polyester
599.8298348242207,589.7398105665719,714.1953578423748,586.4737798870572,662.3382146044904,756.4598268551507,polyester
307.11949274075187,235.1595931100551,240.36664658875753,497.9623755899647,237.66850740414247,399.5323676001972,cotton
794.9004046570147,614.7758982445076,949.974020473494,1000.0,843.3987566983066,443.78729666666163,polyester
1000.0,597.2332070889759,720.1306781839546,901.7049690033338,774.6449403132169,1000.0,polyester
990.5660357564664,698.2606912095591,1000.0,685.0526444807506,871.1927197365285,828.1180959962702,polyester
146.33657954565862,211.2179865020164,378.0142272210553,238.40006089718386,189.36359279862475,45.84588939060782,cotton
780.7585058248861,793.8407483849583,1000.0,773.7234527663264,944.9423550368259,1000.0,polyester
244.59735676900652,0.0,239.45963090058865,228.22476481425537,187.48891995997718,362.57208630107385,cotton
397.0337708895571,574.427242440753,733.2365296881262,431.1761845463093,320.5130918999266,654.7583925096804,polyester
359.13315598265785,160.97610889039026,93.53083419027556,364.642071310628,269.09751877889096,72.42122237770008,cotton
695.8726594113589,471.82483888732474,836.5969411368916,930.0936920422799,794.7731478938524,822.2093320922202,polyester
141.51746519911654,28.95451597084694,126.44155896538564,257.1717729879881,0.0,0.0,denim
153.00501122454364,27.473904634196266,0.0,7.166351196177807,0.0,166.68752242019193,denim
1000.0,727.2584199277263,977.0743613154951,812.858031379116,892.9368763055535,1000.0,polyester
583.6015132728114,790.7627533422435,444.5803440389099,737.9644721825425,877.8296453537896,850.4721819556328,polyester
168.05805347249225,0.0,152.59066823237828,515.5630452315631,147.83739630258668,250.54051748400357,cotton
304.52271517356996,0.0,66.77830149103502,81.11921536066312,162.89549241297607,262.8040296997979,denim
242.45837650625623,98.59001045503996,0.0,151.37350995666645,314.9187036181684,0.0,denim
475.0022658540091,550.2173162789675,572.8840039483956,583.8468387411785,497.16225274619046,1000.0,polyester
187.30827123361416,257.7849796113184,223.5868399056548,151.69922434770558,229.42908603713278,68.44183661501256,cotton
992.8268394880176,855.4693144751061,861.4809641588733,1000.0,1000.0,641.2436785066172,polyester
132.09197760008516,0.0,168.29923423546353,47.9951687011157,109.81150888493153,291.53568393332534,denim
196.25166506394496,425.3063792230637,328.6471512336993,542.2881068566388,568.8720672628943,408.6591141774894,cotton
177.24373049327392,357.4144613644178,813.2912289531896,559.0497594661466,450.6182630834639,573.3324110682275,cotton
79.16051280739576,444.19346799437517,217.24748423934383,302.8375347118018,369.11023270698024,91.79432924460446,cotton
0.0,26.90799792458236,0.0,164.51879601736667,63.942981402398644,469.95464800792894,denim
109.74247063157898,206.56229621912848,76.24316156753474,101.6922043814302,0.0,593.2374616489845,cotton
480.92614836942374,789.4717831927182,635.2205754373967,338.5209682765036,444.2809250076357,816.739152038801,cotton
61.442996289608665,53.92125889521867,11.777523272956351,54.88076433364824,0.0,56.969013168293024,denim
857.6619084006685,1000.0,742.7454926000395,960.2444339223625,1000.0,1000.0,polyester
421.12665194187196,671.2750987320759,719.6670360401532,571.1479366794484,486.26590579000634,722.0774180097744,polyester
123.56859429844299,307.7524152481091,155.02179375209823,272.13499253533087,331.20427241189424,456.9355872928048,cotton
274.24515114987435,250.5208338113555,332.58370993432993,392.1017953117507,263.4131116336299,195.44713592931862,cotton
165.68138622643943,116.19787637502749,221.30706791250452,263.3738760650051,0.0,324.3361779459952,denim
725.7347383960483,1000.0,1000.0,1000.0,916.1206879911146,918.5560845071237,polyester
217.86370965713613,128.40273499295176,602.1021049887638,23.615941487622308,363.7145638054827,206.76123279124818,cotton
1000.0,882.0837850227508,600.8354043945391,787.5513969113523,1000.0,902.0452335386975,polyester
183.05329634786915,506.19797423319847,98.0431561855115,187.6739480212638,92.65625150268278,301.86994925876553,cotton
0.0,248.92875082285616,34.182395922298326,76.772779424377,0.0,0.0,denim
65.25523636479406,143.06703131059686,435.3867063391889,40.93254870608591,405.6017660888335,145.61674642878648,denim
87.40287284549659,185.47560508458974,343.83278871430105,0.0,47.840862391356275,0.0,denim
166.61796120188214,78.78310977858692,426.90022533993204,183.6760760667016,270.9589929459013,402.9081973965531,cotton
647.3469937526692,630.7969546280033,552.4749700146061,763.8650121970137,625.9862032921293,1000.0,polyester
576.8912413692685,949.1709519352364,726.4455277302607,723.4405760136542,1000.0,1000.0,polyester
0.0,294.1179362970462,0.0,462.50324697225926,344.1925824983232,434.03995863219575,denim
99.40229761690196,0.0,0.0,80.62862208870925,123.239180163529,270.42032767553985,denim
61.8543914309475,0.0,328.11666362890253,233.20449441989618,243.84624166323877,434.2039532635183,denim
46.978089873559966,423.5802206646793,54.97207807185133,0.0,65.01319685687653,44.54429426983081,denim
168.78955293103348,224.71271944345628,207.70075250635446,325.60173860892155,77.75529668891107,0.0,cotton
374.1066266933794,667.6362073837581,540.8661060041838,477.8110052689534,366.8517880405797,379.19905147619306,cotton
306.1455601164115,231.90145549941215,0.0,369.3532598778058,55.378908288261925,150.81372391501515,cotton
71.39640153179926,122.02640009667851,72.67376167814784,44.49439904771603,87.35794217924044,0.0,denim
253.37617866506795,169.4847826896284,57.98732769113042,494.66324164904603,460.8018825140844,0.0,cotton
4.6357831080105,220.95362490933553,16.134262891818146,0.0,69.53553062740929,231.79993427787798,denim
160.68586668708653,274.8594890781085,0.0,213.36139328177825,13.9093137924851,0.0,denim
864.2325835460064,669.7415384719254,722.1287133927494,896.1430529543834,707.3688525254327,1000.0,polyester
485.7071764470817,350.92949699655463,470.6971153994737,295.8136359648686,558.6073169790034,910.7821297839116,cotton
932.3264053533753,988.5220877477605,807.4874259943333,1000.0,766.8517357721927,862.4553755203221,polyester
721.4213692351077,683.8060378034528,618.9860466802407,1000.0,618.6685459505976,939.8545711543655,polyester
360.18622784803426,323.9538936444816,486.0957619588981,118.20403706013366,639.2342770703206,440.3910516602655,cotton
407.71865970262286,551.4922753797872,296.7778897576043,481.41904090073854,438.3719619196395,647.1491305755746,cotton
245.51016822008447,251.58615394880653,191.27580058154885,190.8648993470835,24.25486799655821,0.0,denim
0.0,27.113363591605534,57.29797599946566,118.71435509688385,36.086317867627585,11.671363483417057,denim
585.5819294510154,771.8040749277986,706.0233946413834,1000.0,1000.0,1000.0,polyester
411.9953261623133,250.59304689377387,341.34103876997267,690.7334331929909,531.3505409265338,521.7883624763045,cotton
138.74610895783863,0.0,30.644827506218235,88.04989541733727,0.0,0.0,denim
441.5683684922348,693.9204621569324,1000.0,1000.0,553.530675808728,932.4883097510026,polyester
88.30362498351687,86.13769117618477,78.91059377925734,234.51203548702918,44.088811085790255,0.0,denim
54.56856755361655,0.0,0.0,16.876694260096507,102.50007433729706,40.2836933219293,denim
72.34107239032159,295.9936946771895,571.9841588741403,356.17486449591445,467.5124081596411,597.0687038953496,cotton
166.10906806772476,51.38009926193496,162.8648637746615,443.7087848782909,238.66192768351888,294.21634599075605,cotton
84.67444536040023,161.18207315095367,132.85650495516882,0.0,79.27219333309499,507.14388284476433,denim
723.945918292261,540.0127189889977,781.0519253351367,796.0959858886275,943.2673045542259,1000.0,polyester
579.3101091305584,264.7379542334689,650.8029273879738,428.8453276620042,361.9986574678725,484.15976564876655,cotton
616.7602671776455,538.4349080757593,748.6878766541051,896.1661724136559,1000.0,1000.0,polyester
0.0,150.14219333205466,289.13767709769775,39.12477934828093,0.0,92.78285766844141,denim
0.0,0.0,64.55173483240682,24.176127333158263,275.06528749949405,289.23640150413985,cotton
703.8210955235651,760.1282558530395,723.5735066982253,1000.0,649.1246109348718,1000.0,polyester
138.76364058269812,454.2818300472092,451.81546250723045,168.5669510295586,215.96657982536289,196.96908322112822,cotton
834.5912394275636,1000.0,986.0949067899419,1000.0,773.8009937927692,1000.0,polyester
801.9204065761974,539.7737913920043,1000.0,929.7524815139585,626.5164344752094,878.7360289220898,polyester
722.0639845183284,662.7889918350697,590.1818785107406,948.4049071878075,1000.0,475.1742050184544,polyester
802.7325436503778,811.1088790437725,955.773123851386,1000.0,1000.0,1000.0,polyester
41.82080925762733,0.0,375.2380701818885,283.67606411653276,285.77968255268934,0.0,denim
245.88799765880268,80.44409419759887,0.0,165.7735234902169,209.04467688304487,81.10530228662235,denim
103.31737283914633,289.17042260368345,0.0,130.0856222692667,238.03089947312793,0.0,denim
287.29004006782276,516.581982978702,344.7112411507351,675.5224212115606,480.9776461389266,408.4691219787521,cotton
0.0,0.0,193.75434952203398,461.40326143037663,312.03170607111315,0.0,denim
29.009476923266348,184.8527832388457,0.0,14.76892866382601,187.21765116874792,215.37044304691747,denim
847.5334614785853,386.6416566134913,931.7201253284011,869.9082647613798,780.8959248263692,1000.0,polyester
406.5673034455425,0.0,146.58990242981005,69.53828519908001,98.63269764102894,66.78787524660608,denim
533.2311085997669,486.8097747819706,971.0429897530478,766.7654662787863,686.9319434301744,551.8891721869229,polyester
0.0,77.75618350234159,240.67325574282648,71.72317759874183,63.79282737416492,0.0,denim
21.860155774828684,167.87886041106225,270.49875308993325,0.0,230.40591531659902,392.65839182590753,cotton
269.2597666814258,188.49827546927364,441.5831390937925,200.92374776890767,315.2557813277478,145.1356487589809,cotton
423.49665052966117,726.2948326605026,901.048777586504,920.244097711915,1000.0,621.6411026491016,polyester
157.63947164553127,77.0413429247438,7.246811286600575,0.0,0.0,49.56082972466048,denim
304.3270172713989,289.41040890739896,56.59093547279031,389.8132333001789,457.60037081914885,217.73894184077082,cotton
760.3070429954043,691.7027417829016,739.8687862157756,870.4687410286355,779.6799021553576,662.8677405930742,polyester
601.9330061372874,546.5447764471943,592.892456710878,674.0946593967856,984.6772747351432,475.0351248261112,polyester
850.1820628000278,822.6944764505527,896.2011786028006,958.1542970646185,830.4049112146017,1000.0,polyester
148.3523875143199,234.7071065034682,0.0,194.61551261740811,157.4932078739941,0.0,denim
275.2769339556033,320.67119626224735,408.14212757973075,536.7107533591739,466.42671250613466,613.4830040541324,cotton
1000.0,777.8165358353515,863.2785203584446,1000.0,603.6276976148181,915.3060921439586,polyester
57.36033245181923,261.4364745197237,151.6564409511312,80.42414086283483,340.34630982727515,246.99977388861413,denim
490.6138248876978,240.65111963102026,698.9821612613662,197.69390200639583,338.4686083648466,384.7061704670415,cotton
55.889411219789054,692.6562132743488,481.53575641405035,423.8258557849564,532.1927169861212,566.4799380788187,cotton
251.15374762011305,0.0,0.0,0.0,0.0,164.06964698588143,denim
773.6263729818177,586.335521969706,334.8540895642179,718.38543411504,421.0742760878866,552.7265744752161,polyester
193.52641434609058,69.09254288674268,328.85185683670284,382.2332893736449,211.95482046713806,466.4134708175491,cotton
168.3143405196703,409.00402670331187,0.0,231.2461750019587,0.0,0.0,denim
176.61266124545662,35.939066838319235,235.95421952309482,158.2640146329576,0.0,0.0,denim
289.03577789840506,326.6279991948767,659.8336941846562,612.6111406874545,487.8107267568905,200.5505991737458,cotton
446.82168680162306,349.07171548901874,188.75169489970554,197.3247607016039,224.68784453274495,394.81066806321144,cotton
274.7130236658297,440.5308669074041,534.5661528278641,458.29512630567467,529.0969834717624,493.2713688629112,cotton
2.235194212835111,34.962392826167395,293.47928281467006,0.0,54.16813166229567,194.74980361785913,denim
889.1053261875329,790.2620251621667,926.0968542095337,852.7767647211436,429.3487499397051,851.7590083159696,polyester
202.31601190877637,0.0,0.0,336.7507643807273,0.0,0.0,denim
430.67185004968184,575.9242938226536,513.7692312233903,822.807930375795,861.4924553787498,400.66659398388106,polyester
0.0,93.71890632382217,0.0,176.82364301914834,0.0,0.0,denim
810.3726646649677,1000.0,1000.0,970.3027541396058,1000.0,1000.0,polyester
292.6059991423581,402.30744841096055,297.2544352524757,80.58012223470797,335.7202203265239,428.62571196733444,cotton
751.215127578822,894.3881148437468,470.9222540896609,1000.0,826.6818944497529,925.9164076143234,polyester
128.27591288002378,210.6084754868724,24.35975748925457,247.21423448061466,44.26564606710879,273.5314482818771,denim
221.290173605574,0.0,230.37479319378266,147.84754706749519,224.2994597097403,0.0,denim
81.79924082905289,193.77449285878208,105.4146150498435,0.0,0.0,0.0,denim
912.5211261439626,730.4359430926104,978.8755433115059,949.8449840060226,964.9504324095318,945.8989094996905,polyester
158.28315291816998,42.34300344150958,176.2434828634464,0.0,451.6099316764431,549.9721362382176,cotton
72.26282491113037,54.52941915165448,0.0,198.08896160968663,0.0,80.7973339952094,denim
0.0,294.09471381596035,64.42132913116625,0.0,142.04720116522844,0.0,denim
970.3797939470071,948.2140153338795,996.0629680644878,800.0039026026564,816.2135988666057,1000.0,polyester
0.0,298.9571630781212,179.24014484245117,193.14791122847495,45.01139557865781,371.8743346981047,denim
652.7440546336264,528.8459639329833,837.669018380506,742.598578645408,820.6717763194125,760.4888126206347,polyester
819.5507920465819,938.9792300981546,953.9097173545109,1000.0,538.777748513892,777.4487882210245,polyester
0.0,0.0,225.4200414648481,416.1168041161852,0.0,207.7164176214882,denim
19.091950086168083,116.72329587431915,25.367948467717405,183.17285011462755,143.72057200382562,414.6407009666966,denim
1000.0,952.9233894042594,672.0738067303082,801.7621092191362,1000.0,1000.0,polyester
214.43133895058025,298.6521947032101,294.7537357818428,320.90764935500323,169.47012238562223,0.0,cotton
0.0,140.27864050888647,102.15064063256884,28.716571304458952,0.0,195.12421390742148,denim
238.99525949501867,99.58871765502887,307.2690015331799,450.806061806485,370.0969265796597,345.2893750933192,cotton
348.8156069840113,535.1226955022561,234.8492583211119,501.9237295376566,436.8544373008854,337.15298613057075,cotton
1000.0,1000.0,1000.0,871.2024360871831,934.2052303882245,1000.0,polyester
120.70732395171619,8.76819033747779,184.77726244499638,0.0,127.1868296323541,133.01162071037277,denim
144.3679732094023,0.0,188.55613001015138,254.61540668303502,184.42078792019757,511.8629321008357,cotton
377.33135266577966,273.5771388139389,71.27951213598132,215.29658084233108,417.92527824733213,68.8847822433531,cotton
384.5473593126738,629.6105630382588,902.2885559925344,540.8011367135786,753.6352335714532,845.9042619958791,polyester
629.5868627392784,653.956119736424,560.7897553822341,739.1302637441756,1000.0,761.3046698766113,polyester
822.6455518671244,649.5117594714497,953.7403184021803,703.3836278605656,893.0328709557259,738.944844736723,polyester
58.98221802836306,0.0,0.0,46.77676851154115,223.4169389658195,293.2317857319323,denim
0.0,37.28260419483687,346.8526357104521,0.0,27.525246816735116,0.0,denim
30.39396269385329,67.68248628905756,57.469428711924536,21.441492366593955,486.0918288966703,0.0,denim
989.337753583171,1000.0,1000.0,923.471920853936,1000.0,1000.0,polyester
116.7618555855407,74.8054085990448,0.0,109.44108832337184,95.99275401280013,44.0199660110282,denim
526.0532152693594,509.95843984060326,730.8784463674547,718.9373813517866,806.9835265291697,1000.0,polyester
743.0287062867459,740.3297892004339,961.5777116618304,835.1973286967977,751.2062169662186,828.635733601604,polyester
630.0560130594108,792.3865197875624,862.151571855098,836.2852733194642,1000.0,991.9439492011126,polyester
558.815589552613,471.7983706216139,770.0686349143891,640.8741950681283,581.5227377765748,861.7620761535954,polyester
271.127456265026,0.0,3.338889744005641,221.76480416144506,214.39167268354248,101.94564066073815,denim
973.4454548723759,1000.0,941.1310072597616,1000.0,1000.0,683.8981598902285,polyester
140.0178647134415,172.01580487778716,256.71342443675843,281.4039877688682,139.73255758426464,545.4254408040102,denim
0.0,14.636935551717357,0.0,263.4121198442234,0.0,78.42383838824728,denim
0.0,134.93740330975248,158.2035201465509,320.03802488184306,6.8586935448490465,0.0,denim
182.94084148272188,117.15333451105188,47.286498736745756,289.58630249423385,0.0,123.27975021082442,denim
674.6886744847301,1000.0,992.8280828436826,1000.0,934.0638790438966,1000.0,polyester
64.27861328480033,189.2885117192555,123.87808059377326,0.0,217.97774983813832,251.48146913290935,denim
825.3065670057503,418.44880587268773,816.6693964705922,1000.0,959.5528508343239,1000.0,polyester
0.0,56.36498373466294,43.4438427220972,284.7059614889389,0.0,23.520954640593985,denim
518.1584910199933,886.1403550012831,784.73356813441,1000.0,754.9648696733383,579.0358606553136,polyester
353.84151378512536,335.4338564208048,417.78707567825484,315.8754072949045,673.5132505963493,588.652727894947,cotton
260.80363214634053,211.27536961142283,471.94582797868964,342.01239473412966,239.47398020056096,0.0,cotton
225.5613384637282,183.79651456410357,230.24699970657463,78.12894242628278,359.9134354661229,268.2010192070867,denim
186.34725388088705,111.51573690006676,142.6566207995566,389.93047342708593,0.0,0.0,denim
85.59288128226112,283.18991987363415,0.0,0.0,95.88098321901425,162.8146534896104,denim
270.6072353727686,563.7787040254,298.5604655969592,339.6566962832752,401.75108938655035,387.2447483235967,cotton
555.3105076955441,673.787918063074,980.3696153102796,451.54560566049355,1000.0,690.5838168954147,polyester
315.9611821007036,390.6471335146502,280.4769349239449,504.71337773053267,531.1430621186464,380.0553614630361,cotton
240.22502793115842,0.0,237.3697720067053,610.4106680702862,611.9363462741185,387.7551936956455,cotton
846.4346059211028,864.886479416399,899.3522017927827,881.3141169265227,928.4522169065553,846.3859101884614,polyester
0.0,0.41550703605213357,172.58766779450463,253.7218601568592,510.66660627421743,403.24888158331555,cotton
493.96924124067516,622.5267674249421,491.95751838612915,717.9594500990918,746.4293500159315,645.0699355633345,polyester
357.9185335627643,233.90589743174212,113.69041870226711,225.51836048440424,403.6085760090715,234.46688978204077,cotton
801.3037001191962,908.1702091189669,724.2409618831471,857.78482611338,674.164067310805,958.6573363019608,polyester
187.33331943014002,628.7940946025036,349.9544101282344,548.7613870219363,565.9151006763474,555.0466380623616,cotton
724.2587840604666,425.7710579009264,664.7517546546209,344.8122578000089,323.1238835075213,382.6880438031648,cotton
94.65466580840132,438.34885670497994,82.92863017644218,65.58690102550243,124.77630518015607,185.3372836060169,denim
142.2812152125432,117.65652716728587,0.0,214.96725931874977,0.0,7.748327188891054,denim
234.14062615985642,2.3804379321365445,228.54989709347038,373.68362491795074,221.31957625874867,342.8667164457891,cotton
325.4932994992979,326.3954023988276,546.0510382678583,690.1920721806978,689.496295875686,524.3575591242127,cotton
19.536191275758682,49.70443680296168,47.265736061930575,163.42522276158329,174.0518941582709,167.6738523483203,denim
383.3046981234408,164.38952003894187,212.9739741605427,118.97996623071067,0.0,0.0,denim
522.07531944538,268.8718793265226,250.96753801409383,591.0965362512848,169.575603037034,383.87645425115375,cotton
252.35218060833765,42.88561286917627,260.89918578844254,0.0,146.37170557339732,141.09915747057096,denim
272.24637389672733,183.11669544180995,223.5734610320963,131.19663902269983,523.1613168181498,182.2926057072636,cotton
57.46079844478521,147.76688995214488,219.40669637796057,222.15305746617506,93.86207560630481,533.1101594248007,cotton
566.4800374292059,541.3264930333416,354.24945057014145,271.5063050048011,874.226591753257,538.6632189224161,cotton
0.0,171.58692075392844,0.0,143.2602686191426,53.38185865994254,0.0,denim
157.51615221440457,282.6230137098379,0.0,236.21711062108673,0.0,0.0,denim
490.85178808871296,642.5514831721222,663.3084434123541,645.9532081467503,525.2766100404984,622.8488221447255,polyester
517.6701858128781,971.4185616600444,935.6194453508023,1000.0,1000.0,1000.0,polyester
119.35903717073265,0.0,0.0,0.0,89.06816087403168,189.33807911137743,denim
427.9055532756798,366.4566776203641,351.3392781943909,475.99220649367584,858.5634486137061,707.4022688857843,polyester
0.0,25.89404032238801,80.4249825854663,569.2031292041278,47.24368935974013,315.49202270263834,cotton
156.92661792773495,85.8705097769492,21.129682243624913,0.0,81.3220255389785,37.21789280340666,denim
691.4128198440173,612.4719880092157,415.68842144440566,285.5736060625717,513.38565237738,707.485900318135,cotton
310.534527399223,0.0,64.9663349617123,121.10236041296761,35.625498338192585,162.18584375705075,denim
57.40869573064229,16.41004885731745,239.15356600269052,104.7733615209882,0.0,161.53737886523535,denim
79.48612306628142,47.33771346105374,266.0593359435066,161.2866430592653,0.0,10.167307207316775,denim
303.6682851946067,279.40834483150553,529.6255340586403,562.2295186431891,276.6973884858949,143.67817897957616,cotton
816.1642855745632,680.380328951121,439.4778638630163,628.2602837033681,891.1301183165112,960.7085184004567,polyester
630.876425667561,649.4179693304766,723.0121132104214,678.3332274167925,982.7544047956281,1000.0,polyester
198.83148190619895,3.758758965895595,334.6887872639916,500.79741707667984,454.87424241259123,467.08188461285374,cotton
242.40868886808306,133.0065337740587,166.83125655101477,397.88143819528204,54.684271401482846,551.8443948787263,cotton
801.9000869294994,997.2882995545651,1000.0,1000.0,603.1375588553835,973.578232695819,polyester
99.98053798730206,130.36214861402834,124.53035645109381,0.0,230.94237619530585,0.0,denim
574.5290053311327,553.449346907517,955.6536751265387,788.7914954073303,537.4459930715685,607.860411272372,polyester
295.51805458594583,286.0326249438233,260.9428857242518,217.83311864907378,0.0,288.4981834605826,denim
267.20399627516446,0.0,236.19772548296993,100.48145553947292,0.0,0.0,denim
761.2117665446852,862.3032310051806,696.4724417708296,632.6312823994689,612.2281914927197,1000.0,polyester
612.7533242078753,616.2956723108299,433.7586120313931,482.0155940875068,239.83032561435388,376.78621460592876,cotton
549.8872173789881,642.6828293019605,574.8447283149715,916.6024857804317,586.278060593628,1000.0,polyester
902.3832867773434,438.7025945836052,403.34722758983105,538.2688472139014,853.8748034585153,734.920972357459,polyester
460.65928296864536,764.3528740087422,683.9933526680217,349.63823491106126,497.2607019651415,654.7660686676454,cotton
1000.0,697.8009218758434,838.0472425494528,596.9778754439512,817.4258347843713,1000.0,polyester
0.0,25.431795290733056,6.165960669272685,2.9497040913517907,0.0,0.0,denim
98.61716199465889,353.1103726341341,437.7718756734622,238.02485208575968,414.07538445404333,209.7763942470412,cotton
179.83354251052376,199.10516931495425,0.0,239.63338315007266,0.0,0.0,denim
245.25720985623508,391.3741949518034,0.0,304.8493194380135,0.0,82.5691689852637,cotton
813.5549363337147,550.7773692019599,795.9347599719133,722.6483905713359,801.9657700206644,625.3588964789288,polyester
276.2623143859332,440.8070330653832,230.6139730112619,504.45661492411955,607.1297044073451,401.82066788877984,cotton
211.26749869748028,0.0,36.353700217355,142.04016021688375,0.0,0.0,denim
894.1131483098624,888.7646253219084,859.7961518431777,512.1490562970191,1000.0,927.5891310553554,polyester
803.4082818670659,736.2694931208052,740.0811652754159,895.2124054680488,565.1712255786218,968.5316199076061,polyester
0.0,155.05370107736422,214.94991281786696,0.0,189.2231047920681,0.0,denim
303.1410883549353,79.16824615685614,193.81650026691165,8.530787324481722,373.0107893807456,42.96813778272963,denim
820.2464302421266,711.9260458687957,790.2699530140245,855.8257305838795,828.125639091482,1000.0,polyester
726.7567524762479,639.1294313171832,642.8323876566425,705.0363844694398,805.4303408320897,602.2136790509173,polyester
410.6885926488292,535.9721787882705,493.04275267777274,567.88162586103,478.55958478447104,882.8028657083687,cotton
878.8178807554758,1000.0,721.5561866167353,1000.0,1000.0,880.8886597455657,polyester
691.9516864007045,650.1546539923908,1000.0,645.5081496437177,887.2723131079134,874.571956441673,polyester
473.3767773585831,494.9310656726851,224.50187919010227,720.735773280225,865.5864452238419,754.3429268142064,cotton
129.39951032213955,166.327545058011,44.08500203669251,199.98583967487042,133.30023901343785,333.8344443604825,denim
0.0,111.87233849192918,0.0,117.31722129784782,0.0,127.63890520884533,denim
0.0,0.0,0.0,189.60011316094028,0.0,0.0,denim
525.8673689930794,372.20130230836907,645.9356231144446,524.2426798351504,735.4510357094265,600.4953156091092,polyester
222.23269360112806,100.04317168038123,152.03054186900647,599.4731285399685,0.0,169.02183513561712,cotton
563.2254479713774,250.7217802097848,862.7052902218202,513.128121725168,680.1807075717362,1000.0,polyester
408.5830780382253,609.4613246582679,479.53560732526694,492.0458404302846,406.7495732267193,456.7248480151886,cotton
263.64955226876486,260.2418684627962,157.53272224384673,188.32356874139714,297.64033921580153,326.62486758436603,cotton
311.630693043531,425.31516580289787,436.9050283537703,430.9402882844543,846.3045363343186,351.6928600898004,cotton
285.29703994398886,0.0,252.77203391817486,0.0,53.73791201345974,0.0,denim
333.53876936020225,144.33816717229246,583.5755781681912,330.7618987845758,168.51156924675843,525.8611974946284,cotton
322.09651278833803,418.64127128692536,261.0538565053195,659.6259157905192,339.3451498521217,470.83251282315683,cotton
115.46428324091394,348.17387376754334,0.0,0.0,86.94118913305546,0.0,denim
0.0,0.0,157.25740648712213,227.06222797690174,66.96668361933988,0.0,denim
74.94362038633459,324.4481434352936,268.94505192408576,325.02989807986717,509.14867542333326,236.11951363977258,cotton
886.9936532273714,717.4504323330757,570.7246042361559,777.3061946877808,947.3767437322554,1000.0,polyester
0.0,81.99540513533827,188.82777135611832,148.4035321331374,211.5649910280876,0.0,denim
343.8237248295335,391.94284789857545,95.6379900839126,217.8669224372826,216.25264451735868,429.03919951933335,cotton
902.6239275738163,780.5963202910847,1000.0,610.1564519227763,1000.0,339.10561668446735,polyester
544.227606257964,551.9962749861817,770.1022438436697,465.6598456993016,615.9869372253161,630.9909434116267,polyester
226.14458245875855,411.2069628522223,44.97856151266754,337.8951608065891,413.3973679480134,0.0,cotton
524.8088499172687,402.22526139020863,339.90832445904755,558.5735711207808,427.71131932569176,730.8087462459384,cotton
28.79605220534959,254.75133683466845,0.0,122.3563272194229,0.0,218.90737151998547,denim
317.65143504694174,120.4676066358673,253.61872812596434,176.67702482826866,361.87735234517385,94.72970409172532,cotton
0.0,298.4299864189874,39.42393597156513,52.32793353711408,303.02422924787993,111.78328906890587,denim
125.18919010380463,258.4575567084288,54.48257605100102,195.3011705489251,192.11113789022207,492.00080486961247,cotton
258.67949217198554,456.0008374898634,216.1275535429175,169.89938099497846,744.5317409238685,736.6941115914747,cotton
124.08799456768904,82.78244342959685,163.73340392215385,76.10881584244507,0.0,0.0,denim
946.3197063075422,708.5032056836247,933.6463536248854,1000.0,735.0742625183194,521.3995667314546,polyester
364.50697000581977,416.1379791177603,482.438751123188,495.820843756241,492.2590303565518,377.03306970329527,cotton
0.0,20.089391883656035,113.11560862650195,348.6678513325337,0.0,185.49398954355797,denim
616.4088541596169,928.8125208596691,737.4829162151332,632.2688544487053,725.6369329689364,1000.0,polyester
251.45374270355614,185.5770463348639,262.12644668277613,143.57740097822685,280.4048596403007,265.465779167667,cotton
345.91351768510776,0.0,454.9440269735093,104.2003197324976,0.0,0.0,denim
243.29391690351514,0.0,404.96368102160864,274.2862925318903,196.70388248699342,688.3419613244248,cotton
558.6417562703682,476.1658893766173,607.3121428666726,477.3879127806805,878.1038328951219,959.6669850459444,polyester
215.4709351755668,167.86513184467998,22.761608867220616,157.32078132290454,0.0,0.0,denim
147.80310049915437,24.80137557352643,0.0,265.66848138785065,217.06522100201772,238.22132871425262,cotton
679.6581013376189,730.4786175044085,1000.0,484.0640972897729,648.4340575620042,1000.0,polyester
0.0,119.90620920123762,212.54602772145572,47.51241045607222,0.0,66.61962080004538,denim
380.3490361857385,192.13592700686607,132.58661564352076,104.88843630079637,381.44522602950696,400.2552566180938,cotton
8.425892400994087,452.9667409273585,201.72326042653637,376.88115794869645,754.0162296542924,205.20942405932146,cotton
182.3037961905199,93.89017546360117,0.0,0.0,227.4345745707159,0.0,denim
136.58925992423943,0.0,302.4637110541542,305.9363056957775,312.59683033455974,146.0036495928838,cotton
70.80311320266084,56.95501022727692,85.46065879711209,386.5367929191541,0.0,16.818355594148137,denim
354.13697004237696,158.24035764222288,199.0676762250955,144.9449907651482,12.342159245872985,137.1180070376006,denim
449.415876949018,845.8597548480845,714.0426393810009,338.8587882496008,882.5316106288226,807.7100783947932,polyester
18.859564988178846,352.89540048096137,232.93581634712007,122.21072931105147,0.0,505.71860401078624,denim
634.6023338056136,615.161075032202,893.8633375061215,836.5962454858002,769.8595968775188,725.1839052135599,polyester
964.3158964860187,819.6947661088344,1000.0,725.3617880510361,1000.0,944.5128449383799,polyester
307.48469448709403,173.41434920547076,95.3802251592,518.6609774657065,276.5367625005018,379.49890774506804,cotton
661.0347118934524,1000.0,807.7221326780184,1000.0,1000.0,1000.0,polyester
0.0,242.40223306337896,7.9491784335798314,0.0,115.84955997327734,246.37907277710787,denim
544.8382665058282,455.01829211815766,610.2712801438785,178.24848954303172,232.6610833698827,433.90777007191747,cotton
112.07987507883357,102.28524716936364,364.91112405597056,0.0,76.75318591506068,413.8154003051656,denim
153.58891393618947,300.93000042150123,44.976834558426006,0.0,0.0,0.0,denim
152.9870173342009,370.74007020474687,119.33489988607288,206.57635314898593,311.27556184995296,437.63061861726885,cotton
522.0818717851139,744.4115565735103,304.241313832043,598.3394917967977,816.6926466181825,1000.0,polyester
308.7259971180222,139.39080560258623,194.60024441368944,0.0,119.27431150257235,0.0,denim
677.0182115377416,749.8558536486996,710.6117619531881,935.0752988251978,827.4758765908881,1000.0,polyester
48.65812697006393,196.68708247650096,553.8531943496353,150.67628391659025,122.60238545073292,0.0,denim
338.2345192780148,336.07287955631944,120.89974636823402,281.07879709880507,57.556806177158194,418.1698301329658,cotton
758.9498242666934,812.3769097365688,1000.0,1000.0,994.7629667801866,779.902104137032,polyester
465.9219255321567,559.470675912337,777.740387614263,530.6224821512408,638.6805276642275,841.1992562368532,polyester
106.75444360525735,271.6392748270717,0.0,0.0,232.7051692566905,208.05837948039502,denim
646.6840017530861,982.2403007175234,800.3789967098015,683.2114493655473,811.7245605544892,1000.0,polyester
105.71700599902022,0.0,183.7182702174553,0.0,166.27928086012054,212.02805814369458,denim
384.81423954799686,62.039415271595715,36.475963049236604,0.0,353.3679653439689,62.21305387036926,denim
126.9835753124344,133.32971588252326,199.09262975707253,0.0,11.871233612259424,0.0,denim
440.50001037495184,802.317886812689,959.3761891057995,1000.0,830.655088529005,986.8541499844254,polyester
153.25366837274936,25.03305590927539,187.09860814795718,209.74114846335723,5.987359773546096,0.0,denim
129.02241164630973,377.31435473262565,75.59413187593996,176.1220354289565,0.0,26.42931180942317,denim
396.59086286363873,487.5449608851075,269.5135054837856,491.1576192949551,253.53019833031954,475.1083785659881,cotton
400.42202321251153,489.19103097267634,437.92240582389996,706.9155283811375,585.2654331282952,376.18879710319914,cotton
85.89072896605286,328.12142838045344,121.29942167990541,0.0,0.0,0.0,denim
66.21627154773748,0.0,0.0,0.0,0.0,0.0,denim
896.4391570893943,986.9454250206658,1000.0,1000.0,982.6770902825223,443.322127330042,polyester
65.41538734608953,0.0,68.45545883939515,84.33611653888809,19.128149908672512,17.232557056120584,denim
582.2036331597699,714.9281673342017,478.5932071137173,673.4381398491214,956.7024120491709,851.3286524769179,polyester
994.0465043673094,425.384630475123,638.7944732196497,787.0436997854608,668.2341733338511,175.88167637280065,polyester
722.5650124503247,1000.0,875.1740259049212,811.0665980784086,864.0206689665847,1000.0,polyester
374.07338179877377,449.1354367522162,735.3496858260669,309.75128904562536,641.4423159870923,481.6540298630375,cotton
356.89790967030126,573.4937804823462,674.3791096674387,436.3658689226,833.3611483552054,513.891565143469,polyester
875.1787568519036,759.7540168960082,1000.0,957.4987166930007,759.709317415631,899.0447609175011,polyester
516.1651717572408,832.0895813454053,773.0918917207066,901.8361971795896,918.4395790693613,987.6304351080696,polyester
19.077654155728254,0.0,0.0,321.7486473853351,0.0,0.0,denim
507.17597521953866,427.1258885987858,538.1469798322108,408.7502840529661,354.06417983824304,510.7760616138186,cotton
892.5778404948501,931.837261810962,796.0201231437045,949.7771103631137,1000.0,1000.0,polyester
272.2417456109026,0.0,170.2780534373485,466.80794978201504,273.12337019241124,121.07859353815817,cotton
472.2312177325131,865.893868576492,555.7365413191944,922.631439708508,803.1721080719431,1000.0,polyester
622.2297626530701,152.11953182492627,444.8359698981276,481.69869216782286,490.965229459732,562.5039624089072,cotton
695.819253382481,865.0390271888258,995.2297902512639,744.7543207555664,1000.0,955.4830859104663,polyester
759.4752920618487,411.7175843744815,782.716796738761,588.3701453227532,577.5253339319538,1000.0,polyester
247.6733667875218,312.2357890498814,346.5809492418305,0.0,0.0,239.35669696682405,denim
205.74144234472064,0.0,369.76128162239377,82.53407981967479,179.67764145908592,0.0,denim
82.205325471161,0.0,0.0,148.70203370763178,0.0,195.9678237560786,cotton
126.13670890651554,125.56722774365042,0.0,349.37035593971757,257.4432875462102,509.9780767204005,denim
315.6818607651221,346.959033183611,163.31557922518925,221.93841499702654,229.08053855255235,355.56840044749265,cotton
78.36207205655363,0.0,148.33414468537703,0.0,13.912760969730826,51.0380396763317,denim
668.6717744454593,900.7634975827575,743.0765862619824,864.2579904612915,687.2027402876263,1000.0,polyester
81.5455306321457,101.48890079391697,344.339734233513,532.7809211710445,294.0651113571828,617.1629473536178,cotton
701.22409310794,422.5168051992248,603.5360663568774,198.98226539568833,930.7283024596513,875.2540284160289,polyester
773.7117978873607,881.4760509616403,1000.0,716.2380943882728,1000.0,1000.0,polyester
120.18871233933065,330.09925068699954,3.011490376522204,201.29081547989324,449.67084661566366,274.14647002641243,cotton
15.435846073032039,297.7972396149926,0.0,302.0179557084709,0.0,0.0,denim
132.4667854131676,239.86771843443788,71.14973348311828,364.8781276431619,0.0,120.72363243572859,denim
263.10977420752374,407.36537386725695,659.1105653292689,417.02537421794443,563.7594117071739,471.39425637584435,cotton
0.0,0.0,101.35071781206834,54.63282953605659,185.50590487229277,0.0,denim
992.4446189395118,1000.0,876.6806932952035,848.2747050671643,841.8785922766068,1000.0,polyester
709.1321390662483,964.9734860387387,375.41016185556055,858.251701509131,756.7295560855243,765.782132295677,polyester
777.629502020166,1000.0,1000.0,1000.0,807.3313329750473,1000.0,polyester
0.0,183.35013414505127,0.0,297.890440902529,360.84582409653547,110.01579793166422,denim
203.42131179553698,34.68687789469243,57.5150214271481,236.424893354386,179.39268248162892,241.8239771968386,cotton
0.0,16.233792227641402,0.0,0.0,70.79998456376047,0.0,denim
567.5867263895541,930.841470747246,591.9278303006894,727.5167128392734,899.1992830734742,1000.0,polyester
283.359789771539,206.47773430461183,301.6858868056016,704.9731416236372,691.5377382692521,536.4029119053298,cotton
206.6637858446503,0.0,52.54913231278449,3.4002606109936693,0.0,0.0,denim
671.994988915594,864.1300778173239,533.2573936234521,487.6012132018944,965.2327883770843,1000.0,polyester
8.395426341688157,0.0,96.85629266039672,6.375371418582169,0.0,19.150058734827848,denim
821.7419162753642,511.1915807018157,607.7807384259158,752.4938240776291,954.0594354549993,583.5533507981627,polyester
154.78406943165652,322.8018841445388,447.9117793947343,0.0,0.0,231.60873975353445,denim
136.38904261314275,141.8848142849299,0.0,87.91799908363697,36.03327211375896,0.0,denim
137.5089846994672,151.25171285653062,248.41953731002738,319.63032689430725,526.087557126951,137.43581556173177,cotton
712.2698305811446,640.6291823427554,906.3583940026195,1000.0,1000.0,928.9133978283658,polyester
0.0,396.889443887508,0.0,0.0,140.44363952670793,207.4618561421829,denim
219.32483827731988,67.65047378734121,69.48644868592619,177.06056557907766,0.0,450.223553734607,denim
152.3420340610917,317.9733734046885,210.46829819584138,232.8803442670021,0.0,9.930206194824834,denim
47.25422573294214,203.31686140963347,81.49437195286927,132.14087587977087,281.26215449039154,131.52605409702514,denim
84.03611106822814,20.3683910415362,307.46496278826044,0.0,135.40245673537717,528.6226016168233,denim
608.3603577464041,563.1419973648713,329.9087808489044,403.25474310228174,847.6166838812524,641.4520252823197,polyester
168.5957968370468,626.1212213405851,319.88294977557416,496.751043584883,528.3095759264545,602.7857490108939,cotton
25.38500685230639,303.84925808574405,320.49232981855783,84.04139419460176,7.746881434259613,0.0,denim
220.10996394815422,136.97974169181316,583.4435954582195,377.7480134452287,624.3914451370645,865.1594111385809,cotton
439.20799992080924,292.9667236293329,317.1549588545122,446.69857787214323,305.74946598000605,153.00707693771548,cotton
1000.0,946.8274675864559,1000.0,927.9363302674644,971.055787342403,1000.0,polyester
0.0,0.0,0.0,0.0,0.0,109.9540460300679,denim
0.0,235.02985325869935,342.80444664886005,186.60582364791196,403.37639017781976,273.61271528917655,cotton
871.7298918899289,713.7366247205093,1000.0,1000.0,1000.0,923.2494435797207,polyester
25.1588307249977,3.0777259353461517,0.0,121.31480287669939,0.0,83.49066671945434,denim
446.14275142561655,544.9880390737799,1000.0,724.4404897082563,934.9054300493038,1000.0,polyester
853.2645803916871,507.5043276758499,597.994379410766,833.3943335840494,703.4610960290462,1000.0,polyester
660.7848645858966,644.1028385240123,293.37207083021826,477.1469283603408,822.9144487046788,682.6668578761689,polyester
154.96612570475554,0.0,119.46528550121162,0.0,202.68367132926733,0.0,denim
16.71355594470141,337.13434152237215,0.0,327.5342210550689,194.15739815689446,0.0,denim
183.37838101808097,130.97001334195156,255.09359256187295,0.0,93.6964921776605,511.880047314981,denim
500.5421063615036,822.1951388114828,672.5668232745388,570.5702449942904,684.9529806066852,722.3662186445728,polyester
72.11654499277049,89.35826973777085,26.124797890811024,273.6064379482267,413.21316585413626,241.92047503996505,denim
918.4792308427798,745.684487714114,1000.0,1000.0,870.5099201661429,1000.0,polyester
545.5411401770564,937.8073905039325,897.9466602945733,954.896194219398,955.8917930548763,1000.0,polyester
941.690217139261,629.4235166802848,655.5877057288907,887.0040113229824,858.2752459364643,849.986238569673,polyester
128.15312194397683,55.35122183971197,51.154523081039684,0.0,136.20635706636247,0.0,denim
280.26407862112075,218.90840306671203,175.87349650388092,305.32786459152715,299.6719168375471,390.44147552038714,denim
673.60336541606,606.5557228270754,831.9794726940492,724.0135462520699,875.6305304293403,1000.0,polyester
50.66892220400827,303.4116267051979,163.52777498413738,42.709941641787594,340.1134826329446,337.2595064997586,cotton
0.0,185.2971164473289,99.08839818526316,136.31385937126493,120.90659640919532,327.24701080542184,denim
706.1969783766679,912.3179628616464,530.9792056562281,644.6936725233625,750.7764627034053,993.8462815582253,polyester
677.94037567292,765.352290564736,401.27378282566343,858.4000127393151,942.1235597377204,1000.0,polyester
12.287759638197294,276.7081170013326,111.05996528449927,131.22098088581413,172.08312117590185,85.73980602600437,denim
240.28045630700723,400.56511706985265,142.71527662966702,769.8302886379911,430.50636958525473,674.3813746711567,cotton
604.7858269759303,868.031872536439,784.5255586945623,993.3895256445456,1000.0,1000.0,polyester
177.56017973463608,509.6015823325148,0.0,128.41490158045315,101.41187087303373,202.29761478566607,cotton
129.46550888606686,0.0,0.0,350.01890374161115,256.49393996160853,227.18590349256715,cotton
270.7455523087349,191.21908360934916,494.1650437130334,314.57273193520774,401.42214661127036,436.9538063223447,cotton
411.327871839218,298.09836721979843,199.2525803513961,395.2300175660798,384.6799337192146,327.3334151984112,cotton
364.93581961447927,642.706542631304,393.7537901602001,464.58919958680923,397.2955642646985,413.83639483638126,cotton
359.28895936464176,229.10036775435017,8.354786431719702,292.641978179674,368.8693204703397,334.8857532410283,cotton
30.12398028478131,244.9613231095659,0.0,0.0,163.81580915465662,124.88820422165506,denim
821.7532213636291,500.20302464345764,967.4039332486418,524.0773653974923,936.0950161639362,1000.0,polyester
621.0712912824885,636.7983322454816,642.5981460867737,471.3882474235488,1000.0,828.3614165017301,polyester
383.4074559354425,414.27051334481285,781.8975817799057,988.3438435460515,604.1024746777867,752.7079529296819,polyester
711.3090567414864,683.3171473742667,751.370873675073,450.8112340506971,417.81619572353577,655.8845381651304,polyester
168.4713555837911,0.0,186.03852479248607,353.53818864451955,393.32639647522706,0.0,cotton
221.45471826855544,0.0,0.0,0.0,0.0,38.0844128387474,denim
817.2671840574067,995.1278382609906,801.2849675996976,925.6192715234122,1000.0,825.79051895763,polyester
49.388909733291655,224.56562099620635,36.72248143567043,30.11987284072744,71.94903380420814,59.962700364764274,denim
275.9023107520806,404.9436870312264,336.84252738682346,763.4256915369338,269.57674313566065,413.24241026488454,cotton
253.77994289696213,161.68762735497012,0.0,131.01575888687245,0.0,0.0,denim
625.293756150124,677.9774108710867,745.6882778270045,790.2343112301269,420.13948127343554,1000.0,polyester
162.52250054682443,55.31913177983864,463.1113821092674,288.64586148301964,143.8742871450197,22.354312893618136,denim
575.3387787297553,258.0892258570142,366.4501700785436,372.75430724313503,275.5037037645475,790.9183412190143,cotton
347.94623605867224,280.9420467489169,216.82707131080406,405.46207522122637,325.5472893101541,165.2659183978412,cotton
741.097119957554,805.2013230575,511.0487273459539,850.804925586951,648.4610277327669,1000.0,polyester
444.7594492516989,845.4951523496295,975.5100426428568,920.5100152519011,663.1153211218265,590.7819943208335,polyester
673.6506769651944,796.2056464559753,1000.0,839.0502828972071,1000.0,887.3225991538902,polyester
235.48986270574937,223.30101063348528,551.1844100320391,384.74198527419964,573.3880375254549,301.7804831189683,cotton
219.62501700349554,195.27476418849093,310.45166506065465,0.0,259.39321498229197,534.1037981782827,denim
571.1473593832293,631.2350029587385,572.4863908424039,512.264645370507,533.2036517067559,682.8132111640716,polyester
178.0609058782432,327.5099238199928,393.0967608635847,306.70140976688776,487.4432834547537,647.3464492697618,cotton
339.89315424113346,352.67895932072713,694.1441510594357,516.8352772948505,371.9925265558629,567.987493142191,cotton
0.0,0.0,200.25929002347425,33.237065562040996,98.49048932089434,44.76411972586158,denim
175.92614442135442,330.57956009979466,0.0,299.98097465358467,110.78286793421063,344.65967111865905,cotton
0.0,0.0,301.6501146613374,327.71004452828976,189.55443766285293,509.887869633626,cotton
455.47491679694485,275.0536836217337,361.54822474538474,305.7701055698357,422.9302831495561,652.2119088043905,cotton
231.39941027248094,149.10887148711686,361.3911902536455,47.05041392962255,286.3045780864142,280.8092251084017,cotton
460.1004044009877,456.188774949141,298.0943395085581,205.7166230682956,260.11843225967476,370.6923232350705,cotton
240.98240646621718,258.6155553461492,0.0,0.0,171.56488576125298,400.4715641279369,denim
46.68826809913048,0.0,120.08930953013001,0.0,54.13256824575731,0.0,denim
301.9601007492457,401.935091977406,257.49700935676964,510.2294286430172,147.71480932492761,0.0,cotton
433.0910180023468,838.9390953238927,686.1813949470453,412.07156692120554,809.1381960460265,550.146733372254,polyester
0.0,0.0,172.45166901646292,406.42988029154327,0.0,0.0,denim
426.179280236711,31.764758135616603,671.2211458706815,520.9582384574833,588.9927637431128,363.28519186929185,cotton
677.9269821022149,952.0524181832848,1000.0,1000.0,951.3852373858539,850.3372438525256,polyester
70.50927216209855,230.54591613681853,75.64707735769684,193.96414981075554,89.2670307404108,39.62256996517362,denim
530.8507666702219,972.7063053701456,906.7923571930921,847.4028569172918,892.4672854510566,946.375475223999,polyester
147.01183923628275,0.0,453.4921635810609,361.4982414350136,353.49658423211565,99.45366703842208,denim
45.25456459691864,466.1126619177327,369.3536397369664,58.965094985015895,311.31183760515125,136.8003730494586,cotton
170.1619011522317,0.0,115.37596866961385,51.8616098179007,85.76679534773989,239.42498384590343,denim
111.85773654930118,52.68590769701915,148.1135690372971,0.0,0.0,159.70160129028466,denim
832.0624854620653,605.0133772138814,786.8605674182879,478.5803332179165,845.1286733946049,1000.0,polyester
585.0896581753548,824.8728193600355,677.1337921571087,535.6288014198922,685.1468121160822,872.1087065336483,polyester
0.0,260.64531040260454,399.43449147808286,360.66677462240784,0.0,0.0,denim
369.00635687224974,558.6313318833586,339.4603898432815,459.3783837701745,490.16281668791646,784.335070719919,cotton
0.0,0.0,269.2679137403327,402.59650639795495,117.19538641302756,110.78233003533174,denim
234.92152146623522,318.9587484126028,201.94118375948372,563.7059155064132,101.03737833042098,395.91942313270215,cotton
881.878552434091,964.0935086809232,607.0052764913189,1000.0,979.8738770231952,1000.0,polyester
531.7848300754094,0.0,195.93793784943028,544.0058799065904,242.19721346630274,240.06664666384347,cotton
102.41756862815093,0.0,132.91463464631337,616.4303340820076,235.13320243100696,283.0356748319704,cotton
818.606474939917,1000.0,1000.0,1000.0,1000.0,973.5846061241713,polyester
586.6676161756499,720.6605095097264,679.3459794928165,734.5754890578987,523.9080347045257,657.5520227230434,polyester
806.656626326392,697.57901242606,738.9261812253408,981.0855399904136,1000.0,480.6637934204266,polyester
419.53941855042063,362.81308602520886,653.7218716759196,454.10365426532496,466.8941659840076,377.0095914178574,cotton
699.0102459035207,791.6542394915178,881.4243523927931,776.8272168997886,861.3619419219084,839.8401179369832,polyester
705.3789093712835,641.5631542005515,989.328007295574,883.7071917760624,794.0102553756622,1000.0,polyester
319.0358277241064,199.12473742726527,500.22080453856637,410.8391863333709,223.0193381859355,672.0629938490466,cotton
896.3771642637209,1000.0,906.9954506511616,732.6114368481383,710.1736149092044,877.0013343623485,polyester
673.1760671070086,854.310475249664,855.571788846962,816.7724867295233,705.0777952245991,642.7968157095942,polyester
384.09697484939244,378.2092604714011,365.0624507833552,367.20357423795485,675.1179710581582,505.1954238179701,cotton
56.922003285384015,48.39062236162279,85.71386346809047,0.0,0.0,0.0,denim
407.3125362265119,103.94039457266157,34.811886077012474,28.7032287816417,0.0,0.0,denim
0.0,0.0,0.0,4.4517080619352996,90.01857308419235,0.0,denim
672.0467754355392,659.2399636910334,648.3286621971745,893.2987623049286,779.0998910270606,1000.0,polyester
81.6207354056987,16.63014572184113,159.01120804668125,208.01560143568938,332.79241607336337,591.8384527392323,cotton
792.8345460625513,597.0450760430944,638.1868940039894,938.9859620560269,619.563600869101,918.3833585590901,polyester
189.63821317173182,0.0,114.64831463113572,86.15956729278992,0.0,35.6161421059368,denim
519.8790122888656,395.4778755274326,852.735821119928,682.8115806161198,743.6500530093033,472.52452872292645,polyester
443.39758601693046,642.5293953884964,302.71065561764095,485.22466963376166,715.8854826568652,473.9384259622218,cotton
664.325793091708,617.7058637293239,548.3103993334191,520.0705420419616,585.5890670594187,893.8637099382045,polyester
129.64282111315242,242.38197275209842,120.19499901051896,294.0132096127941,61.979043275472236,414.45389310285884,cotton
1000.0,692.4504184762128,852.8841560993208,1000.0,894.2252746153332,1000.0,polyester
758.7963340931394,649.531043198979,674.1044338099258,1000.0,1000.0,1000.0,polyester
875.9613957709448,948.5467411375671,916.3717105795645,778.9021268780741,960.2956868309819,1000.0,polyester
183.4232855453428,236.48511726923735,324.5205357261262,0.0,489.7326340824608,190.8301481316013,cotton
432.61463083343654,95.14910898866935,492.0132896943462,377.0395562696127,654.3210158822778,1000.0,cotton
800.501302516114,868.3723200757902,718.9419879979906,1000.0,1000.0,629.4490314854606,polyester
90.69767657594308,115.39573900809945,273.0122710966058,91.1306652684199,0.0,0.0,denim
13.556955854897836,271.8437662984819,223.05079623938204,0.0,0.0,77.91640266200687,denim
421.50042828745495,106.70365529909142,76.77448624281982,0.0,158.6972411879155,360.87538474642633,cotton
653.8149402463251,421.0163670344098,1000.0,795.750974568546,724.8391561445627,890.275842431799,polyester
659.3258600925421,498.32909452163665,716.737022143653,583.0910845719312,676.0373369742405,662.6064446964544,polyester
145.38301723296217,41.08421490020885,198.58287797130427,387.5020522283331,286.10697131230097,654.5744469426307,cotton
1000.0,1000.0,1000.0,1000.0,714.9048089054646,903.9503882455743,polyester
253.63721236656875,17.76876512993448,448.4150050632006,308.79828337298625,643.3783025540288,349.6845886555162,cotton
761.7338601489886,840.1977903799591,1000.0,1000.0,978.058990510033,1000.0,polyester
0.0,284.85900062294957,108.52773762182619,179.61561674336497,107.53344021490109,209.91138244640496,denim
115.46001576370166,57.22355712764354,3.4876521639278266,0.0,161.01186063719948,232.9973191100167,denim
0.0,210.42707046126216,0.0,57.14504351161834,0.0,78.915972074165,denim
304.63679342031367,164.2241051068659,511.5661141735038,512.612732250466,707.8070484443489,267.76326202837356,cotton
0.0,0.0,5.541617443132033,102.67151572458312,34.34298736940166,45.706230161774556,denim
114.28461288921878,282.1822589508563,186.14542982812713,0.0,309.35551408740196,0.0,denim
135.1763500589063,228.27258560084832,308.0018474850068,266.7566422651022,103.228394605906,310.8993364336581,cotton
