R,S,T,U,V,W,label
563.3394859445413,629.6207040092156,665.5044437197655,644.603034465937,728.6343147054381,754.2196196860546,polyester
99.31591148754117,77.23139107941356,61.70836586970752,70.98443390253541,67.21746945646532,64.60778164740917,denim
669.1855102645161,621.5873388752705,743.8231795372874,761.0188738012985,717.6104469793389,703.1025444906951,polyester
758.550978794882,694.5885954804205,792.3894953182538,749.9969432074962,825.6620039306309,879.4582166671102,polyester
379.37255037227584,406.580998434915,458.0755707435192,481.90653012648295,504.2676327883272,515.4466289196962,cotton
591.3639807563217,596.2997135228688,662.5451002811068,693.3484476898577,641.0223494500912,719.3919349494774,polyester
867.348921282801,941.6144100397646,851.4153093886864,1000.0,1000.0,1000.0,polyester
373.28154216387316,405.2828630568038,439.9971661853456,474.7445032372985,492.85471368163206,523.832839252086,cotton
84.65619109814668,94.15545120507392,93.14783949242654,69.5202301690158,60.39942231376243,64.10335173331669,denim
86.7508190742144,76.37885355895317,63.51751691075502,63.97341259957244,49.43304727688636,49.39172628023935,denim
382.4990530065935,424.7619753952739,447.09366730362035,481.4634835117202,512.7669756227068,531.788027078842,cotton
660.6779005189564,611.7516049895191,642.6517860817626,775.3682562033093,728.4509867937631,752.9162443254971,polyester
134.00157706068418,92.7885156899863,91.69787328312789,87.55324227626234,78.51842859890166,77.97040215583378,denim
194.79654122408675,200.9106279608193,229.65276949316166,238.69433406483307,250.345224722392,263.7634883848026,cotton
188.111783108147,204.68812467130758,226.49567505650467,235.53686145203213,238.9959886390277,264.9432509339752,cotton
101.58895595326315,95.03102643918636,89.08586704187007,51.54770307626593,59.23851258585696,36.037763342840435,denim
362.7366795214831,391.7215369369208,426.8353423389615,446.4933556841939,482.92297082815253,501.83141591959077,cotton
67.72071897214386,57.278952951946984,76.3816782579345,59.1054528334943,65.12657581368755,36.24217204523812,denim
666.5602290174567,664.583560431884,808.4484295374324,745.2950084892273,929.9003671421141,918.3097817152048,polyester
837.4971971096504,942.7023787523901,917.3966163249343,989.9243061349474,1000.0,1000.0,polyester
615.86444386968,656.9530216900991,659.925800732615,792.6298364359142,805.1715039143319,836.5002536319315,polyester
837.6657602388105,832.5264503839951,931.9626751894514,947.7122133042551,921.659277207659,1000.0,polyester
108.81257059064893,90.17761295648282,90.69757740237696,100.53835604627939,74.4799661650322,66.74941318961494,denim
100.09087959713177,76.74528378728652,70.09650735054767,59.51228441852652,60.9691380379193,46.60594492757839,denim
92.21228554697458,84.80774916884005,89.72139009661203,77.44244932531883,64.9979661325246,61.68797135446865,denim
187.12779562692177,199.90383750339308,226.39773361471828,233.16726136523636,244.75868172803902,261.32835572636384,cotton
842.7495856343751,911.2353352190214,1000.0,1000.0,1000.0,1000.0,polyester
179.87525976512813,193.34931311227078,209.24628429442802,223.9406514889683,239.58930095790868,249.53107309672458,cotton
97.06174860652509,81.62087318640253,78.30049335307801,58.72491736333325,74.09991501667896,57.794432441326464,denim
185.21465697174386,205.48009461421245,222.11047741962852,233.57851797686905,242.49829719795608,253.85345252832795,cotton
86.6556994857684,76.1037123802096,78.26087663224754,71.74699463712837,54.72342251511062,59.23540337484437,denim
99.81721716124208,108.21731100841396,88.99436045516313,73.63855753293063,89.22494218849306,68.7798431363114,denim
378.2372889341096,413.4404783439138,451.7339749153497,467.04375551836483,495.5446242591361,528.0788737610445,cotton
105.09271685787986,99.35487616855693,72.82231380132448,69.80396753342377,73.11524965787413,45.75811616049722,denim
105.74233328082279,73.19854217350125,76.17724619528121,79.51273582364774,71.74795104989454,60.279626896407336,denim
105.73406773646144,79.23351448810024,66.16830122477042,52.85731725896163,66.604968357645,66.15557788710598,denim
736.4666807903747,656.1026088007861,801.9219910832564,821.0151499924923,928.7989070096169,848.1215686346015,polyester
786.4834296034383,782.4159165004125,852.5041522068657,972.6213402110317,1000.0,941.5514028528373,polyester
96.44137274865233,80.6723895249816,63.100036394687265,73.46629225147238,76.19831878697782,51.22976476786069,denim
127.02415523405682,99.38854525237127,94.36279216402934,91.3929277300181,66.8954744037788,64.05106521360426,denim
389.3467777503582,406.367944711711,448.50703543902483,482.08236473459164,496.29834038658964,528.4871768115169,cotton
365.7805591079504,385.60620540306155,429.2743439860351,452.72421801601365,481.7254710177886,489.10767241071574,cotton
608.6682670595984,665.975586604771,690.4914639331074,713.0759078632498,714.8265593622929,752.5976613065556,polyester
114.47959123037874,93.97667596736389,95.48549972888542,93.37097354277395,61.87394592431554,74.7832489795695,denim
196.188697324035,208.73539108893476,226.7569169907571,244.03980996440842,257.55314980836596,267.2133507151423,cotton
718.8851923610638,822.7450731474048,878.1402109519398,891.9389823278905,962.1388812337735,1000.0,polyester
823.5181751285769,929.2202678849025,915.7471295750829,987.0551210630678,1000.0,1000.0,polyester
93.82082043547364,58.360857078975066,59.98994795985368,65.80012440546291,64.38247557204622,34.41887550230119,denim
362.36037078710376,389.8671957856736,431.4361097858455,465.1354940335645,480.2564434420063,514.80892126725,cotton
197.96197614509526,208.30102213257507,230.72993849605854,244.51718183241573,254.4405834994102,270.9245818842526,cotton
94.82047551756261,81.15917512418339,96.63654470767307,86.38113420289154,64.12354139988167,53.31098946105587,denim
116.72590233978354,104.52117803173508,91.83317123401612,93.5452371310273,84.72045524498708,57.150509039559815,denim
772.3393833755291,973.4369202165541,901.3357194268493,993.3753501591141,951.9007856541978,1000.0,polyester
111.24011683793135,93.98061268916794,98.59253036060173,97.7789221772355,70.07720469994965,65.0913450143808,denim
116.10247867567553,104.90602253215891,82.25009384230722,89.16717910318667,59.47574973804528,78.56021513169513,denim
380.24412709431715,411.79594203323484,441.4297576441792,463.27855252619406,481.42571611893703,504.45437715707936,cotton
395.86241068313024,413.144244348444,446.7472535464521,479.2741817766997,502.46657909669796,528.9228469467002,cotton
394.0854375647597,430.19227523465577,457.7230617255534,486.81337180887687,507.598163215472,531.9268622041227,cotton
633.719173376082,630.9319033064145,700.5563059756998,656.3415595055229,756.8649390896358,780.4441055334202,polyester
188.1461127211832,203.95437063038915,223.579402221876,231.85854195867392,246.5373457759607,255.22688474101608,cotton
76.65270207021247,78.77087519522404,85.58200063380973,61.02166895202549,56.38843271517331,51.092387766590704,denim
105.83899808592201,94.20661476782506,77.1716760504542,65.35365516630996,65.22402301484293,69.67501434515285,denim
199.81358107671332,204.72515409530172,233.06056394139884,238.08261660573368,256.8382036291682,266.0893485047775,cotton
794.7012893459867,950.009609381836,932.6832211241718,939.9001712868502,1000.0,963.5502350378224,polyester
376.92031974149523,404.95866321687,444.3439982079319,470.9458433919497,494.39159372395557,510.1121519736387,cotton
607.6193852121643,727.4343412678139,683.1899345508106,826.3998737105578,847.4089095084189,833.6664614362594,polyester
364.3615449874723,387.33027785202324,434.16821777537467,453.53075723481015,471.42982901698315,497.2756651721173,cotton
376.59887211101017,400.6793860901336,437.32340735140923,467.5617802786968,493.5476879251522,511.7913563547503,cotton
115.29792408409061,73.37086332290195,70.33566030050882,70.60633335858665,57.86399916212633,55.94369040552727,denim
367.6998558742844,388.66830992943443,426.06169245104275,455.8625739549108,477.7284878084094,510.78313577730466,cotton
101.97674627749437,106.7470800340677,77.19823816235838,62.00309249470706,67.17837507647567,75.86054208626184,denim
89.17121071977735,85.12933435082512,69.44559182316652,56.520537773755926,67.6726037953341,39.32145840671823,denim
950.189821182568,999.7931451005154,1000.0,916.6228551729937,937.3344962403771,1000.0,polyester
196.66070075119694,206.23903222314837,230.05069579864224,239.7826405914973,255.00491695123125,264.401649977141,cotton
819.9898963307472,920.0955822622994,880.5270599041702,1000.0,1000.0,1000.0,polyester
189.4728350944554,199.1732184736481,220.96407270331662,230.1650652457688,238.31003997655296,267.11396444988804,cotton
108.30565047991188,95.57057108799526,97.1931845669888,80.58828800023561,65.47556795595135,70.55362491568647,denim
383.6129134508252,415.94595793240677,458.66105737214855,468.5769576748916,508.7394738264947,531.3851787425936,cotton
513.1575686465394,583.740272026615,669.9706838316156,688.4501146237127,642.338101635822,694.2377158726424,polyester
81.3818342010821,84.12241531093271,78.778755864057,77.66437339322681,49.39521403270535,35.95324482174353,denim
729.7654753176599,725.2068903718017,734.4401507251633,779.7020934617099,814.4376555915062,750.8054676455016,polyester
376.85151173961845,407.5023139730691,431.437355226247,457.6816311513999,502.2779226554427,506.79044783400695,cotton
645.9286111931553,633.5706334253032,677.0461837803721,670.84710915324,678.725926544788,684.8691805862807,polyester
566.8606871876297,653.7419733464128,705.5574200964413,642.3337340746618,690.1713587328329,737.5753014074163,polyester
907.947135028451,913.232746431682,1000.0,983.3293819300598,973.7305852967905,1000.0,polyester
184.52126927570222,206.59903635522596,222.21263242696762,235.02208867102283,242.03624380439445,265.49474747610276,cotton
586.4475512190717,679.9529745886643,583.2922521165443,677.3926344312516,663.621854902166,728.1245597684988,polyester
710.9599471503162,646.3355480180674,817.148261145943,699.6839918807523,870.4022479609228,841.9620155638726,polyester
189.52101290109823,209.87061563868332,230.7896463589862,244.65749055131056,252.9547466946524,270.61746703391094,cotton
86.31710470199312,90.08147335280526,63.962468389551354,60.708967418278185,56.931304956389106,59.42659125974782,denim
191.6505503078281,207.29091635562133,226.3836383858738,245.11965716495726,253.69063307246037,266.6437805907406,cotton
91.6488331700503,93.53411709926695,84.87272282817443,71.38241434634637,70.6682860079427,62.007721511407325,denim
100.47075924312114,88.5078048157435,69.90114414048264,88.20899210739402,80.54624460796242,77.40613353853567,denim
188.1239818520681,200.32692448142714,222.46370753256517,224.43263991149178,243.16569878460572,255.82168137492857,cotton
655.119276700922,629.5032499024155,633.7833383872402,743.7929691580181,684.7383849033143,804.7489033711538,polyester
377.36168797825997,416.2714204931651,457.82077860210984,470.666734914009,494.41487250861854,538.2394037413916,cotton
118.01371670827874,90.08811955706602,80.71893830465321,82.89253868333296,65.57313352908398,66.49238573831288,denim
547.9811483627016,593.125043330731,702.4003156813858,674.9197126136788,741.3600261668236,694.3102753481259,polyester
863.5967426317923,833.8393895540029,951.9177393520478,924.898036634074,894.0289703951998,1000.0,polyester
640.8901522858267,616.4135298873641,686.2745150536468,680.8063887037309,716.6007162629728,755.1560736223956,polyester
799.9153973088463,810.2176316039715,841.8915000038799,923.5681564041967,951.0634039553955,947.457342696933,polyester
693.1819879699809,820.3424962609057,833.1319595505083,788.3464826115764,866.975001606008,947.8489595840258,polyester
80.4975656644157,66.16423176019146,68.42473299934387,55.73512422731962,69.15571283200812,35.057958607458076,denim
518.5884070775176,579.0338070665827,644.4849662174871,615.6890220905435,594.0407969434484,720.2101862110111,polyester
121.77340961867833,108.38325038019669,88.46995750943219,83.75032307276862,68.42269249875056,68.95130527491078,denim
831.6577660173606,791.7774114268636,903.1907832092099,972.4385407564472,938.5076137134091,1000.0,polyester
602.7194905201566,640.3127642056007,788.6255820444073,832.907269169527,753.7396371105604,840.5383983845701,polyester
94.73198985663524,81.70149746266024,68.49839305622324,64.71550521509575,72.92638942717714,66.02077253633306,denim
195.4540720493507,209.91512228017362,232.7584000878286,242.83180715942203,254.19002792787245,267.55125817163577,cotton
114.47160992814892,112.81143225840755,108.66166357795738,97.08517372150892,78.80768073885316,61.62233710001417,denim
136.49404022082325,94.80422559114291,75.4896550234409,70.02678369352154,69.93009948022657,73.16869927249006,denim
705.0117842722635,770.2925211154958,739.3542208955403,757.4375174664755,828.8512971446543,924.2485549719635,polyester
190.04811572451462,209.27412207942623,225.31204391886442,238.1237662495027,250.9971528576649,266.56240955412477,cotton
679.5736803375621,743.3995819560203,700.8342610357003,702.4120665640305,757.253712927096,773.3117902164074,polyester
824.8618014429032,872.8423355631533,1000.0,922.81316391444,1000.0,990.4119883366423,polyester
112.37331042300471,107.52316696674573,96.59123533348054,71.58006780115966,75.25552115337823,50.12524873250188,denim
92.2289921428421,78.03031624598223,70.63836117961344,66.0214090414263,55.184199922976845,44.56399952605136,denim
119.16675866125955,96.73550005564678,102.43954709882588,74.46937343991051,65.41568911708428,65.06363864362412,denim
105.7813748296627,94.85620587705998,88.07179461156213,75.05814160605289,80.33091372811293,53.83791349887059,denim
638.8600199090057,596.745233990146,671.1048051068908,702.359026752355,735.5356805358045,714.3151200833205,polyester
363.69507530214236,404.7481125839634,424.79170139255336,450.51908338204765,469.2328988560581,511.01234706325164,cotton
680.484248607748,828.5228744562037,841.1404386965708,908.7312793167105,851.188916013224,937.120651226888,polyester
752.0500818169618,930.2500738826103,839.2459040737789,998.6371060816806,977.2931798018624,963.4450384744213,polyester
759.2866754470803,720.3841777671124,773.9852632992661,791.5140607709476,775.3861421587256,979.3670051555908,polyester
790.43058585277,741.4684324357022,845.1272288017201,952.4544828087606,1000.0,981.582440724506,polyester
96.81584956774356,85.42492095852111,77.65291037373304,65.13036868803032,57.494062244382135,57.7781113588988,denim
66.86246590758908,58.93037273000195,59.94161294354287,53.40039627737495,40.38408149192265,33.49954203046088,denim
637.3972072145854,715.5036003813665,745.0729078029838,856.0105066009086,829.5819539771867,889.3765910677747,polyester
93.61654162175984,84.64205367263209,89.55711538257387,76.14494079792142,67.70260869340201,60.17486719885955,denim
622.1102538488523,567.5377226354502,697.3096252332255,665.5522929837998,667.4003864651228,745.367801546591,polyester
385.8960990876507,416.86904403644945,460.5917265745313,475.30581455969116,514.5550451491684,529.4214163159511,cotton
388.5372862195427,413.0014685199584,441.3547515445565,484.89322729299886,500.0592314472487,519.3122708430976,cotton
371.65805337581486,410.79871295485435,450.77480145476284,467.5353859268249,499.13601584469,516.4341561888058,cotton
116.6909968821355,93.6190642670722,96.95814276414788,79.78889427176581,76.97833206984293,47.030055963537656,denim
676.2994066981822,688.1724447930907,830.0552871306088,902.3097083372907,918.0126754537409,923.3142919468647,polyester
101.13274271342719,101.39146088500476,96.75733986483067,90.72881704413962,54.987500846703895,55.759261266312976,denim
178.4181196021791,202.56993236085083,214.3453350925092,226.43630023876545,235.85548327960055,250.50503980067737,cotton
662.320796762167,764.0474425685242,805.5517935219281,828.2547541096142,818.9838243892199,838.5870487106403,polyester
387.1360414797092,416.7503912243124,454.8711662034836,474.2336008429897,498.0193415444238,531.1059942731403,cotton
82.34176660054877,80.02989142435241,75.53949926051023,54.99864759215134,49.229921151081996,61.18406280152816,denim
51.026119873941575,56.00467338280405,59.66984011586033,57.98120960714604,36.275708756210236,50.1112634859153,denim
716.3328443322437,765.9925439030832,713.7768767843446,819.0011405404617,837.2015967393701,816.6411042250687,polyester
108.29849596545426,100.70518663683852,82.16085611350002,67.65151238842186,85.41334221493858,55.218974018749485,denim
379.58385192666617,414.73637354448846,440.4594777199219,475.90152344871694,499.4276396399529,525.5108073339052,cotton
394.55402936366715,424.0831318434556,468.84011076426196,485.2704293906379,508.1292669922548,529.0744238099104,cotton
731.8765314688654,812.5560851417063,899.3097651957463,818.0011704660014,954.2296990626943,1000.0,polyester
116.35606049354341,106.99309734842495,113.05931321093392,88.12073010130314,71.82217918307725,68.15684786091437,denim
661.6264894203407,774.7176789979272,781.0808856471265,733.827805157178,901.3299960544743,810.5212388420105,polyester
387.0690749800423,409.93603685922125,446.61271210177875,480.52667201168885,498.35379601434596,530.1394019332871,cotton
80.8619456664336,101.3360725295918,85.54038020366217,70.69289459120249,84.81925018292908,65.64487642294687,denim
89.25153011743663,64.67222757737645,72.85387945536263,54.43768419142924,58.74576592411499,50.30480616055798,denim
184.60663552432294,203.88914373699686,218.4024848337034,234.95881932427434,251.15047868474352,261.9698515516228,cotton
198.61273767357127,208.54498265833303,231.31415269051925,242.04340375232914,249.1923212925629,268.02459393442007,cotton
102.68127591182895,83.65686640549075,62.14916355287936,66.1091763308635,63.1341753198574,60.12039359549202,denim
393.1790575259177,408.6292573987217,461.84551556073825,469.4498116246932,509.41359138992397,525.0802473629935,cotton
596.1497539277568,585.3207638786638,656.5586287777043,741.7835719224837,759.9645253428878,743.3749035467952,polyester
587.6793384912306,699.2642589126043,699.1057211830285,735.6915161010021,781.6782878022076,813.8853758006748,polyester
388.08133154129126,424.86253362222607,453.51471806576535,473.570972307538,516.2032296416274,521.4003132184203,cotton
374.0849712760471,408.5597449174381,440.31189261923925,453.85625412549246,491.0952718142818,508.68386586181106,cotton
520.3627209496705,589.2421473345642,667.7559683732777,619.4398285589546,677.6169687997283,618.0834784963849,polyester
202.86303320352374,208.09229008801304,236.90172097707008,239.2291445651576,262.086386541943,268.5503386734559,cotton
773.5782153398333,726.720597811722,786.3004540755708,899.2611088899714,880.2464060072855,910.879534703372,polyester
381.7737877960477,411.98080257053067,434.2040117913318,467.3062181497813,485.4097592417194,521.4695938818859,cotton
100.05777702304081,108.1819612750754,78.73901608974914,93.54196632223444,70.56764487305489,77.48327073133717,denim
814.2224892534587,904.7146637739388,924.2879771501287,1000.0,1000.0,1000.0,polyester
117.43481866724981,111.86783164731735,90.8294983432212,95.40685659709978,77.1621727927004,64.40615791685374,denim
92.35097856788711,80.69381930491284,62.31129754297767,84.0979014322892,48.70485169008616,50.05782572227129,denim
196.13918963224958,209.98495226154148,233.58780809362906,244.04548554690916,260.02610662384166,276.54766184709035,cotton
368.2277164623905,401.12234785963693,445.1900253223519,466.1347926374138,489.4655561254537,504.3622155318046,cotton
86.67905686898196,48.69023905118061,70.48388632076455,68.17879665253969,62.16205053068708,50.64821791517946,denim
85.09582458888896,59.241537124931114,61.18736999866801,44.96468580527717,21.514768416797835,46.76736148410983,denim
577.0065261889199,655.2393128510992,682.9874172089952,588.9194938736621,627.6275111285349,726.048910103887,polyester
188.27062761891403,210.67204026527205,230.7732821837602,241.30801432763826,251.2882418895552,268.02459079386654,cotton
92.66592122535653,73.8942296057696,63.914195155374365,59.94149010502708,37.98610533754891,41.165236495732366,denim
359.0936849341521,390.781013241344,430.7840403546957,450.8711332102249,473.42291506148035,500.2385631753549,cotton
189.14754200115595,205.68382965304315,221.30383065531046,244.30629705051896,245.17611104883795,264.5440981715618,cotton
109.4215562081882,107.62046107017063,99.31605518870062,93.59559356760897,63.40740841839859,63.23457240411543,denim
195.92031908969608,220.66902207332723,229.36764496141117,248.41463438806517,262.39861245822215,282.04667359388594,cotton
190.61811469769376,203.59065367857025,225.06954883451172,226.83166968094272,245.41106593646464,258.47764386706376,cotton
91.49348986107442,96.54906951179247,72.66029087089345,56.792431879334934,50.735905282033265,32.7527573530739,denim
108.58437745858691,88.4295014554164,88.35191693633914,69.84919697647985,65.24384356066028,62.705832988148146,denim
71.65873288605479,60.543558975100446,59.658234013226355,46.835015361348624,51.911198589280325,54.18601858536377,denim
81.48589972065004,74.07777951491272,74.56806559062862,59.40541859379433,76.63509905816125,59.44339633988291,denim
185.01037431888338,201.02642830975972,219.9351876998521,229.22101905258074,249.51436286571007,262.8770765023613,cotton
695.6350789747595,698.0849978929828,718.2419368542289,784.4780298751043,830.8118754659778,860.6992764443223,polyester
876.7208558639612,869.1649905556809,881.9761684533299,974.3675523500912,954.2578348149433,994.4653908852363,polyester
185.07853020390485,205.42799696331858,220.62635970914025,232.30945513767344,241.42215874828477,258.51877874692934,cotton
181.42020397942,192.89659174023612,214.23162351742104,224.32158367720098,241.40277502673257,249.00175451130272,cotton
182.22371035044412,196.69850129742318,221.8279853536577,231.23181536826007,244.3918167919206,250.2613368445822,cotton
621.7317405683954,711.6564056190333,703.7540167729617,768.7483843227781,724.5442362289863,782.064143788496,polyester
384.98549389463477,421.09224942582296,451.1647171978777,494.16438825743734,515.2300138250024,545.190077339982,cotton
360.65598427843736,381.77201664004224,416.1490652194368,455.16901171474905,466.05872306716776,496.3722966187101,cotton
102.75715805319392,104.96036712835067,67.07558663205606,68.46238819834694,66.19962378789879,51.790944192672846,denim
190.41925023049947,212.424309605018,224.56032065202962,235.7803566330261,248.79916730539318,268.33518444783556,cotton
115.69147991621506,80.90388477513528,80.895744468659,67.0549598354325,73.91885045987428,67.07553657361272,denim
97.81951745251997,94.73098882491757,82.31436520395103,68.74124215010443,63.655585596865166,64.30810646873068,denim
105.9567741289789,92.6921771771663,89.49997690552736,68.2958668116651,66.19095364020424,58.494258086172195,denim
573.2700275612599,654.8370383224955,650.7386306548171,750.4304004123729,779.5675138826456,828.2188724359017,polyester
116.52914689863078,112.2666019181724,102.8194716614477,71.21507548326646,83.64695601309876,76.67180227091869,denim
187.7283426840494,205.33842030737927,224.78752952084452,228.44966018126496,247.7160022993149,259.12306869403756,cotton
854.061964748508,944.8355042455753,969.8738816897838,904.6661125581967,970.3265542043455,1000.0,polyester
642.9591931581286,715.2994252816278,637.7363675785153,662.2318223498717,782.0750156830652,858.1664479912494,polyester
196.20779758103706,219.59493060264805,232.2463720429559,238.99866388525888,253.71367677628575,277.8753556479221,cotton
102.1106958963172,103.74003181777695,100.47957853877239,80.73049049651142,69.28079270446877,79.52118267791096,denim
758.4254577406073,752.6951572917054,840.3839569466239,864.1071350917551,809.93018580097,924.8236125037985,polyester
745.0194453160067,763.7096242669087,796.0125309549264,801.1221026076885,895.586413410217,846.6891234777028,polyester
73.04315011905844,87.8890807725004,85.15753143089799,59.81206093316659,55.42682812342689,56.66535097259447,denim
109.35001919389485,83.480878623916,97.87167738253957,83.14716084695515,61.32381284817678,75.10395936180589,denim
79.80338905085593,61.11656801034357,64.63992081898756,72.41013930182908,70.66880020804999,34.597414449847044,denim
634.178764108764,708.9960711435264,739.663685010005,675.8970102401132,788.126349639835,814.1846200148807,polyester
192.5750807749193,213.64647253270996,233.7285911069072,244.5362138639581,255.44524357118217,269.20151947090955,cotton
178.49672614777492,197.897618514743,219.04750195898842,227.79616664924473,238.98734557020367,247.75027492523853,cotton
108.53835675949759,91.23914796055031,108.66899970223889,88.14357424222715,68.63099163115785,64.83972405275831,denim
374.8434091812047,393.1484296975994,420.93583904488577,444.0725457202124,473.4323363975923,502.9019898742396,cotton
613.0108319053957,613.7790488830066,655.8054413275589,636.4408485279511,717.3342586792102,757.7823524756335,polyester
393.11765670812207,430.0787764067298,453.7961090123623,491.23195084172744,504.5394326762034,531.2023195507168,cotton
710.7344703395421,792.4543766524444,807.6635475253809,822.3601994174049,843.5248130482677,999.7728464465331,polyester
397.77819391124194,430.3776590662094,460.5268898940147,489.0970700100266,520.577193255376,549.9553746805202,cotton
579.8178772868515,689.7146737219928,677.2471691523187,704.9025682493458,703.1752519825541,746.7662444230139,polyester
622.7750481557409,705.5839137264692,756.7624989832582,640.806045234475,696.3328306693974,757.8380393677701,polyester
129.0722211163239,100.17067155377225,83.19669684783446,80.15316517756577,77.47861211988199,69.64198074504976,denim
88.85528135224828,59.32095082517746,70.69145324867542,50.67598918318771,36.68011828431014,46.28921028709798,denim
104.02183231945041,95.25244659101678,82.8352572473257,56.78832687111945,70.49655824379293,54.82873406428092,denim
96.27892340916964,77.0111233471681,106.1370903501993,66.33672599084835,66.96631760140959,65.59993078214615,denim
871.740582457917,829.7805558850247,905.334938808299,926.605262124246,878.5090700676187,991.0996259789183,polyester
377.58115790822467,396.0100378944294,444.9977396649076,473.0981078183651,488.9665320626133,516.7770274294836,cotton
110.46799494074783,87.30996868181862,102.25816003901043,70.60946219093792,61.69145923213655,57.148138945635154,denim
81.81652795314758,91.8029598961178,76.83480004157045,69.69641120169676,68.47906735964732,62.242977535993674,denim
373.46282267189815,406.1469158220303,428.2407887084155,461.96338824273283,476.246050709335,499.11488865287873,cotton
395.1953766803174,419.80012325517214,454.66565881353705,480.5342627357213,503.0277206078328,516.68178912164,cotton
101.98621193908448,95.12571427104339,86.61642123218486,79.4402218689023,50.302177730881105,44.645768096431176,denim
64.16705978221707,77.53366291931853,75.46122515917781,36.445512650324076,62.182764749347825,43.403853426833685,denim
873.1848217629008,894.1839523811622,799.3298321600059,880.4176157813297,886.3592454636263,908.7306256720408,polyester
380.2366269879307,413.17945670875537,456.70586357606425,482.1409508014543,515.7383229731282,538.5486096383718,cotton
112.50083416766888,76.34341484107223,84.2224788117208,64.91332506061917,53.45506577639742,55.08127339023271,denim
79.52630759645176,94.42937583235512,79.35386111096234,61.37702932565798,53.98594922769749,55.06342400431227,denim
100.89210254018008,110.76680021294646,70.45054260046663,61.89887202234588,73.74956596057714,55.98647810020034,denim
112.34575803057506,112.20109548750449,89.19515841151559,90.65282844938898,81.6674347767006,60.63183466572283,denim
752.2863511011656,837.5468357187359,919.9894419709423,883.3119501513426,1000.0,1000.0,polyester
387.27210019031025,423.41536608466816,444.1275372824558,481.55583447108484,510.15082900152356,532.2046146098386,cotton
619.8690541612789,667.9385859343906,633.9395614040457,651.7145499534777,741.66202697218,686.8820449741855,polyester
893.1089910130805,935.2648990661392,1000.0,1000.0,1000.0,1000.0,polyester
93.55144995999358,74.42902519616976,68.68340814906597,70.40311579963351,51.015583518417486,39.485538374955624,denim
92.76286848309593,62.0521716013088,86.2368113666496,82.19095866452557,53.9186165582743,41.02645615120463,denim
110.89593251123796,108.18529367491885,75.988428073025,76.89083110996707,86.30970938049508,61.771292085790634,denim
367.0041236921601,390.8096619314241,424.40685365332604,451.28898221771396,479.7916245768485,502.1539438481858,cotton
85.17080803235683,82.22969981913108,70.88729538016163,41.1393600700884,44.363022123835556,52.31227145333972,denim
94.86433655553458,77.26168999909356,85.99621197381126,62.46663321493491,69.45262632018175,61.68457030494076,denim
814.2860662388189,759.8226423136534,773.5617031527615,949.5899569437051,893.1345662115058,917.4774841569551,polyester
658.4823700857398,767.3574601813916,784.3144524779842,899.5235530042687,929.4296181112622,912.8475240553214,polyester
191.48490223318058,200.74433837369483,218.95430043640633,237.81393873459137,247.81553955929894,255.1517436361277,cotton
760.8711804319229,729.4001901644396,748.827049823535,713.2007364120382,921.2961959126555,909.9603783100075,polyester
87.57879906820833,72.53501956854275,70.05510384408511,50.65383309968,65.60834842077627,59.06311191089708,denim
894.6728062102517,948.6116293125364,1000.0,985.3133909361754,1000.0,1000.0,polyester
184.44451187636525,203.5315328314608,231.30426625195403,229.12243717739113,248.7955783953225,263.71789446544875,cotton
82.43786367989736,72.8125147576543,58.89259873605968,59.54458273620578,59.75839091871421,49.531052080427564,denim
115.66037079756822,116.02787335821199,106.9624423381952,91.12349258818091,75.47892897584404,62.87977868338839,denim
87.27773151127086,74.8403675107201,60.9301422854795,66.6231512174135,48.32214146944413,41.707399503219804,denim
95.40393187666933,67.30332965526584,90.96980945500286,54.704374832381575,61.301946357613694,75.30302422137689,denim
184.22576239812912,204.1182833163878,215.1987507932397,233.14112986557444,244.08720651497035,254.52173890579922,cotton
678.2181394027074,745.939986672236,753.811783331163,800.1699489683317,833.6692379038421,856.2962717128942,polyester
358.39598991426305,398.2913466309263,430.98257558365225,458.7179141986245,489.36241940938464,494.68485421612087,cotton
360.770238452756,390.05290279729104,426.473690013733,447.1809425085598,473.9831202767578,497.76331513710045,cotton
386.6818520061293,417.84834640668885,452.2857437248719,481.89827251514674,494.8018305427306,534.5191530532509,cotton
569.46188541187,551.6612908278917,594.6558837994722,657.1673790387237,620.6156442784962,665.3335874178206,polyester
766.4512215403413,768.6835521485654,854.4740321883943,776.6272898172396,790.5402925367281,851.000661647492,polyester
363.1782944646741,388.7336768258833,424.707711973056,449.6839447206998,471.0959315178909,508.0997830843546,cotton
95.58467981495653,78.24636756935442,52.61106565301095,59.035259973021795,50.579701623980675,50.75763675147657,denim
88.33384765360492,63.26118125562329,62.83843424461258,71.66887816649849,49.14623449477901,43.521557047706104,denim
905.8561478300514,911.2486985916722,1000.0,1000.0,1000.0,975.9805557746264,polyester
646.6035911278931,714.3900217358779,638.2483115789141,779.9469243214625,803.0036022915657,823.5931546512467,polyester
392.34017907386766,423.0109789497487,446.0173213581632,484.97062106637827,490.88035038463653,527.8939269784604,cotton
376.0889057058681,403.3161112470727,437.81818855560454,459.950843059091,502.2347286917877,524.8436653303926,cotton
113.3436629404649,97.86010967355372,95.28446817554634,74.0312922147824,69.29668564555412,64.17564792315002,denim
115.70869832990164,94.45781011328982,88.69948154282947,89.75129815052456,80.8263965021127,68.52079325831903,denim
197.56532473734342,215.15183985682623,227.40627595554233,242.1415292500544,256.77827695945683,270.3215703502969,cotton
369.15232882741907,398.42094917767224,434.040441011318,448.03686994697784,481.64361835450137,493.42659993554196,cotton
78.77706867544981,76.21478028694494,49.28037023164108,56.046701003607694,50.629326461279184,33.9435505178622,denim
643.95807785497,756.7673626655646,681.5521758175029,763.213651970793,772.8216504183163,894.8004433471577,polyester
115.52391570262199,79.40587309618198,71.17648079993899,59.46995044105997,85.43458371971181,56.59479452010915,denim
376.3180902058618,413.5953992674581,444.1338744987892,465.656044639548,503.1888165676775,508.3217730658887,cotton
88.0487808256267,76.72915857510819,75.36904106097035,70.41639064466008,61.55144285524369,57.505970602159636,denim
183.2534075705151,197.34442402514242,219.85718806988515,230.91323024084397,246.58787260284132,252.64856926772498,cotton
91.80891164200376,99.69338372856379,92.69428199953134,62.14987602913271,73.71984518028232,63.91194721612977,denim
892.9807711556116,855.3392165140449,986.7945208206297,964.0443159582659,1000.0,940.5998525809017,polyester
71.04980571851503,76.94880935691319,69.60262148227244,60.32320513652899,54.86180746860607,49.77380410014879,denim
613.7334623194174,618.5852343105438,593.933715382787,628.2821923059847,654.0640419878403,778.9899226031735,polyester
698.6554372399434,825.9868471945064,860.7611325020948,980.6629034103703,1000.0,1000.0,polyester
185.8194171645818,196.29355306657442,211.98300714016068,224.44712828080327,235.07211771770764,253.97791358753057,cotton
793.8787106846136,847.8783235412634,861.5155865423277,876.1362120615229,980.7741740781615,951.5167819374267,polyester
182.7827500604597,205.9071337895193,220.72461667747115,236.36282214695223,252.0255259263488,258.0917317663671,cotton
106.25023468421574,90.13984717042027,70.37656513270834,87.53127544121084,63.512878022712734,66.28992931695143,denim
199.5538175331493,212.21450378213962,231.98806984739014,247.08990516425618,260.6781343400074,275.9864699062535,cotton
587.9331756325851,609.0297017466867,634.0435336854453,672.9268260153807,717.782085452889,690.8587733265541,polyester
119.63783766241455,75.9009838562873,77.75775086124604,74.32748398345753,85.48506359772232,64.41267928807088,denim
82.40122720651291,81.76698819899613,66.74710865465661,65.58641159425903,53.764690772213555,45.43782445241029,denim
796.5514826215646,811.7288635540816,828.2012233278009,851.3083890932298,880.641400549511,921.9664741572022,polyester
82.07590348464919,77.97614486993974,57.890506532453095,60.32495322327615,69.83880452921852,48.84900609620906,denim
618.0782454314261,642.121776264308,701.5988069279233,789.3502407063914,827.0976251841186,739.3931238047761,polyester
829.7161783431882,851.357251505213,901.988515794927,1000.0,1000.0,984.6615494531868,polyester
194.92950377288608,207.43583129914447,232.72127189775378,246.68572164926817,254.48445098630035,273.2554718834494,cotton
373.35583459088326,393.5815476050524,438.2177337217509,455.980725959729,486.439196170964,510.29289703663653,cotton
200.29459647046244,211.29873935660095,226.27242852079203,244.17286779672236,260.4128017021531,270.8627217770447,cotton
91.00486628246458,97.91972817367598,78.41842202320888,68.48495291170329,59.09223013955372,61.07276700582768,denim
384.8843837946681,423.8723371037754,453.9441891556762,479.1700990486565,504.07064345478204,529.2583067022682,cotton
935.2786943658566,912.2093122072664,969.0237393808462,1000.0,1000.0,1000.0,polyester
112.10905996073488,91.56955053289909,93.54925422115218,76.71457304397352,90.00649904190615,77.25005452991698,denim
192.7178906629762,199.11273058658452,228.7285984632417,229.2527390020945,251.61893288042614,259.57273411939696,cotton
179.39710727243556,191.88203519264957,218.9106062358228,227.4444112044453,243.40315666531973,256.59342340829437,cotton
189.0879242215734,201.34715669269977,218.65309752463787,229.3580750310323,244.18805468431086,258.3882007030356,cotton
98.5354436916913,95.7425915207934,83.1235050638483,68.86502226264514,70.61326865039887,58.26452747121104,denim
382.695492431533,420.66803302184593,468.07561404487546,475.5839295459741,508.739728121601,546.0814790931079,cotton
587.2513260457426,564.966798381612,692.633406060579,736.647128227821,724.8743195528567,667.7301612630091,polyester
99.25350374579052,71.11304273420484,80.06208341040337,66.17203087890947,65.86233370718419,47.43573480340541,denim
395.23372960624613,428.359709091988,465.639057350531,477.26316232263207,507.83261832237946,537.7802198234158,cotton
93.79919411963323,81.22138966828422,63.8943511431097,71.4018879946379,56.830937704828884,52.983462612171266,denim
550.8342884918668,596.9111758523828,652.815393117758,733.5346310099713,691.7485999931558,735.3516979884156,polyester
387.36391156715047,408.7289798371679,451.45342038387906,477.77426521722015,498.23825460592815,511.50794590726775,cotton
79.81660205423181,57.504451032263844,52.89928245922005,60.43245054555864,42.258724383176094,56.74315800421037,denim
73.56169390094288,82.55606479697896,66.2981774144652,60.45757290087599,48.2877453815385,44.10876382587917,denim
512.1812319783947,635.9535358040448,673.411954929075,690.2016404949076,761.0719962065061,674.7735238287335,polyester
181.16881445197507,199.37398336369964,220.03688138735015,225.40431872407788,248.8588820788024,256.56810093895666,cotton
716.0072836368687,747.5142537736766,873.9621257419093,791.2492871158655,897.4022082983881,1000.0,polyester
189.9199243201922,209.7683782964642,225.47014298006448,237.90163865760545,253.5555875568956,265.1439811788013,cotton
624.5048662297608,634.1771875969677,671.8001715556218,679.2613131677667,736.982715842791,705.7197056287858,polyester
96.72015797452113,95.60148861570032,97.80641124566283,81.99638834472898,85.64539925841373,65.12702398642641,denim
895.0911966499783,897.5798913020415,970.9143730010405,1000.0,1000.0,1000.0,polyester
63.75830700401944,61.05874302396143,69.91874593568767,57.775438175224934,48.07804642201499,37.555468292824344,denim
388.1075740568979,416.7138536861354,439.0424387437564,475.94286056895055,499.35282424058914,520.9434832198842,cotton
65.74998036928505,81.03177477921676,74.47472669786083,42.32703975075366,51.175606431032136,45.97780440171684,denim
397.3752781363253,426.9130663700486,453.8596170928045,489.49788662141435,516.7173279082748,535.2117907995781,cotton
120.29581616932475,95.15447169310161,78.17162347314351,74.79979487614888,74.92484134940894,54.94555813650164,denim
834.4270073536358,988.8321724038369,929.908175927415,1000.0,980.8994156060768,1000.0,polyester
198.51562816275325,219.51090696668527,231.6595494359843,247.0029453550192,264.48762691937134,276.1405309513974,cotton
386.0633575543577,412.709897312341,442.866217582909,485.6888004244274,518.3479244135565,533.6250188863006,cotton
780.3728788173823,776.6184331523694,887.9510793648132,798.1091933032386,941.7230926640577,1000.0,polyester
835.2776559789203,971.9810919947453,868.0414948685228,912.6524815668671,1000.0,1000.0,polyester
727.7126823403275,877.7172854316744,928.5172274040781,944.4780154105196,947.6269626939238,1000.0,polyester
187.10838182237802,202.82254108086693,221.60253562362644,238.22013204978578,245.96888215488647,272.46647179462053,cotton
134.1146365347265,94.83568173041866,92.50214769378327,77.9713645822861,72.20704845349354,73.84217869980198,denim
194.1568385203754,212.01555899840343,231.3015713495852,237.24078322164334,254.0359264869857,265.652721084783,cotton
755.4706697231786,788.3980759176039,884.4614385553789,1000.0,985.5610768588956,1000.0,polyester
380.1169091278045,415.2065724974891,448.10974684298117,475.03559242885916,506.02866678209455,535.9326154605045,cotton
186.24808994337718,206.95025140048838,226.23806589209178,233.04473311945145,241.86881630875632,263.13224382250354,cotton
191.33510466241907,201.35703264752817,220.10107455727953,237.05604203851945,250.2090844541604,269.14712713301435,cotton
81.9283142270099,72.07661676246663,65.2344527250993,62.54850987559317,57.154625920604225,41.9086061804392,denim
128.16893073850716,104.23761877869231,86.48851349332207,83.50869348624175,89.39453615119419,56.864438662245064,denim
398.26453039071475,425.4903550861902,455.8952325083271,485.5228778442325,511.8877152407791,531.3603050026528,cotton
94.42675557181242,83.1387414198827,74.01175286979291,90.80852951552157,67.85697834106394,48.10315494794502,denim
716.6983114109095,828.2484011462506,816.582508891407,939.4694609586205,994.1695303325575,945.5523580529236,polyester
394.09756362463344,410.13054265015677,462.4740580386809,481.45128583325686,501.93689024217275,531.0029032620781,cotton
72.05349317498752,86.29734564400118,76.4167959642175,78.32325112199513,76.68619370855879,67.03340055146815,denim
83.50746960903012,73.41237487678283,64.12955831031992,50.205076827740506,57.7083373747989,47.900982666585016,denim
638.1017050825274,667.388927109611,698.4900340676908,664.0105876248726,801.2388607689891,773.9701488028901,polyester
735.9361121363144,819.232491413749,863.8599289411695,899.5424118210204,883.1501987283721,914.1585570287124,polyester
751.9880637859118,781.36668033258,862.6463397554534,949.7879551562321,986.9439531419246,896.6720157055083,polyester
780.6642121933833,864.5617102387689,802.7696474729548,803.3988358279103,953.56234758819,1000.0,polyester
706.7652002462911,786.7383404510059,890.6506637519869,952.9060784238368,856.7907744499275,938.1630092009607,polyester
73.09960275693427,47.65888337739371,77.18714489531736,63.75249364034365,52.77225481933191,42.16284261816452,denim
189.11667587303586,206.9368783701046,222.38152413238822,228.9564637212579,250.41296428040147,266.7527861742482,cotton
115.30578175633661,103.84517930659756,98.27913406813124,101.53351544486239,68.78076400306827,70.52730753858351,denim
85.52128837394224,73.91638214091775,74.57451273320622,72.55215594635376,46.462742971554306,41.26367084576731,denim
382.6628161868548,402.33815465197483,438.2927088872669,465.54097782219105,499.59049657790615,511.3911711025994,cotton
384.1727714931962,407.93664961608573,437.81656450414573,479.2257405208262,490.34464973404647,515.1184669093184,cotton
189.87299554158218,204.34258766092793,216.80315369404315,231.77513061692935,245.03850357737676,265.0739432051945,cotton
60.986272277970585,64.64019676374815,56.48460005750715,52.62662787353499,55.01861013355195,40.01411617671753,denim
731.9667908458869,720.231748239696,801.8023310397149,766.6181115897078,769.235801257258,899.3100328542549,polyester
183.483661153891,196.52698802496397,221.82209365367714,222.80278517138032,239.8341025813731,247.97908841987686,cotton
86.41402767174719,84.23616261554102,56.72328484466041,64.51387377925695,66.19811816001703,56.09929159047894,denim
184.6115251623884,198.6460049925688,216.51527632798337,225.8943883228755,251.08386393484534,257.71745128123325,cotton
193.23841850897242,210.73454806471304,228.79798857518998,244.38499046083018,251.66440232118185,268.76383347395324,cotton
739.3004658550528,739.0437157594549,804.0502129932444,756.291914448776,912.0725776424764,951.6759944707593,polyester
777.0160405165572,907.5282941700759,955.8329219502626,950.0946826853675,992.4926751098511,1000.0,polyester
743.1165451002254,777.2024206288035,764.4070177758093,848.4981978727873,885.2057184670306,926.7042569964852,polyester
631.5815063416252,577.6600840904098,714.4347853270174,767.2754701084143,705.7431729131023,699.5766437712398,polyester
396.54340380713984,433.2607442235663,453.0598233431995,491.307339793563,505.9067416578774,534.9385389137901,cotton
796.7265651457947,805.542569696402,899.8362838979367,827.4909148365749,855.3344272663212,904.3347392558023,polyester
101.51168340483125,101.11834119280151,103.85090161261022,72.29944328161714,62.12117372306445,72.20271417179262,denim
649.0071087907734,586.3814747534155,589.6731443411836,715.1934507316124,702.6217646840355,727.5144548873267,polyester
181.45954523580096,198.86648751647064,212.9452177182218,230.7087994716602,242.71698061299506,256.40837711922705,cotton
109.8396848647506,104.16314458737682,83.46550464328256,86.37989409137474,63.49143600063003,63.15729165847492,denim
611.862316859499,610.2092531455356,601.4375472684342,667.1687388235518,763.5291529898749,815.8252170190949,polyester
81.45605269860174,81.71132802460914,65.93165194073478,67.98003108747454,52.56027850058821,37.57447130465512,denim
129.99098693451265,103.05522627867265,111.19659385878766,90.60088667757555,73.7982587264705,59.27435579994221,denim
933.0848953826404,926.2592730014421,926.1208003077904,1000.0,999.5094459541277,1000.0,polyester
83.98620022683349,83.4928659304165,65.50603723370065,72.35354482356892,64.34558826655856,49.62960327997144,denim
379.9955918840306,404.5058712105067,442.3870428117534,450.588107609966,494.3670726067597,512.5205978701508,cotton
717.9883322356451,730.9792223813578,842.6783060603708,762.7938577850359,840.1109078599618,888.9506104768416,polyester
84.72019000609303,71.18279919189301,69.3312622031487,58.87974733440171,72.01837329963563,55.54217249046931,denim
190.94680001532558,204.81526229759865,223.95380310838377,232.41304379992786,247.88522440922418,260.9698347735266,cotton
78.50286139699148,62.76161674150908,74.84742135373989,66.14922352331111,45.541894220965645,37.327325007597516,denim
355.65065534275726,399.11769036588123,427.02251235636953,446.602451985743,471.48710445835593,495.31223962113893,cotton
78.16925511126517,88.18485379813274,77.29479919209426,75.20509531796756,65.0659359111616,64.66506990046116,denim
393.6122723872381,419.76870167795914,453.71788875808556,492.4077650086808,504.2277384385988,528.7931633474768,cotton
189.866998910601,199.86208819457093,224.40126266559818,233.01675065817307,243.88019109836054,265.1874860799017,cotton
105.89521698912284,70.75213397284281,78.24579678639644,60.07360649638247,72.70287085864389,61.589730437459224,denim
361.73373783096736,386.78671259482695,432.92188400629897,453.8420701584585,483.1661262678761,497.3436343577792,cotton
184.98747667287847,199.08923295283998,213.39770542728667,232.2719752859303,243.1499213550348,256.2990530918942,cotton
191.90892676303062,208.485676443965,233.17994214206877,239.77592741475334,258.3328381467723,268.0298828857973,cotton
88.92883210957359,74.96593937810114,82.28619351580598,68.73515516039267,55.27288206786247,46.489378892181136,denim
369.6696422097411,381.4746952660431,421.9321581626824,447.87602017971585,470.46410263357893,500.66740343294276,cotton
80.2068019514228,56.13263975673964,69.19052606642097,55.04074132440467,42.10095919930072,49.83630013828525,denim
662.7199721616205,654.7187029083658,667.9260405448946,667.8442055359673,828.4399522843315,828.1238436641764,polyester
85.06730981975211,97.14977517402926,79.73653035741222,66.62589717849642,51.37153290302937,48.53319771873666,denim
385.7137381883055,412.8636824255159,443.91256622366797,477.98847800570246,492.8377148631835,527.1187007805134,cotton
192.250420453308,209.23246922788792,232.87118579489467,241.25537924526478,256.3093791041344,278.90699028894255,cotton
665.944856133287,602.2102743565852,705.528739296828,675.8772973761222,767.7541601502302,781.6363295883625,polyester
557.4764777020582,615.7609754327146,577.9316246054501,729.9236998443399,703.1696717722939,703.9389231041995,polyester
119.12308830952935,102.53167846424017,96.25600386085739,68.7290731694811,63.282564442893865,65.66484551842356,denim
391.56418533808596,430.90097432293453,448.46096144797383,487.1401006289067,498.05403277247456,523.7541398889292,cotton
746.4024694298652,856.5376120201394,825.7346115864626,800.7440871043134,884.6262080216799,866.2013290379194,polyester
394.947664694063,432.38211279251624,457.53489504911863,490.85721278663254,519.4365130764203,553.2652512163313,cotton
61.269965943487364,56.044127531893395,49.636201949490435,58.807823972320016,46.67776269182327,45.22714009971528,denim
687.0975157478275,829.6915927750874,868.7394770749967,944.2443313863348,919.867890605383,959.0388271150136,polyester
190.56693939641752,198.7436106698267,225.13645239259108,231.39397377831557,245.52390028891864,264.72772810949186,cotton
798.8284075443187,892.4325457680068,879.5412760130139,1000.0,1000.0,1000.0,polyester
720.2162196148977,788.8082823082825,831.269714883359,918.700451243875,943.8845040491792,1000.0,polyester
364.572120091779,399.3335706887651,436.51749097044024,451.61905826205685,479.58613529688614,500.7140347774598,cotton
827.3849693250171,778.7198118831485,807.1838697284611,967.4118840082094,916.9188060739846,1000.0,polyester
178.67399164209203,194.2135613446847,210.11513192818737,224.7641205381381,241.1907527945247,250.12961910107694,cotton
85.52259299249289,74.50704738860108,66.87308990390991,65.09208614807687,48.850468987569826,46.235597405327304,denim
116.90640872986364,104.10347521324806,79.4309657793368,73.79140602418424,61.44102294412797,69.02424179387408,denim
565.836617347532,617.9866468927266,619.1503000973601,759.4970070197118,660.2097550733095,747.9631649760233,polyester
127.53199628352462,103.12954540483777,92.33409002754026,82.43672501405922,69.04202744639517,67.24631737572088,denim
650.3045288029606,666.9902105987733,821.212209797412,858.1199970054387,792.5088370410438,883.3578817659886,polyester
816.9824085682907,889.7997692011081,992.1700247973463,896.8296483816365,1000.0,983.4581866049502,polyester
381.2502900466235,413.4048799684331,454.0730228446886,473.27816613097906,499.7952541972943,525.9048101945781,cotton
91.31318025599185,106.49790229285676,86.88005668609654,69.61840491880403,76.81207761084335,66.6594024691234,denim
194.9698775532028,207.62256052442507,230.38005167641856,250.8007101038288,254.74124134768513,274.57332492672964,cotton
385.4104971549764,411.36474453528143,454.1968508842505,480.8831252392642,500.99819398102125,517.5527909564314,cotton
185.10432228981196,202.9741039680127,218.89835114462093,232.89778692080145,245.01155049173593,260.88338979227353,cotton
193.20124364327484,209.28352217341313,230.16254442557437,238.71304977106576,252.93229005944434,267.7066211049522,cotton
576.1715303079295,667.8454067192889,618.5641392883053,756.7078108170351,668.0350661599657,692.7779229725385,polyester
84.9259016538394,72.40587248054787,61.379010100407484,65.16522023594452,77.07993824262263,32.604752367494655,denim
760.6079947229796,738.9442801898281,737.1900402626771,823.3418766292954,853.2125324176977,885.0550281786946,polyester
93.3792698293895,72.64184198589203,59.295788970146624,40.83101622037496,33.060527684546535,48.201152348538145,denim
100.58740989540827,71.94015219649283,69.8029428228338,61.25476741705822,53.850666566308604,52.33068261772363,denim
80.72424882151932,75.4033357517526,72.75916016860316,53.17693379765809,59.80633832725492,46.138991708419425,denim
195.32806508419526,204.31068201509268,222.87676115165792,231.79815747547258,249.31561780670344,264.44024636999694,cotton
74.93086889852665,84.89297419234761,65.87493973838438,60.98993728897578,62.59780440000773,46.07547410438444,denim
120.1993416058034,105.0285452475384,86.94988964712283,73.18502518186367,85.69836138396029,53.01822283273921,denim
94.73360749798452,101.3198415089184,100.35739715443394,104.6074141572106,74.81026288045688,65.67581241863618,denim
189.16994513928068,203.3429861527112,215.57880055961755,234.91688329535606,245.25520117989146,262.5903155839175,cotton
390.69273206972576,428.7490991838935,454.31874412493994,486.2768399321806,506.15143683786965,528.8729722527601,cotton
698.5548554808564,777.553675344047,892.4142605605906,790.2180978289997,891.9860349688912,836.1172542536997,polyester
182.87145200507152,202.59655433016883,220.45883361416327,229.79821690231077,242.0435594357661,257.3235364240633,cotton
176.50502739448115,193.58286952756234,213.9626851335884,224.17171073821396,242.83065221231854,255.5842868177374,cotton
87.91800925296673,107.57424138097794,98.88969815448515,78.17618733561909,76.3250823028547,59.896049753207386,denim
85.32685057597769,86.86778731558118,65.7104446840722,67.1258032689538,41.26489712238911,35.25943420272408,denim
563.6770884467861,552.0921945642752,604.0645777676709,615.4905553969458,674.6526844301477,753.2961530856196,polyester
184.71525747408626,192.8058310094214,219.18109874345217,229.82319621464202,240.1955468263676,259.6842856477504,cotton
81.06807975094458,85.42250316921586,74.79179190834515,69.66544033907395,57.52098985433423,59.308182512946814,denim
374.8723625231799,404.62259867200726,438.8691620226248,455.28460023208186,488.60717034802536,509.9362353236009,cotton
187.67464121227,206.50557612030997,223.95113287494155,232.88053469775573,244.49004284232996,261.0608729249626,cotton
194.35785856677697,208.10711037447987,220.35042687747892,230.9186148527549,248.88617361848276,270.21300195142845,cotton
188.24731716096642,208.0176002855755,229.34733985591802,236.3324083485165,247.46940310626857,262.86891364613695,cotton
685.6479735516023,699.4181875061457,765.3571603458993,727.1972812848247,873.0083817179913,942.9755780652544,polyester
111.9890483794593,82.12749063219222,77.75583459826326,78.77288887733117,78.79744017569969,68.62490650263074,denim
107.25805898338226,94.67781173073834,85.1098464706548,83.88252574713924,68.5397863563828,73.71845590959475,denim
128.08251427378696,109.99532540541183,111.2011530366675,83.67491586708704,71.71193402762921,71.04524326855925,denim
187.8888417577106,203.6253561844816,225.0667739511146,230.39507295242277,242.98392590828766,257.94895047608554,cotton
379.51744327199594,421.52581849091706,444.88534223367816,471.60002390314173,500.77497576353085,521.0559484736181,cotton
700.4186661443398,680.0504872077005,785.7663382477215,694.061789080737,720.1520785968625,793.2325100736765,polyester
901.1516008038767,976.634230130005,911.1647094179217,1000.0,1000.0,954.5288698170868,polyester
862.6606376417326,796.6029099894894,921.9539266307595,1000.0,920.3200074809504,1000.0,polyester
367.86694412242525,394.7174207362841,434.21666867174855,455.29026411991543,462.1206629434299,500.6934528028042,cotton
386.5882019220765,411.07189905573006,454.7508009970269,483.00375082797257,515.8608358879972,534.1038805563472,cotton
623.8156390451649,591.9547765040772,614.881204258703,647.4491295870174,694.2199033219906,680.7215765082772,polyester
661.3222113780703,600.1926767430152,677.0657755677689,763.7310256316658,682.5924185726728,842.3336043250157,polyester
849.972628258452,940.227502868425,908.6805430803544,970.3302670592965,1000.0,1000.0,polyester
198.16223561460296,215.0034098292189,232.3322940767967,238.00245035029226,260.564965647206,282.0820027761139,cotton
395.71088606717933,425.0504065201166,451.6157875480664,482.61723365771763,508.5774266944281,532.4545629816278,cotton
96.2424055248256,88.29069312450049,90.45773045210859,70.37459288837289,85.66627349856542,57.09415679132946,denim
365.8690074525815,381.6435984245398,426.068675616075,452.49005369033404,464.11881295026444,493.5631754180969,cotton
911.748532024186,965.7052715584935,897.5540788116391,888.4366469414153,1000.0,1000.0,polyester
362.92496706505045,401.80408962224686,432.5451620681352,449.4050366895918,470.2545981908093,492.79484043557824,cotton
384.6076678287452,425.80276373369435,467.71761457764876,492.01311377793627,511.32532430486634,531.3495029645038,cotton
79.6724832309834,81.91593190417144,72.7603006649587,73.90569202734544,66.47880124220156,51.00082684253278,denim
753.937853167793,758.2857175107722,811.1635303965194,818.2142345782595,908.8008478520143,965.6531047551596,polyester
113.15506091692521,116.78476785274215,87.56570149016616,69.95306746952286,66.45446703262905,69.87607749912276,denim
760.303987702525,660.8573702687273,801.7780517522344,830.0673727716993,816.4857925258386,822.5607040966025,polyester
522.4336798590401,625.2033681600574,560.6448831443128,600.0480453725419,636.7951191698817,719.067806159865,polyester
97.96913389447627,88.58219814100686,88.01314649563848,69.58951405445694,70.88791795140193,53.754177837269296,denim
699.5220945540943,838.6203278404486,729.9787856981637,800.0912603005936,951.9350893528848,894.6733694585097,polyester
180.11786991499636,191.80014865168843,216.47159239757787,230.7642276561044,234.83867114695954,248.44399452258781,cotton
97.53113668080785,72.2404634571572,83.78353437385071,60.71299867178333,74.70545944819841,44.758196863404535,denim
182.5082245436892,199.90587695483444,218.17974006358472,232.22808029461683,250.77700891261645,255.56914010069374,cotton
392.5780586034202,420.2195762536166,450.7355817178769,478.59934456257514,509.6365227627935,542.4728360416947,cotton
382.9208048783417,397.5729305246064,438.4145540818954,462.24483679896196,480.27136125920845,509.6356592903887,cotton
550.5457608463014,608.8663424781402,601.365327554811,696.1775167202708,617.6467760642659,763.1487391167186,polyester
183.34259650303332,201.278388583331,218.66843889690443,230.21038910042603,241.37548786824547,251.43667111975844,cotton
786.7311932283283,807.9340857443003,932.9171247445602,988.9941880179184,1000.0,1000.0,polyester
785.0879284278792,852.492918476885,880.7766679011662,802.558187463422,881.5405251295537,900.426192547288,polyester
183.87551250582536,196.17610144303796,220.94322989259294,224.40406920838575,239.1730411328652,260.3718559701681,cotton
959.2922473056365,851.5796581881871,953.2121450481859,1000.0,1000.0,1000.0,polyester
89.75730531887278,79.88268628797142,66.85171206717796,76.42258498978485,64.51369500893061,46.602230550235596,denim
585.5295572085239,665.2258372648381,643.7823491192928,673.6756312615465,781.8455813689793,683.0079887216435,polyester
693.7787480522953,777.8618766725052,835.8247374788888,758.6492087777829,903.9280870441828,973.7946623206485,polyester
103.64626728497132,90.47321810868915,90.12730169022673,70.34329317464605,73.63133796454437,64.10790735529831,denim
569.39061319112,634.7032992315711,756.5221291558286,700.3569339989044,749.1431957605145,804.0424191180965,polyester
190.71718361792082,207.3879615986298,224.3218758962459,231.97310930485463,251.81093756853014,266.3651582195663,cotton
394.1567866651268,425.1826874634081,455.30956840187287,472.90603927936996,515.6171606065251,519.7687275752975,cotton
117.20356717674241,104.27556034673907,102.14158407414395,72.56845251889222,68.16588364353595,78.76039749156422,denim
196.5049054964583,209.76511282074446,237.88139430459316,237.6504297774455,255.6467180730256,274.23304957341384,cotton
77.00486414154464,70.69734229033934,59.28029524110226,72.40656683907655,40.284304734399214,47.42100805336235,denim
593.7493019716759,693.5139327693332,727.7900319911257,651.5623324806953,698.3034904717322,776.2241825243111,polyester
652.6704947291921,784.1569478596617,707.2861842250301,808.893037813411,838.9251561626479,930.0425035019343,polyester
71.89106748777787,79.4617620741044,60.96336926160277,76.59462137696536,56.67074274254932,54.939758842558945,denim
797.7875418134557,846.5508171606109,861.826930039527,809.9848174796074,956.4763104630273,883.4635383787673,polyester
68.67543248364908,71.17212761640155,51.045634302688065,37.793275686193525,42.849678441646724,40.8043269342567,denim
622.7846493888297,717.2451669084135,811.0943322141369,848.3253049909575,911.6901301025023,788.9063395824317,polyester
190.37923901258912,214.57634707522678,230.0831350028965,242.306152359296,258.7583792270657,272.82341880831467,cotton
186.19255046176153,196.3630883267643,219.99818153429777,219.08319926101805,241.26407137879931,251.3532656842815,cotton
360.6651554071509,397.42779091533095,429.2765069568933,446.0392643531384,473.97441342859975,488.1665658168652,cotton
369.5618528223272,409.5982799100758,437.2944117864018,465.2644375037207,496.1456365770312,514.4807819436329,cotton
397.47105651205,418.1881693548061,463.9083009255759,488.11797877784386,503.5538531954977,542.8651450339191,cotton
375.75347732464957,395.2356037143111,428.7839847961505,461.2388768308931,481.10886764218,513.8803900267731,cotton
395.6288895030324,429.02836579221116,454.2860136794444,476.75841757682264,506.07954522725674,533.918243302288,cotton
191.08380520459232,206.32363628813707,232.6628277976401,229.6804904021027,256.63265117196005,268.47897882973996,cotton
375.79217770749744,405.9302200110958,435.4003901913607,459.5611567842617,488.4003317870842,496.02452620466596,cotton
189.5168781764206,203.75031566175855,223.06907630290883,233.10244795284845,248.3780631374994,269.97399126144614,cotton
89.93301457829463,59.44256797677542,73.63452528783293,62.34183636064597,47.45610274808633,45.86557351829872,denim
836.1610041589313,847.5714315625258,859.8889817721488,980.308566826882,976.909342562104,985.9697608924228,polyester
706.5900603213554,703.1304370052177,843.893915921816,804.397145322158,799.5189923975183,946.5257977384574,polyester
698.6657691691191,766.4246717979397,796.8066685941996,821.1601436260755,946.1191529445592,976.4048449699117,polyester
111.61106267718387,120.11558902596401,97.88587330179976,86.90758913072285,76.36916313369235,64.28064352289447,denim
379.8755041109248,399.8388140046297,444.25123213168365,468.5640527385567,492.8937771020177,509.87714853758496,cotton
867.894082040149,901.1078965937658,922.8238122907745,896.5183009433887,1000.0,1000.0,polyester
356.7957521855938,398.3658451051156,425.5079242941235,448.5903148777977,475.34289876182385,491.3316828603362,cotton
184.52041716626314,195.5268003527762,223.03528137903442,230.4562054023739,237.93193836296786,259.81140016062847,cotton
390.1117376889733,407.0125723767343,454.91502367544535,474.6948930573068,495.1482735038959,520.7363521038488,cotton
199.97914529658067,212.84403122371364,241.68863796070852,251.53541101319647,258.14878665491955,278.28375788126993,cotton
109.1812855182805,119.9564868771611,101.19422171120866,87.48926975045603,79.58997718685612,73.52238595874829,denim
66.43431491367824,76.94268569480417,60.57663636295759,55.41922425391971,40.819753196125745,58.054783791949674,denim
501.8991536158994,596.7345176243971,597.0054452489524,626.5559045151923,688.648010483908,672.1827100166897,polyester
179.2537265515066,191.83490346428025,215.93528085806756,223.06012377066483,237.05239277615212,251.31556501015453,cotton
199.8230701258074,212.31980494347698,234.59044633811766,248.7290555690191,255.10798074492715,280.69631000970435,cotton
357.9908183972396,395.79567099618646,427.3713389760678,446.9170069422994,471.04217705791757,491.6890655846591,cotton
120.12752905150163,94.14519967676542,98.84657088449163,83.80322889671461,71.18094451867007,75.73856924333765,denim
384.0166042396875,405.71603219801324,435.10561757787565,461.8096780408067,473.1199442125758,506.0239760365642,cotton
80.69700157426877,85.60087021577301,69.82320895134382,54.38189112898191,51.42797875219564,37.51989220290092,denim
110.75786473085284,86.67124303169315,68.22582890291494,78.08787559046749,75.09822026310393,63.224018031836266,denim
63.68757406189813,69.20036122544766,63.1213802840004,57.92770920480647,54.219836946667726,47.593331752987275,denim
776.3266644360856,824.5453002715053,784.888559897084,824.6138796355291,855.2803960065493,890.9085523657874,polyester
93.44336023242526,94.1771345487801,101.06195427927392,86.2168718552021,59.625420842101505,64.5475152474921,denim
381.1763957776416,413.78133973492356,445.30881393431895,479.02272148292514,503.1647438159212,523.4856633261181,cotton
749.3455806573362,760.4006407115116,827.2987976026291,758.2498431267595,931.7922206214347,974.9238380192995,polyester
87.71383792638974,82.14107078034421,69.58791168899364,67.16821079349837,60.290106569940086,55.078690492211926,denim
390.07659944683564,411.3403051288195,459.00726558868865,480.7126358545721,505.2782669774937,527.058448742682,cotton
365.74287819646685,402.9663243454439,437.81368243236,459.0040364713958,490.67264234361573,508.53426486801965,cotton
725.2422114124038,747.2426522138043,880.0114151394972,949.6745951287369,820.6161296716666,873.3777723166525,polyester
376.99149467373496,396.583471988611,440.8503126109679,458.44403205575446,486.11086736976273,498.0769679057155,cotton
87.52144514589489,62.980213440745125,60.467274081838255,54.42376186375179,61.69626375348058,34.24676358458709,denim
103.96692033054794,86.63426464059862,85.23069230506691,51.47389188668548,50.577144657729995,42.66373087943828,denim
102.70515525133615,87.43075173295419,101.57782410404283,81.53204213832896,67.97166208533719,74.34827558808568,denim
775.7377880542078,760.8842121167207,837.1288922285031,926.9443294921125,831.8549342873716,973.4995265392824,polyester
97.31477171460718,71.25885103553524,84.04246415158475,72.72078060257351,73.89712292273515,73.06903609108086,denim
378.3220801580372,413.6848387011357,438.4692115735152,477.74609693562235,502.5308042864221,508.5925891989497,cotton
635.5835866130147,652.4662214451928,650.9962475151658,809.5922437793952,818.3482667968925,804.7289047520734,polyester
383.0940965450163,416.45610707359765,451.72521413910613,485.02869585588,508.5279061633612,529.5892132512909,cotton
712.3571975395269,653.6432476939085,807.3795016279751,754.4770040974244,783.0814283536865,915.6989384797197,polyester
118.13157198724663,99.91050038908841,94.4649717475528,77.72428921553859,80.68511353504113,57.13604321673654,denim
741.0640341695197,801.7511363485286,798.4296151505091,945.3339376603977,1000.0,977.2112404555473,polyester
176.34008588254224,192.36903355967058,204.04484267690594,225.64913782463273,243.3787441832501,246.77622940006785,cotton
378.0717059766934,396.6101378237104,427.22941472849874,458.14562363248655,488.8266759191578,496.0278585248088,cotton
593.6428235254948,647.1765709553515,632.3323726331904,713.1236970599272,767.3317427446552,687.0756769851632,polyester
369.49331210034836,401.0225987657734,444.39546773666837,463.0633784313654,488.55143624179226,506.6784358783917,cotton
188.54533380523947,202.28459399092483,229.4859688751708,231.9294126173618,248.52315735763898,261.4196803960649,cotton
383.4036969503569,415.8767657571835,448.01876149394735,465.3380756457908,490.08604828010215,514.820493876914,cotton
89.1202886343021,75.3348376038723,65.55660080001051,56.14249124049056,59.65593681954982,51.996384762779876,denim
395.14358795997884,430.49400627905374,461.2213143539406,492.2173019115226,514.7448227915756,533.3764435087195,cotton
190.1394522111754,212.5710912578448,234.19853047794078,245.7604485126311,256.0138234860189,278.07956600826606,cotton
181.6080946714386,196.51814948587645,216.4622903072223,230.02070978349138,238.4955612048131,250.25659812565587,cotton
677.4744921731545,699.9930202948469,674.9345290575897,719.810030844712,866.9361494633639,769.0234579974289,polyester
107.44940989948627,93.26722351628034,88.40348888514343,84.97207560377002,74.5346074964245,68.46290603118892,denim
706.4927583497998,741.297436537085,873.9836908916024,905.6217442134382,954.792780987956,1000.0,polyester
67.74478733511943,80.38790063648334,59.37280169812398,59.07557942536797,53.154244983944345,55.344902307152374,denim
671.2111373074579,702.2575689540336,748.9838733205094,818.9155157376657,751.5871093707291,858.2414820570467,polyester
89.9669137721242,96.26827949164624,63.64909411331341,70.48497604996398,59.97362846372293,64.57151450764685,denim
367.4968535155182,403.5590948211406,445.19297460949963,459.82879117120046,487.5215151310926,515.3581210143315,cotton
585.3352002700561,568.7314102542597,692.4996129586355,738.1437358756483,768.6945193845303,665.4769971985328,polyester
202.5478410686917,218.3770453178033,239.3415464975129,241.23975571384693,262.61172992522995,280.6359607044077,cotton
385.4427648591477,410.3324362011771,450.496851312412,484.16781522645044,511.10748486529457,519.0710685269976,cotton
888.5849163356497,847.5627338170877,863.1854951547086,900.8768119554057,974.0329728755192,1000.0,polyester
386.8610993277443,416.45844397230314,450.7453782471761,473.5753654567913,493.6523065401907,534.8071074244484,cotton
521.4695001238098,612.2548810886022,657.7293052488624,660.3099235891626,717.9570897444609,631.2573689495309,polyester
711.3850763422759,696.3512692967844,850.3401972092532,748.0454818721886,787.1893119585428,813.5881636265796,polyester
371.34891088503497,410.823898629309,440.7501860365512,475.4104107915027,492.9823905902284,518.9738155808808,cotton
529.4822549295801,617.8057415243727,590.102325091563,726.1492053723963,716.6902252953194,735.930251094083,polyester
848.4266428941409,808.5581863783478,931.0109943599349,865.6054337026808,861.2066676439271,1000.0,polyester
97.48623748710929,83.06486589265697,86.05643261810917,64.99142878339526,59.559282049143235,46.45255624601534,denim
692.288746017119,752.8873127713542,774.9514848052194,877.6883752378645,907.6928935210924,985.6724209836623,polyester
72.2437638653721,69.73035384349143,63.47091470082404,59.187661234787605,47.43355691637357,40.1206423969947,denim
643.0061934132292,723.936710691681,669.8222933872948,726.8892873193769,736.0518884589798,763.0416936707828,polyester
189.40776179600894,202.84951048566379,234.02877521459067,239.6683226737132,255.8013569754267,266.48922167430044,cotton
743.9657562209857,714.9669474111147,732.3010962662426,793.1329178765084,800.8604633037414,867.4841001866616,polyester
945.602321601765,1000.0,1000.0,994.8528275820487,1000.0,1000.0,polyester
624.086185890108,674.9120933086203,682.3178549032937,818.8271062430093,694.3878347030084,765.6762536945236,polyester
905.9932696875384,928.0014539742052,1000.0,969.8316832426643,991.6892918514691,1000.0,polyester
87.93783482892071,62.74191013265788,85.12602460115055,77.3288584063956,50.824066505041685,61.31320630527375,denim
69.71746517822484,75.29200317977553,42.5895800554859,60.46222774039918,42.67593297617241,56.13086323550348,denim
79.86217588585589,67.91626704735974,68.8352164477017,55.66272968690137,36.81051177932312,22.10318506343996,denim
97.61938681644361,82.90298401471146,88.77324924265461,62.882634151283945,50.69373753769787,48.68632069802698,denim
130.7986012154596,108.14961819273059,105.78130640552278,85.69358109039983,78.08853959337249,68.81074821149149,denim
712.9521558606262,778.370997665808,900.3758500263272,945.6597149563694,854.8573955730044,902.1586244744225,polyester
401.02224228916884,432.60652502569894,452.5665041696608,488.19697750636357,512.9221458327719,540.4563451296182,cotton
817.2470708934596,915.4493710786375,969.0868907850246,1000.0,1000.0,1000.0,polyester
103.50283760678661,81.21830978274753,65.00504990385647,58.73731778581691,51.75934143822515,59.030817175406746,denim
382.37712545570093,406.499229140682,445.73885922532025,476.692382181417,483.88111089887866,512.3504802557362,cotton
64.95768183001744,61.584044662825036,57.386915162529725,54.16368370256242,49.26724767014164,47.5311563567937,denim
489.02204384824773,568.970430442656,647.7503027370811,584.7142424345461,625.4974991286666,652.8445165892492,polyester
538.1215637729507,633.9981977520848,697.6300012026221,672.2934031625672,767.741118702053,696.0189061926287,polyester
186.45860638398904,202.94964740878143,223.70361677691466,232.59010593341276,254.64969766150423,260.04793312527426,cotton
126.96726379751742,114.48453118358637,102.3510966346314,97.51193446996218,69.32765374446693,94.05606682392391,denim
391.30331946260964,418.63447086124404,450.19929819996526,482.2278235739101,508.8608376694457,535.0405319072491,cotton
732.191301787844,794.5868580638768,732.6416983437006,902.8963655876149,944.176846784844,925.759083799624,polyester
400.2226537409395,430.245285215886,459.267758731825,485.6135242881393,520.1706214594341,545.0581518972965,cotton
193.2436002419057,201.63206510297408,227.61410739690746,233.54827871115896,256.34841562290677,268.30363694300723,cotton
559.5940381420339,610.2278541095168,727.2286492491338,720.3293364744156,738.4076732077837,716.3996641259514,polyester
586.1734584966478,579.1546254505662,620.0313817908487,735.7487819386209,690.1555061556763,652.3439131436526,polyester
800.4578659132826,957.970708846425,992.5354602902311,984.2558982187096,952.1490669847843,1000.0,polyester
124.16673866527583,116.20613665624268,93.55699373137061,88.75594520242872,61.76749844431072,79.42835219200863,denim
111.7769471114489,78.04355471241217,91.14078905402647,71.19998841057466,66.09010673142745,53.900370749290474,denim
832.2872227022424,958.7547025750927,888.2481166048448,1000.0,971.952841001214,1000.0,polyester
894.0696707194039,818.5301162096255,858.2726718748149,953.6880278514371,957.9299475894621,1000.0,polyester
360.0882314163315,401.2632394295379,425.51463151612205,449.69565071654597,471.50121458504026,488.1930069678136,cotton
699.6991167006413,636.691509843392,733.9719452247134,782.3579085247611,770.1045873588362,738.3071004861116,polyester
82.62334869437892,91.78917877336679,83.55824316325513,79.1106876698615,74.78565111535966,59.708336909798014,denim
108.74043569699371,74.70936214193904,78.57531101703165,57.29171511187759,55.20532367810756,46.12969867820596,denim
681.9708405644714,702.798379128469,747.8738953250238,814.7315676740816,838.6285699088392,806.681813741375,polyester
380.7390910083234,405.5652181402181,443.9831406607389,472.7315661451713,494.42574653418836,523.0473070238833,cotton
185.12650744124068,203.3435769507774,223.29905185936997,228.05933391062194,247.77482165661047,258.3931223875149,cotton
382.34531525355857,408.50707474665404,434.5797620506352,460.46339607517103,488.3080317668234,505.92413561509915,cotton
370.52735514664386,390.81432281794645,431.0556330035218,455.14079046128916,478.00464352924115,511.7221623160057,cotton
627.2923541860821,705.4499705308962,645.2761844686588,742.7581670538707,676.8013941848902,823.7639997486082,polyester
885.0604682930557,996.2503757835269,927.8022993360756,1000.0,1000.0,1000.0,polyester
765.6015869139833,768.7759609480497,745.264413275699,770.1102741694011,843.3880217887327,904.3464093183425,polyester
689.0041228939061,777.0678282391222,845.5001374004355,838.743014447049,865.2019658300602,890.349498017827,polyester
765.5944789881426,767.1999278390157,860.8059350653546,913.5512215544333,849.0843422859988,907.9937426771531,polyester
713.8283962632781,871.72945057352,871.0557878208899,943.5055811117007,935.527123911384,1000.0,polyester
189.81730419591634,200.7619571105653,222.5162377542638,232.70114356167636,245.7341948884757,257.7590639414052,cotton
192.10623349686517,204.24203785627498,226.41342118958886,237.4313913604769,248.3397552146644,267.6973278889495,cotton
876.8180097992055,947.5466577759903,870.0395329336259,885.2519701441724,927.5188623960237,971.1555236096185,polyester
682.2239097386521,741.0522083196189,792.0426204900582,777.7491160061621,838.8335724982338,906.323260495484,polyester
865.7628417429047,927.583738528343,956.8927763953865,952.497544872725,996.0502646002263,974.6754553503247,polyester
663.0098647454315,631.645188324188,716.4677541394849,718.1900378396849,824.1664357174062,738.0309992672338,polyester
371.25043813797765,392.7089021756068,439.55015679607527,445.81773747477405,481.62620253845523,505.87384870467156,cotton
180.45320718823018,201.11093968865367,215.0091759972033,223.26293839797617,236.17094722423286,259.1106612792154,cotton
96.17540763265066,101.89873327464373,104.23488737387854,97.50156934111816,67.5359398976837,59.87514497052332,denim
100.20756386378821,76.34348516152737,58.97703887011818,71.85261970069479,55.74487330744541,42.630576072053714,denim
188.61982148940302,205.53521619011778,234.08305670874725,239.6548801572176,247.52417646837557,268.2703022937969,cotton
576.9016891228084,717.5752550422997,658.0631913558713,775.0755466194374,798.8373911065983,784.1277580583863,polyester
817.4718432870968,992.5780268748978,977.4893476349971,932.3430667031993,969.3657072684091,1000.0,polyester
94.65479757739072,77.2442029945371,66.67132398143012,58.81373055685247,67.80486224736984,58.066297674308494,denim
111.16966892243977,108.89835421865205,115.01102933194697,93.44047108399444,73.10105407903471,77.52310101187584,denim
367.6375329871132,398.5260896708379,428.4248173324944,457.1961514493815,476.1884988736069,496.55724266088464,cotton
550.8676848880466,659.0082659245057,626.0716409369683,694.260324748988,788.2052827719245,746.091859844964,polyester
194.60079940718657,216.28674637684213,236.22066641495107,245.90528865730545,260.1887879608329,272.9298036395941,cotton
379.1336410732843,412.6504828074661,453.65040732418703,464.8592203041097,502.72444385532583,515.9380044984682,cotton
96.78930456095156,77.12131696883125,91.82364730059065,69.38293912601002,69.73455993986278,69.10580355975505,denim
181.0851756322458,193.98655914563955,214.29840230885097,228.59176787030177,233.21555025043244,244.80908633986076,cotton
82.64099342525785,61.30325446934124,67.0710932444688,67.27056648253776,58.460244057352334,46.748917399240824,denim
96.20212190474939,86.41115215692534,86.8627355111041,84.80138058073446,62.41796339466393,59.73538160428258,denim
558.9681969432991,624.7213104474274,753.2466666116403,686.1968489770983,793.3292420628321,782.0428260400984,polyester
96.36676591406086,74.52291369231607,77.08857138918819,66.5894254857097,58.190629672555076,50.268082968228875,denim
98.3881407018741,75.1948514345227,71.45613604002003,63.00369076368831,70.67305448556995,71.94827950355588,denim
800.6147528938229,811.9634663583059,899.2707127976398,996.8886925045962,1000.0,962.2243341878036,polyester
785.0431017293522,894.0087867862371,906.7541438121929,866.9486404166314,954.0573120854181,1000.0,polyester
384.2078731656136,418.04181743915404,465.71249486395243,479.9468316886269,512.4383205907011,522.7120302180293,cotton
90.82551287014533,72.31342448191798,69.15381478337844,71.69713018943987,50.93072112591967,41.57687699721116,denim
98.46060210031924,93.34611249145227,85.00936448395187,80.29361804423813,65.96410981177746,51.66149170651286,denim
189.1545510805174,210.9777843115238,226.00404047746616,236.40038054164629,255.58550451392125,266.75445430668685,cotton
625.5556391967855,727.6002569238055,690.04046195024,758.2545979913128,765.6232958090833,712.8666661324622,polyester
536.1539665960161,641.0411237144904,648.2103070490434,722.7733849941196,757.2069875420221,771.2547171432176,polyester
86.9775202555169,80.79744200462362,56.44059667263647,41.09794766390769,36.69350328034045,39.18178029475925,denim
195.65791800759743,203.18393198607004,228.49662400170078,238.45282151487282,248.99907844029605,270.51293637615396,cotton
179.13085209627903,197.76636358435366,215.9953245939989,227.33341341834858,242.3228651240464,256.6299732412752,cotton
111.16674853500773,88.89492136252453,109.33482860523277,88.16340463121577,78.14192849778783,51.69679861629976,denim
195.796507380628,216.34714553785213,231.0464080093668,238.55716080522234,252.78967035222908,273.455222526299,cotton
81.33277370790219,73.53966545859332,74.51534399028914,62.971018020289776,59.12136044507943,62.73140160054166,denim
643.1859844970305,622.4786360796705,581.2816536620224,742.8602478002109,683.9272244236046,725.6221261116899,polyester
382.01640446596656,409.3162797024843,442.83808934556436,472.6109079279633,493.3035611011911,528.3453522658218,cotton
192.7294334007595,207.61000961587175,231.9071475571127,244.25162173673047,262.1790763434329,278.79190449810017,cotton
198.5473974619445,209.66230346254977,227.75540544060044,244.4024033147102,254.74261658612292,268.37680003029897,cotton
102.91023895808102,74.42022469661663,79.60502893339266,79.62452375381079,59.53204341902365,50.268497427034745,denim
184.01009152851978,206.54558828305315,218.01458337209107,230.69761792936097,247.10665251225774,265.58681448308937,cotton
195.85211072412937,214.98591300696316,228.04401461832336,238.99616820128892,259.2821577419604,269.58125819032335,cotton
964.4078620477007,1000.0,1000.0,1000.0,998.1635499284173,1000.0,polyester
391.8607886494215,435.50918159010575,469.3949986681586,480.9118074293598,505.88021646541847,534.7282018620273,cotton
585.408318983305,616.6380972311538,753.6671524718197,756.221027620545,714.5253479339094,825.0776705560023,polyester
184.60370952871068,200.81966468443972,216.01957125091013,228.18267313546,242.73217380814364,259.1271277885619,cotton
117.30931770236121,109.04069105507146,82.89866988193353,83.0050009279584,82.91883735690554,75.54917250712721,denim
74.08923964807164,77.42532142011738,67.31893678924045,68.74710485389097,55.95782779712523,43.72357873808203,denim
354.7894399895958,388.2063458088493,427.7618718966682,451.9901476098505,466.1602632441157,500.3391687866268,cotton
529.4008287652994,569.1236615841771,567.8127871181448,596.5871258206739,659.535007190353,673.2022872441662,polyester
587.0699574571613,642.8031004174921,603.8409464449244,676.6745969428622,646.6765521034173,756.8142546469778,polyester
98.35207276771247,70.3048744521878,82.47013421496142,69.12225410788054,60.197317287703676,60.97125722587571,denim
886.8070777610543,784.8289552872451,967.0619839141882,903.2870519047115,1000.0,1000.0,polyester
106.07584110148316,86.57529993235067,80.81918758951079,71.19824194631646,67.01610803867051,70.30601361360243,denim
391.0173140645474,420.682145388938,468.02155354009733,492.3031280352256,512.0706989820197,536.9812803922375,cotton
189.2110477832005,207.45116734638313,228.099277558528,238.45335036909688,254.33562971599846,273.54701822769516,cotton
88.78873895132274,64.29713317225658,62.34789887481884,61.975093212563024,54.45046420781495,64.85186830343918,denim
810.0214731767715,848.1886168698102,757.5364331748164,778.8880557875475,848.3858590032278,1000.0,polyester
939.1846620373711,878.8697371810374,981.1166355969615,1000.0,1000.0,1000.0,polyester
96.1108270743537,96.18159154071867,87.25798561337878,71.57567008084202,78.3048737602302,66.28585167258242,denim
578.5182915551192,591.6880983326588,615.7034617168913,651.2034740943611,774.9593897160325,691.9666898560235,polyester
184.88719894317805,202.48197054720268,223.8219321986214,228.36298651878275,247.67994125855304,259.5911316456657,cotton
378.50863256730474,405.4669251852691,438.55514367024483,458.23798660306454,490.82374274612187,513.5785950547092,cotton
634.0786551152768,614.3612254383349,727.6158575230844,767.7043101099268,740.6021641374899,839.749333318557,polyester
91.07620763095598,79.94694008721412,68.65008503825419,69.37389511193336,62.3253705185717,39.20728565072567,denim
601.3953089646916,560.6897876084685,606.7483350628605,666.6905415949983,711.8377104869487,677.1645935522371,polyester
184.94088084190474,197.44688174010122,214.51453535938595,229.2888183089383,251.19474184015903,259.3291474287287,cotton
183.66912362208063,202.4339449830556,220.27272708932404,224.1464490753643,244.27208407481373,251.1003936789762,cotton
544.246687361958,548.8418615468571,661.504704971362,686.0587881618359,691.810672281872,750.2381956787515,polyester
851.3639512323495,924.0922430018445,910.8934895289201,1000.0,1000.0,1000.0,polyester
406.97359049447743,426.1429517972251,475.13123723742774,489.6479734515577,519.2402794019908,542.0292122979699,cotton
788.7601108214279,774.1617505206852,910.674761111543,874.6618909842073,864.6029939097006,986.8587176614632,polyester
111.76697397835565,98.68484020865193,96.0602152814892,71.30818479156132,65.54835739154846,67.11862019463622,denim
72.44451762279925,76.53191825455826,69.81458940704792,59.62333500972653,43.87081108349945,46.105494760652164,denim
812.261973040937,914.8490491423481,886.3125260007739,956.4970884814982,1000.0,985.3404381094186,polyester
768.9544075433931,753.4789234399836,808.9416789537254,781.5680307536371,872.1200911078205,924.773165623699,polyester
676.314135424848,855.2075807942916,760.4080430163036,818.1636293116949,829.898138166784,891.4550393449681,polyester
196.388037755773,215.28618323544802,234.22479258006595,249.6814002557654,258.30005309090143,276.19616249706354,cotton
88.90640532993628,67.28603108415089,71.03751733295564,70.00330582696711,57.583222708437056,49.954713432650465,denim
79.30327244040501,66.589658079779,49.552968011924364,60.48062060364348,57.75230994650929,45.91543656627571,denim
403.20707637816395,431.30224961701316,459.88813386385755,485.4856922674793,529.6199356127117,541.9989060069648,cotton
395.7604700718034,431.39560021994095,457.76710210490273,494.97910729022567,503.5355962594926,542.1726949084974,cotton
185.8226922807818,199.83479031168412,220.1183774347489,233.63908184282383,255.47400001923367,262.6215035007914,cotton
78.7414506023712,55.032847191716634,60.67406088822298,50.7875800126795,53.077916583996554,58.18387057178133,denim
711.3308260920767,689.8920554770189,848.2984591409606,842.4480155425608,873.18749147133,965.6204767566019,polyester
867.2154846158146,849.3786072722737,831.6207749026839,920.1736910394724,1000.0,945.029118539143,polyester
640.3937729512804,541.8394656529941,644.8873735254634,654.6535365814058,690.3361150129938,732.3778728350464,polyester
89.30464982587154,86.7182445787935,82.17984791359999,77.00654199294529,55.611142128567906,56.7690327152165,denim
661.1301158129232,731.6322287610651,832.4128296107475,789.1920332607338,789.4483727287745,898.8580708155632,polyester
696.8917456856159,878.02732231217,763.3276770002082,814.769654167617,904.3073087408065,1000.0,polyester
108.7219757759909,80.27783773775901,98.49594399746262,61.13443632353699,74.88073548618397,58.702527830536425,denim
705.6733133659535,685.3906732285373,771.7008492594532,740.3419313754482,773.2376306624757,915.4962619579428,polyester
95.05651713599781,98.51232637720047,83.83844057603521,82.45601814570719,61.55931697410582,55.351884451190664,denim
674.1652891956048,659.0194303826714,767.2661658312874,767.5145858446102,752.7440641895935,796.6245666254093,polyester
73.90900962303787,60.43874684504354,55.240240460826044,59.51300445030329,73.23286239012147,47.89803640643836,denim
197.42972775343577,209.92902902094764,236.57572047639744,241.37461524748102,262.942956390636,281.93561923904593,cotton
355.4408593289703,394.15673415724336,422.15205424540386,448.4735313321365,469.46615627163965,499.05555287126435,cotton
101.66940776023488,89.00426294267453,62.37925928139874,60.89860259429277,68.89637884170392,34.02155094003264,denim
80.63282271302667,54.00192846666232,48.41384880506848,52.06945273488144,32.74676769471993,52.4629984679272,denim
185.6746972897935,203.56001910073414,216.97657750647684,232.50554271986394,245.78557928642255,258.5830370936585,cotton
553.4940225205719,641.893831179726,632.35337931528,630.5270202007335,671.0345708058262,741.7181978356953,polyester
77.03727164237313,74.27737789621904,58.40446491521528,67.69715502130288,61.11063489764229,44.045826913776345,denim
197.34792026618996,212.64712611701202,235.533898377109,243.40127317592484,259.4346959306136,274.39778975812635,cotton
788.5670584164966,895.9631000851566,977.3998600210406,1000.0,1000.0,1000.0,polyester
712.9091883976678,737.9846105547465,780.462215564686,874.751747895752,860.7771832320201,916.5802108587993,polyester
106.85055951207555,87.04171159523936,80.31859639867342,57.83478380284696,65.16682517771358,50.11274414244593,denim
190.50193003630082,206.2607138217807,226.38635271241824,237.07890410973357,247.42670977307552,268.68278079317804,cotton
548.7547277146735,570.5753488593183,705.6926838365342,739.5563967468904,727.3520940925866,793.5217790458394,polyester
85.57701875863734,75.14670043337472,69.72770193568542,65.19314487823574,57.62197610565206,47.89596502551577,denim
195.16971824658458,207.3506001733264,223.34013986205485,242.042059092877,252.55196181371588,264.0276967682667,cotton
96.96702702806297,105.62509626001103,81.31299213603147,78.85905040659948,71.60900705496779,59.98263597576147,denim
603.6742767472492,597.3079226200281,680.9495118129962,754.7719197172574,781.6762593135742,720.1074549702099,polyester
182.9988125458559,199.43543988723354,219.93731368773123,227.80274111292525,249.4008992201013,255.56397088899485,cotton
598.4450362738021,614.0228167886515,686.4243246157706,753.1467602133993,759.3041137706226,720.6802637657065,polyester
186.23418476214906,194.19445588110682,220.27742193642493,226.07527759503625,239.7747521244002,252.4941504336514,cotton
110.92932216203968,98.18091751540763,77.39135095946395,81.48504485114772,60.24105978847861,62.04741531131256,denim
388.6876933392052,419.7366550747356,441.59737558467987,476.5770308797871,492.737433290307,514.3322192004443,cotton
197.40570753906417,211.93425811452892,233.97705907656393,245.63679692939417,260.3930034565819,272.875490722674,cotton
85.33550677379748,79.59878830615915,62.696741523072575,62.19014275534046,59.0590016515146,35.5253827698291,denim
181.85157979365502,195.09822960505377,215.01336903199544,227.19728002959758,238.10607629229509,255.34534344306334,cotton
181.4156889791233,194.57352902917597,220.34129200474706,227.9558072822416,243.42617604477897,257.93048446561005,cotton
578.0577022741156,643.8409344867865,692.5438894985012,696.8364126278756,709.2450173835621,726.5227705931596,polyester
106.66905708346658,102.33199221827651,62.265922637866595,88.51374903956872,68.78831701959682,62.86109031453802,denim
96.16200112553268,84.631924158693,70.50378541877674,59.399966764662835,54.380105595333845,54.94597919837384,denim
370.4728836922387,399.87785615805166,433.0969289273627,458.27803165139426,483.96090239784104,490.7776267551334,cotton
198.63023948487157,209.42679009186867,230.16803560729176,245.3714671631379,262.27678791636095,274.78752255109146,cotton
732.8574494263753,702.5920086407078,797.3554877006171,851.3196661127483,897.0387729050223,920.2356069307937,polyester
123.27713785091258,106.89682740314947,82.37345214568207,72.17451764700276,81.44211612638001,63.81707269395015,denim
126.06237366655587,92.91675911061007,94.99153263423287,77.53247948818012,87.55739589583634,59.466692185032144,denim
364.12457106476495,396.7178256039295,427.84843290514857,456.69636915488275,486.78067962234496,506.3687363745431,cotton
78.25759478544907,83.64585452759007,70.2765657848571,51.729913394949456,55.86834504722971,50.600381914466425,denim
73.95495268177602,52.81064544087429,33.509499318444355,55.778507503618776,63.52913600522929,35.119233618897496,denim
566.5201824345683,649.8445793675307,641.514829156108,673.5429626121365,622.1809788869059,644.0131426818175,polyester
777.996625772219,847.122321295299,874.7212318457223,826.2719985220103,887.8810546915583,1000.0,polyester
180.93120295119226,198.56812257534753,218.8102269686881,223.97481837411186,242.20952611349335,259.6884549180805,cotton
806.7557971044595,943.7260199653988,976.2366318948151,1000.0,923.9025169047504,1000.0,polyester
795.0292135320141,815.3100271521303,1000.0,958.1008610819823,993.065355090765,1000.0,polyester
186.0219536499319,207.4344735916284,220.0765487333917,236.5374388449489,249.57007363845366,270.06917466755675,cotton
200.66910975747186,217.83033152370447,237.81109572119,243.89963366062523,261.2798487680444,280.64731989809917,cotton
368.2893330069669,401.30624017856337,436.28336063170593,458.8990846818989,480.3997926858917,496.29774526174407,cotton
103.15706976575282,81.11415275416132,79.91231068202704,81.8996644360174,59.52396062382908,54.531445308918094,denim
387.7091654633796,416.5027888668309,450.15245470285674,479.25536897375974,509.13549369337335,514.4415552548662,cotton
79.86876064577267,88.64075826698216,82.78470683968008,56.30872587257729,61.87809804370482,46.15782906696432,denim
63.638033840542576,58.84813425647157,56.37357564736417,57.33014204405461,47.49412121938693,27.988358455871644,denim
84.61469836910076,75.60277921806306,73.83777611652461,68.62536772058859,64.52029155633728,54.7251488330266,denim
100.13524652525798,92.30200743306648,81.60768825495038,76.49542025397737,61.07586026742827,56.369812004619085,denim
93.91002394009702,82.61267721929494,59.98116116441771,52.28748465595353,71.44163587403177,47.141665098177086,denim
696.246516718794,825.0325384631212,923.7160417867187,844.8779763988045,881.8671881353282,1000.0,polyester
871.7612602455761,964.7088788245795,904.0883753060141,1000.0,936.0521396762986,1000.0,polyester
393.0273756794299,429.451476398075,459.8270660860356,476.57115191300426,518.5033644292345,542.1078734280878,cotton
371.9769363968424,395.2115996217108,441.1651067932715,456.7916603281682,487.775069551728,503.490043898448,cotton
851.0270507354738,841.6023557940458,951.0867789522899,947.3207574455656,896.9346782660773,977.510994876686,polyester
104.40867550266044,95.9711886066353,97.54710134855189,86.5559613845395,66.39046329443211,74.24006299911562,denim
104.01991590167023,108.77018108840471,92.659542965044,80.26366876786481,83.1613012367832,63.74919803169069,denim
831.1895469480538,750.7684156885434,834.7536980257427,942.4728611671447,936.4443892731488,919.2243265908091,polyester
739.5561798382597,843.2480210021389,784.9594580526967,925.5567407802705,869.100504040511,963.550865752363,polyester
198.58856465372145,218.2662264599832,234.82934173487507,244.84808524646363,256.533368741428,277.8146934877891,cotton
632.9387258864095,697.6781684812748,823.570635785753,765.2500124866268,855.4799689595536,908.5158334780747,polyester
192.06787543880486,203.93289554910734,230.93213360864246,230.27963065028194,257.3116644590601,267.31974861647814,cotton
573.9684465847106,668.9873617851723,690.5274453490911,756.3408126052407,781.2517205302496,873.6984133907283,polyester
118.76489588586311,117.4360002890935,93.28858262939094,101.58906291349871,57.66794125655527,73.73438488497396,denim
871.0435091104677,973.8996276920446,1000.0,963.4473059346512,1000.0,1000.0,polyester
188.69606889862996,199.8440730540458,223.4913515464601,225.76503259907716,240.04221256919345,261.2308606343243,cotton
89.85191258016903,81.69844507784997,75.00767140009646,67.65238220425765,62.12054177223107,53.159831026891354,denim
117.80639450223656,88.59227902678055,96.43107183384498,88.40988721334935,49.98689722593471,68.20848289824882,denim
395.3394349113982,413.0056903508585,450.0323616872941,486.3845160284544,507.4413363798318,532.4068994834759,cotton
193.57089411419125,209.10009613525767,227.16366652588974,240.29802283329724,256.326437811289,264.6523845392232,cotton
106.60769602074048,100.3152703633653,90.97018672522921,49.30271304747376,65.52488359700624,71.13636978049004,denim
718.8897065459977,803.9601458440301,868.2493894958942,958.6678916698193,1000.0,1000.0,polyester
400.82514132804806,420.90258855427084,466.94891479444703,475.0727605261695,503.3574533276592,537.7067775174102,cotton
399.1274566464105,434.9309334699577,471.05734755821334,496.050681284684,532.9269145723035,538.8533742737611,cotton
125.3182375235,113.2549157939426,94.34551407340332,95.05638692761967,70.3451965212661,76.88528798835937,denim
124.93038941998776,84.56069630248278,86.3569742643718,69.18288389494766,43.31350001451,58.634603472255186,denim
86.83575456262227,84.95901718460081,77.52637972319224,73.95895831436326,67.17238129002295,53.08854013849412,denim
183.94473180228437,202.6786541057908,219.88872658374547,227.5365149740842,238.57430176872117,260.183907602783,cotton
726.8703996893777,743.1596370100814,883.0911368234857,859.9276229563434,852.5706427169347,1000.0,polyester
200.27527076019902,214.07326821772426,237.62620073375882,244.6938780240512,255.90418112541875,280.2928476007219,cotton
180.57857039202077,197.93592034388303,218.9174148832948,232.7344834480379,244.15309600289413,253.0257728121547,cotton
689.5751884785196,762.9222216820752,751.0853388137987,763.3727497274849,891.0108170009264,931.0989018297793,polyester
517.0529736339238,526.801986904204,567.4139842276902,635.9408200612218,641.0598189773834,665.6743899163125,polyester
841.4373430527259,922.340935919524,996.3149485050917,1000.0,1000.0,977.6545333212761,polyester
89.23668268332493,79.27979446892387,80.61154544522259,77.76212370758694,67.06379248975348,58.77068214813886,denim
580.6282836525407,552.0652565573896,638.3582020382248,582.5322846551559,623.1783536206942,637.4901553394287,polyester
89.4435499271934,97.74389930527244,83.3609121185955,90.0402428216872,68.40801444507234,42.8184722843333,denim
693.7953343443015,742.8322124794307,769.5072207499484,683.7600063342628,802.0122724790164,847.7901657071167,polyester
367.36354202026075,407.0722512840764,434.4601830459225,470.36140518549996,493.5492304051171,512.5670224311338,cotton
185.36143806719207,195.4387949551321,217.59536468877639,229.05957779133544,239.30707391955,256.5905069439317,cotton
183.11346197714187,195.84603051567117,221.30246949283932,232.9091915008306,237.76930870318586,256.74253495386756,cotton
729.5059830845283,669.3238010255792,674.0086430572869,800.7843640863485,766.8330371689431,809.5287831136576,polyester
778.797322797128,919.3356334293785,878.563837176422,868.2771168324326,1000.0,1000.0,polyester
87.49852688293258,66.35350405741565,60.56657867628843,75.70231100332477,61.97665092358614,56.443361097534925,denim
370.1709880639605,399.2438592720202,425.20126001401064,457.59723160379093,476.840832169624,501.39024571328184,cotton
368.01782131074714,408.5189773518478,436.6860323827776,465.56383353516674,490.2528457269937,495.7672465603674,cotton
603.4729156513272,635.4842961118468,806.5143249453306,703.1204168577941,872.559503159329,771.0577267515059,polyester
865.45806040626,825.4677532359175,927.3662209696829,915.5730760383947,878.8792197734717,905.1034943053353,polyester
78.50312294861455,57.88197058764578,74.88469141896785,47.66619525250152,44.27464671238248,41.370847175085544,denim
585.5169455026074,601.5549612057997,555.8236294876336,613.8257741899846,672.1581297222897,635.8900278831572,polyester
80.32821304967649,74.13040453590197,52.80626785975889,61.27766877735828,43.7298610785157,43.14977998536804,denim
105.46471766589207,89.05991723159725,87.49575537166253,86.90463815493197,70.88572031950794,54.41329176274402,denim
119.3538947632951,107.13939192668167,98.52042708135286,78.14359655187819,67.83534482830584,73.44492232566775,denim
101.30452815163883,78.86179778778076,81.1878392288099,70.47462265148282,53.37744591294706,51.55380462368049,denim
366.64076796464275,391.17601400518555,428.03372286887105,443.07701145508184,471.43458226078786,487.66311487073943,cotton
93.94104070955532,67.0626645559498,63.67713780966129,55.57381946483886,52.51445806503667,45.10299222037683,denim
887.7563456743384,834.8221497890162,976.4438253410907,943.2796810156951,1000.0,1000.0,polyester
91.59567149066743,60.375035669118965,67.02539486939808,59.78717841627563,43.87871966753412,59.77033689776943,denim
94.95982427673904,89.54859604264341,87.94235806847006,77.49153289772076,69.6953703785958,60.49059034750694,denim
198.35660963442797,217.4127884241426,234.79820937535254,239.75076245322106,258.66851892677727,271.5050462277545,cotton
80.64515614547284,59.93551058325619,60.70399502479991,57.20844007874622,47.7533313674273,58.80998426479798,denim
197.01628801391217,213.3065735460483,240.66987047176534,250.31405979525007,259.9306326391279,275.72422594694007,cotton
908.8493270588326,904.3860349385457,878.557267982762,882.1801636510563,951.7144498001901,1000.0,polyester
370.5416772279627,398.81516059132,440.1819174644614,465.31014913903147,485.46457038210536,504.59062273775726,cotton
783.2544128295339,891.4908690948066,1000.0,1000.0,946.4324579243362,1000.0,polyester
939.0415245139645,929.1200486126688,997.2336665111984,913.6890618252075,1000.0,1000.0,polyester
827.7314923101904,909.1579809078747,899.2959018547045,983.435783084435,958.8742362207269,949.3448619374436,polyester
184.81337799809427,202.53469402198024,218.83250008441007,232.5803687978178,245.47253669001054,255.219414293864,cotton
83.47791947653421,97.72297602647252,79.02360534628426,70.65438791690451,65.30704171701352,66.78069876600077,denim
828.9983628010282,785.4139604110503,856.4912397121805,794.6495450186051,849.6150803387867,951.1542676580882,polyester
78.35514287202191,77.17230126931348,61.018171577286935,48.595928636465125,58.88433530515573,47.649327263768505,denim
90.46770380004892,99.04855346968388,76.17471026300413,72.80384152310354,70.00004087070477,62.16046241319233,denim
115.35389153098178,105.39980048980978,93.15797020570464,67.15988064529142,69.5897722549882,60.2814715695382,denim
611.0069106053563,598.1031997558207,687.64642625263,743.3903648151522,671.8027182406604,762.9717086189421,polyester
660.3564668955385,758.165251537229,737.7704767994494,764.8609833585342,709.5793301285032,872.4069709019286,polyester
391.43478046369825,413.92359738079153,456.62432637692893,487.5182719516634,520.2047285415085,539.3445865538165,cotton
78.81025674671687,75.11895330292532,59.156240311581996,41.78481193724838,44.41993665575613,37.78729439133863,denim
625.1761104498268,588.0383494546923,632.1240314727328,737.3148696741054,765.0871730160038,815.3957404474429,polyester
627.949774566123,760.8566859661177,721.1928054492939,836.9818875503911,836.9229994687445,816.6774584346161,polyester
82.4007321211773,94.6203190956754,61.407134989285865,52.25644978392973,53.656119524941985,43.23379383548424,denim
372.40031829974333,405.50755604160594,439.7334144789578,463.57939650414284,478.6555569870254,511.9202404459999,cotton
611.6846641334768,778.9765800859477,761.5644705256169,817.2904836632631,766.391022107022,895.990383539471,polyester
370.3249603442986,408.6216198999948,432.5667488135041,466.6382849266448,478.39523381141,510.31538141324967,cotton
98.13117147211433,83.9431994250552,58.565687056576294,74.58960780735555,48.58363004254759,66.29366896057756,denim
390.78008459469135,421.2760530097076,455.65528107734195,473.76545755131133,512.8834686785395,518.9888887679274,cotton
693.1349369440959,744.2939786269745,881.532656324871,900.7579247997677,896.482634705366,885.1459140191226,polyester
93.65069605456856,99.66262872417832,75.03165621935042,66.37805687668023,50.82267034151887,67.65519034463554,denim
702.876973920165,894.7792163098344,821.1695014643816,842.9587998886007,885.6875498425499,912.9833248048088,polyester
177.57566282395396,201.1585222185417,212.76423805538695,229.99109052661598,241.93767065360836,254.05841843972786,cotton
800.9921633871809,853.7681401800671,1000.0,979.2932263254615,1000.0,1000.0,polyester
96.52345118797169,88.12075608099734,76.40677190850835,80.43316490395598,70.6767776701437,75.76071743396406,denim
756.5728651327687,734.2165561195567,752.4217550020884,826.703131626224,812.0225040357576,824.5164936577564,polyester
79.77137106674765,89.11528106867367,63.75269050236711,77.16337401455593,66.02401806003749,52.62866137047562,denim
541.5708307684346,624.6631046297732,670.8817952187501,622.7444038951783,752.748105375538,711.988430491975,polyester
372.8059134147666,408.09870021672924,436.7165318305797,458.6160581541476,493.9390766004389,510.15902542816985,cotton
378.3220823209473,409.04763309821266,442.5875743742253,452.31258435395904,493.2101946411401,503.984170636624,cotton
797.8801544829657,836.5844160782067,803.273700545671,966.8463505515954,946.5950302440139,999.057513277138,polyester
381.8776273090948,403.9061057823298,438.7462242396293,467.4075473044696,481.7620988744658,518.8255088380865,cotton
847.8642335374129,876.7473915890234,879.2036089254514,1000.0,938.9665534098051,1000.0,polyester
493.45662084590674,626.5492089437764,587.6271047866096,699.1772363843392,724.1821172793466,743.3370125951037,polyester
112.01056556249867,112.33280591671794,79.92594417012508,92.84950105095088,74.00107929872384,70.65159826033616,denim
115.64684209210546,101.82297312846607,81.78815530375019,90.12877121297815,53.6547603984959,59.45019484484391,denim
395.02671313972775,432.39964103499625,467.102047408935,500.179861355931,514.5635116983683,543.5405506181858,cotton
195.36517125558697,214.46086661750886,232.21782916216475,246.9743721555309,262.8461983525011,277.57456191970476,cotton
185.4573363997221,199.51788423631604,223.44828952169144,229.5149637631654,245.2039838835847,260.18524829479503,cotton
754.0772539417724,734.3082914582104,733.3326199001477,851.1991022794175,933.2686069782078,994.0567231761966,polyester
107.23967984009101,84.40567566461637,88.21352721476512,72.11410482305095,57.37565730788182,45.712748951883476,denim
82.62939787600723,72.59760029180933,88.65284642589361,65.76421609446103,58.563285242909416,61.63767095445847,denim
97.85908234476862,99.28631887392973,106.87150498597751,81.26827116338761,62.41442769871521,63.46031089917387,denim
123.50628963167807,103.2706566759059,94.80925501744534,91.3198764653053,75.22035714536061,59.57849332580128,denim
621.8946944779839,622.71086587926,659.3867340950886,656.5750978423481,712.9012016228554,783.3079330572647,polyester
382.16038376128245,406.99040979421665,449.8488889317854,456.58288353643167,491.03003394802903,518.1676096684139,cotton
708.3375390202857,741.0991397291579,781.7303743314153,889.2379007109278,853.6547224012636,837.0866711999975,polyester
195.96802273879769,210.55351796043078,219.7106553249815,233.63640999390117,255.19536897174765,270.3522311769446,cotton
189.18855347874685,203.18469018788866,225.42757121417682,230.41786938145853,248.90983961384964,262.3310043884063,cotton
101.53003607892349,121.19918417203692,82.33632666023581,80.73900806997096,66.69668794096403,60.23806722366988,denim
126.55453574353261,107.03244868842096,83.3262463640125,98.47014108887663,74.50070071449726,51.138037881326156,denim
591.6667271615618,585.4215070396376,686.3019916870803,665.9929672086541,704.3653929851309,714.5128102355858,polyester
112.73601780265888,106.26361394197926,84.59626970035443,90.68732016717031,88.01410984567808,80.66649952850202,denim
377.17337151593864,404.2425298119588,433.3116685500033,458.3260550418399,481.2453659841909,518.5850067644734,cotton
392.9331548244021,426.23847982932597,459.9816085113086,503.9375706323617,523.7667666386269,537.0435264041752,cotton
185.09885056525354,197.97122226900984,222.47321298682917,226.49014091675986,242.5324366241723,261.43114353731744,cotton
93.40895371889371,90.91980161903764,78.933121856411,72.96618843125574,65.84239920594634,55.873677092132525,denim
760.9684482742152,751.3766373880343,959.9966033321496,825.4408733430278,998.5912286962568,927.423171239501,polyester
356.3988355499551,391.4395043920085,420.9483359221285,445.3224595943258,465.51351755139206,502.3752431182967,cotton
198.86657450574157,212.82731180661548,237.88253422295745,245.99126610876087,268.22589818149504,279.7846461169692,cotton
196.80335101304388,214.46843877867983,231.0142631644967,244.59247132573904,257.184766441868,273.99777760674374,cotton
868.4324402905185,842.6248286918726,855.9597966847042,937.1226647639265,1000.0,907.7493676508384,polyester
850.6625439227457,849.1882150409607,818.7364336862126,1000.0,1000.0,945.2130586700422,polyester
389.87544116810255,424.56905401325184,463.5721615495361,488.96182119144345,511.45128136741295,545.0510843188162,cotton
557.1474145340401,570.4717608322696,621.5122481242964,666.5164654205834,649.9426519950761,695.8840891990449,polyester
616.0655538226808,564.5823829018525,652.6011161016878,629.4142280177866,671.5356019624497,685.6974233281961,polyester
587.0852839302466,541.4675713725181,575.3465230703729,600.3290240269769,616.0787357426774,746.5354926483041,polyester
86.42167026178717,76.30425037489816,52.37312845587483,59.5885993689859,43.186309724166016,59.53233773400699,denim
400.12815933590576,430.0373724785616,460.8908639819378,500.63200004502914,515.8779351273095,537.6777769380928,cotton
379.32252618794,414.36927609648507,456.61878136393454,487.0158026824129,505.90602138874385,531.0624318606692,cotton
94.25774692887873,94.10363655731518,83.43729016430812,73.63654425550521,74.95664724909422,49.739406675020234,denim
764.015595065105,757.1554555029297,742.4160455698018,763.2610980529381,878.4491705639834,804.9363469235105,polyester
793.4850870165279,754.1981778235789,850.6233518178155,899.8314966242282,948.8697750090162,1000.0,polyester
743.5455512393277,741.7038513958486,788.5243335623114,931.6117772488948,864.8920260263476,1000.0,polyester
181.70425325085603,205.09218876034444,221.98803119278563,235.5323923931385,246.97999288770535,264.02370970462806,cotton
537.6065844695046,643.0033737255578,601.9414331432379,635.4945643219966,633.4415311351015,778.1386023498842,polyester
196.01261221366335,204.5183024919284,229.60169627848205,231.1940987957806,249.53664358006614,268.59068879071265,cotton
194.95890558095562,217.60786854544662,234.3617772522438,249.36327834254533,258.12327957138103,276.7094391906261,cotton
194.64911630364597,204.2031853130134,219.30795540901363,232.80631184350628,246.73426959217218,262.95346016586825,cotton
82.88595265374389,93.46752257130031,64.80221496235008,58.6909765615109,59.73196818455786,50.865778152137025,denim
623.8257705908278,612.8137076590239,629.2068642102548,777.253144347328,763.3818386642874,779.9948884079355,polyester
188.26424899021552,204.02473605493114,216.08019842350973,230.8348070640572,244.51450418237127,262.124809723637,cotton
583.353785225785,605.3373903955768,696.5957338249757,621.3211916517854,731.5866756428034,737.9392194377592,polyester
123.00265849690071,101.38640051458363,89.29164422956163,86.77005658512758,81.9740278750081,72.22187839700679,denim
76.12526088006402,51.162122552560746,67.12159889497914,62.03621829043166,57.345349483236575,43.251664495942464,denim
372.73909876671325,407.83912271171243,440.42645166081525,473.293725898988,486.2940103683606,532.0362577610498,cotton
378.4059395428219,407.7750025721283,438.0964409618617,466.64654609773476,494.1230771408945,512.5178000434382,cotton
185.94924616934927,203.79087872138908,221.810589003381,232.9569897613784,249.39198305018303,268.5022732791285,cotton
357.6655371707385,381.34481094969107,419.8450672279882,440.3567003497342,463.04996743104664,491.1201784337872,cotton
85.54521730685825,79.46347888752587,67.42022643369589,58.8819847115284,51.78814703922063,41.93871656907368,denim
390.85409186535685,423.15737266067146,454.88502463359373,488.25966630985135,507.8400726321723,529.0384026959963,cotton
188.68075478276197,206.99213227813055,228.21370546664338,238.47435313195044,259.36406345513467,273.3882176303653,cotton
195.69644829644213,216.00065718522984,237.1089718889407,242.85685974842778,265.8428962810902,283.70575498845994,cotton
716.2990072470214,909.1183009604549,935.6985647023879,863.8064038399251,994.0285541902897,971.2777277375681,polyester
186.58458680219192,202.44250023312978,229.31438709796348,236.15238845238764,244.8008181957389,266.5398885350695,cotton
74.42731289525581,68.47256749545619,50.78605881037217,57.80450682178429,50.748413619922566,45.90631726408631,denim
903.05730852911,881.216156874116,907.2246848096202,1000.0,1000.0,1000.0,polyester
764.676936808137,829.4846130722779,831.9395065262638,866.1976678943004,903.6673662373917,881.2810028300004,polyester
196.02804820002308,214.72717701147064,228.93728336970014,251.21741445877092,265.22437621333495,276.3254225357885,cotton
738.9742229233477,752.1741628415749,943.3317293081919,816.0382051606036,936.9977912474367,939.924571388234,polyester
689.7250821064126,659.4475841566879,712.7736760433826,733.2876324445465,681.1266282583005,850.6327453750432,polyester
565.400801309754,620.3271999975819,709.0862387854538,722.967464339295,691.5687975056802,744.4651491235907,polyester
388.159191652324,423.99315538897855,452.1023443758599,490.827854407958,518.1757348772762,531.9285791276617,cotton
94.41960815409274,92.81837319856584,81.16521957894128,72.40092010509166,47.55444939295963,44.04662075957113,denim
363.7793635393072,394.68735250852427,419.2865102944631,443.0863858451346,474.167280279909,499.800894712836,cotton
198.13862504386495,214.12196408290433,232.98432562174247,242.96558536042488,257.0374160163832,273.33968032063353,cotton
187.05958036380042,200.70134914986056,218.84265714972,230.50961834149547,249.97975878669263,263.3831368186104,cotton
59.51432079049174,59.91038033381684,65.65563973419566,53.583949789705,35.6989211550177,46.074586390103626,denim
370.362380359618,402.0385140157786,422.7296874881513,452.9436301274145,491.618634381035,500.73528411049625,cotton
194.7174774710998,207.3167697096292,229.18639035097033,241.59023421315268,260.8708107172096,275.6924664451107,cotton
729.8123771130648,776.8897314339602,926.1222437716651,974.2066819435152,885.1704828216368,1000.0,polyester
615.2978294027657,730.1160779864223,786.0461759570507,729.4634034192261,702.8145605547194,743.5158195631423,polyester
688.7484212632696,597.778617166558,702.9875066831461,746.7366955412708,675.173338818952,820.2913363071648,polyester
116.53391224036385,97.89736254989559,84.784221010036,79.1726941719853,84.49333665442609,76.42553861435506,denim
186.08937836817069,199.26063172812624,221.65337805428217,223.07733688987042,244.6767482223284,256.3961440942147,cotton
197.90657556189234,209.98156340374123,227.74888556310117,238.14280970698815,259.2233376908089,274.34780552537603,cotton
382.56970721926956,399.58934381177244,435.7106128963727,467.4481732693719,490.419556138363,520.1489208012343,cotton
182.872419399337,192.96248899693725,212.48372169387727,225.33134242470828,235.38177013777107,257.95616108697664,cotton
190.43938799501672,204.74533327196264,226.27915487791861,239.75923885733326,256.44857945384507,276.4153908105267,cotton
371.4957994283128,410.12671720163945,452.71111123595875,473.2774699988015,491.3637767943177,518.5973678111098,cotton
104.10712637023516,108.32705699882094,113.66399247979524,73.31085081503149,68.00829068609899,60.141727055433925,denim
656.8183673620782,580.0360859499968,724.1354866920904,629.6335479847634,776.8064793363683,695.2810019718504,polyester
122.80840942945144,96.00164010988127,84.9857596280137,62.90429307544425,80.51902455314473,59.619912016896656,denim
787.8743129155426,759.9599365618577,841.4612256570224,832.3783634562981,851.0144041908508,1000.0,polyester
372.1755761858723,396.04642836987796,447.6453339523252,457.3335580506336,477.1464175724381,514.2049418911521,cotton
725.4380514019031,864.8667696523072,954.0608185641635,853.1160975625908,882.2368654363204,1000.0,polyester
101.24218972484515,103.13135776473091,100.96421813341257,83.48062779284616,66.13018532245763,62.906493630310415,denim
87.991049036512,100.43641306972481,87.42749998577112,70.95082110051453,77.17264049174914,55.485010723074026,denim
639.2823478242581,666.9045169044173,672.846419788931,736.9825790911575,726.8883647083516,715.8585921322373,polyester
792.2246603776728,858.1037167141062,908.7038790375935,955.6953265643326,968.0961139333144,1000.0,polyester
189.15210737892997,199.8867093651858,218.64376141787724,224.55935280914596,248.5657804164138,259.1479234935541,cotton
359.28774317595,398.88839059225285,427.08701519472106,441.97548590783066,466.68857689047053,503.6806764502011,cotton
199.851495785552,210.41568905535019,227.61394382678185,239.5963648004061,254.31362824774843,267.6077276515096,cotton
834.3806381435293,903.2691780405346,930.5346494127598,1000.0,1000.0,1000.0,polyester
91.20179231354098,74.17977359760471,75.59579176239457,62.513640316993154,43.64644510572032,57.849320730732366,denim
73.65883794360981,63.91587650934841,70.36327575913,48.02131442844254,62.415564053664696,43.49950753973256,denim
182.33137361748595,200.31441857812786,225.98614231042865,231.62146136600578,246.15548311955382,255.87239051963266,cotton
196.012378525326,206.34269719176015,234.58873507696927,240.7708456282011,259.12102751009724,265.0612925734297,cotton
366.0197993613358,389.17974322145426,418.3169072529661,447.5192484093392,463.0507386383735,491.76962899595054,cotton
592.8673396487767,624.5637540643831,633.2016133615052,747.9204660756869,694.295603481846,703.4878254763349,polyester
187.13363776695127,210.42332029421772,224.81549950392426,233.77418753495036,252.96201952308792,270.0530557732895,cotton
817.8523149658879,750.9102175494576,818.8053541667068,841.3920697169016,995.3559010489008,997.4778095056474,polyester
863.1344688488856,821.165553553479,904.2716220776598,952.6639576575099,1000.0,965.427005378502,polyester
89.72327842334732,51.51414512851686,67.53830958716199,54.42564718991771,45.562926768127205,30.42819882491311,denim
83.73904868342483,86.81592657526933,71.80802929550688,57.53306247513226,53.30521063452538,65.42066418524931,denim
732.8097278982701,884.7658029613851,834.349953382919,881.5244104102647,878.1313863641061,931.2108446915263,polyester
113.92278980906744,94.3378860045426,70.6030767663509,76.95039465558361,76.7372656452802,58.5285269827061,denim
70.3431688618032,60.29068972727391,55.35640756956857,61.78313548189798,49.76043272734038,40.841668778330586,denim
379.2241586061441,404.0670649097559,438.91826914288373,465.63675063151817,500.06643185450923,518.8043160894531,cotton
398.2231666099531,430.24993726315574,456.1334151269664,496.50771327657355,521.2897853181079,546.7483028104699,cotton
699.8781465821496,656.9312803236735,832.5597725942907,758.5948189537029,817.0440926972964,795.317383961322,polyester
196.59341658808816,209.8157396466467,232.67688522689528,243.84928043335387,257.0587831384496,272.5036234955554,cotton
787.6366435585959,757.1313096028276,891.1690270629118,901.9003205128535,973.6380902863867,881.1824542150612,polyester
674.2248896580717,805.7133740348105,766.4913050153696,902.6959441968581,824.3019378133012,829.2299702829398,polyester
390.0792457666774,419.98943084985467,467.3088856244117,477.055563731748,509.5540753903578,524.1438536445622,cotton
74.62861603005814,70.74777385099043,60.63270201064672,57.48278080489292,34.70776176374018,41.97987518224444,denim
663.6562306426791,703.3084216958334,716.3117750284804,723.2444453208279,856.2212330449552,773.8163883658335,polyester
123.75014626067518,96.23215858722916,86.62708882714374,79.39237482874566,38.620950543907384,55.41343091316811,denim
181.16661358981727,193.50323470513374,213.1018867551786,227.82403762710675,236.50328929146656,260.1939210292843,cotton
363.3064519315267,393.39584571419175,436.26447481697585,444.275320861031,478.2387046432056,506.05078728000177,cotton
390.3842100251335,418.5715562307418,453.5666505636951,480.6995111594493,498.53282564213345,540.4388815527752,cotton
196.77669737412464,217.59513388085418,231.65072443895943,247.45182079399052,256.83430367193574,274.45482845917036,cotton
856.8497396815166,990.6057492167624,949.1360283330349,1000.0,1000.0,1000.0,polyester
384.20033480288674,425.7872189964959,458.81768784821116,472.21443809089016,493.3351159123318,530.4033466520364,cotton
770.6663608073545,775.7676594327254,758.6396083392168,957.7012535481382,881.2386114682873,969.4977695766204,polyester
90.83898481210156,75.13714550953787,89.28455058005305,73.0136243431384,67.59404846903152,60.65223185388404,denim
191.96836058550593,205.88306203165777,221.65418479008983,234.14583492136188,248.58720344562582,268.4874198255332,cotton
92.24992411788588,83.54526235763997,74.19252227712883,66.70244258720354,60.398732170907955,43.779428563787654,denim
98.0978309682486,75.16780448043434,59.01754153647403,62.07016559185861,51.15903427855057,56.576890259959825,denim
109.14597795399355,79.50844554279351,62.28597662462244,66.28063834297498,58.95610618003213,33.19414965641549,denim
921.6190309768701,887.4164224018648,936.4383623111532,995.6499968712773,978.7443437782999,1000.0,polyester
200.78158790652944,217.2101111118156,235.09141927305404,242.53867438836048,262.0975877072214,280.5664092934695,cotton
796.415751458549,826.6312620156716,783.3361824455208,860.0287336782313,922.7195225745143,1000.0,polyester
759.9265406106942,788.9932511518218,863.0312827270654,1000.0,1000.0,1000.0,polyester
618.2784390517888,765.7908124190097,815.6690517893771,717.8132629077074,823.2817139321286,798.9296303499102,polyester
374.46713667634054,409.84975016953564,433.53179186040035,466.2694391174839,500.2287429099145,515.4543827039054,cotton
83.45669548882773,89.99999724425406,78.50800794224912,75.78234404940623,65.51280753769538,58.307853235423494,denim
367.64474995635976,395.2031974468409,424.86706578853165,440.214691362914,458.7659765073128,485.82442497058,cotton
696.3637372894723,634.6122909528463,741.4483173433813,805.4331497474881,901.165060678515,922.4432136852971,polyester
117.52807356885158,112.26291413668045,90.40890724394241,79.59830017688277,83.39332330331854,59.19664653495139,denim
89.4708386294733,78.796156922201,70.99144695413858,65.41359876850122,46.44850365869123,44.15276259059647,denim
83.47380531426218,66.19468975869302,71.14343952192407,65.4818887014112,50.33196288916094,41.28037112418098,denim
734.8414939328384,701.9944492564374,851.88222196701,846.0235069608725,897.6211891600002,1000.0,polyester
383.2354849741423,414.3125385444289,442.2331734145993,470.2359495059547,495.8412767606865,527.1001869840763,cotton
193.64105919548447,204.04844451340034,221.15955877830504,244.6331458962149,246.85289865248762,265.5210471601426,cotton
202.03772752372095,213.2781071671713,236.60520724305763,246.27652882321385,264.2748214381555,278.27296043055213,cotton
600.9884405890582,608.0328633852816,621.7762020758843,606.6875888082766,674.1498186677705,644.0882250298503,polyester
80.93999320216395,73.46744660619653,63.863895545525324,44.74760031066277,63.40075674146398,38.43089369481339,denim
193.4001159860331,207.7712811433334,223.8272826133904,233.57222079653005,252.1756398487663,269.4526133084508,cotton
100.31118820759919,79.61730451198478,73.70441836946561,84.55231273320061,52.46785640004014,42.39459412232072,denim
701.2145296759038,746.3527978937319,744.9280533581738,869.6844601760489,1000.0,1000.0,polyester
695.8956730097219,799.382989373727,790.8895754831218,864.504463095289,848.4553770345162,808.4215838419203,polyester
384.34023796010206,410.88564258568204,446.2040888225776,477.02194419385575,507.36691778403446,523.4380240058407,cotton
95.1991417739743,87.08351345474154,62.486504726184876,74.04054909888914,55.41948311498609,44.85538910249951,denim
89.5568584082216,103.4319774732752,104.0670050757144,76.43026850375297,73.3299892521917,72.25182622183448,denim
368.87453541101513,393.9749531399993,420.88683799988763,446.58422674777574,473.3800472177142,498.2120345645229,cotton
823.3359937679279,987.5581389610471,934.113794968789,1000.0,973.5768110284445,1000.0,polyester
188.12100496100913,196.22228196077674,212.98410090172874,231.0996966074517,238.52873753469217,252.0681339067171,cotton
537.6502572380984,557.8724377580066,646.9960743940452,648.9634305941208,611.6625960763997,673.1223806828406,polyester
108.15558422386687,100.8143459706859,93.80831077974764,73.35923547859663,58.30070539816297,47.04041938805371,denim
200.99375356942895,205.28457065550816,232.75665385308508,237.04978155864774,250.08397372730838,271.60452770333234,cotton
665.4712334323,783.0558080184128,770.2110308022966,907.6116454250771,809.2751348398705,909.6074694031283,polyester
197.08490213434928,214.06164459969426,231.75505846526985,240.5112428583922,256.1327001630894,274.5652845320317,cotton
664.0098458365028,708.3946518904803,728.4100027138214,813.4113722210438,759.6644250325317,793.1881866238422,polyester
951.6779036360144,996.2661704965927,1000.0,986.6008353787258,969.2467249604425,1000.0,polyester
362.45434367980914,396.85597397461095,433.2396594389607,461.05968689813284,485.75732331142007,497.49584863033573,cotton
190.64422964323754,193.86368440382563,220.41050735242416,223.46836783110126,240.07453616021792,262.678310143139,cotton
386.29105256130555,417.9667318000902,453.6039560403374,484.43697081770273,516.3053152433414,532.1575106138155,cotton
96.80352155659374,86.86064794957622,83.91900259398007,74.48282204288829,69.35116875796955,58.88467521859684,denim
196.2299019292367,212.25095719203645,234.30940384389578,242.13626330297498,258.6229471683678,273.036892674677,cotton
184.9313281026371,194.51998926626212,214.99810973328135,227.3113191707881,243.08870687787893,252.53777323469376,cotton
194.2376117195432,205.90421751370235,227.96198137853762,237.54782043987416,255.41601952510243,268.3414964748377,cotton
862.0794084852392,825.2123816468704,874.0052104492072,916.4872728854597,1000.0,1000.0,polyester
851.9951685119539,890.8281142890692,999.5659322827815,927.8893086386422,1000.0,1000.0,polyester
384.6276710114894,411.00458668468866,442.0779062200579,461.41111791047643,491.4231249205537,531.109349944502,cotton
852.0097513240726,1000.0,1000.0,1000.0,975.2670206316949,1000.0,polyester
106.53277989882713,95.12399467573889,86.88849565233369,64.29908103677806,74.44026843131586,34.1197782315252,denim
558.3949492326358,651.1299396815339,732.3819146041909,642.3821669550201,778.9026118685629,766.9463974457948,polyester
361.7564920531541,386.78614941681735,426.36340652010693,449.18389852181144,471.1275579391106,501.69840223469595,cotton
105.63742421045063,109.059075308393,106.20126970619486,95.82824811982405,90.97322410461334,67.91090412214892,denim
652.6097962479439,763.614926824128,847.5290259706768,830.7248915441015,829.2119296741976,919.2666244359295,polyester
199.95548627280345,203.91223300130127,230.4787914465912,243.86864524453847,255.71661051221116,269.6451970660759,cotton
181.54931806857897,202.36940418468967,216.5745600591986,221.42346708312348,241.92275014054852,248.65156715886124,cotton
111.62081958351519,89.05430974896784,85.43689623737613,68.73022760826923,62.37526478467471,50.4737088811278,denim
185.31955259001512,198.44996768987252,215.3343125097929,227.50616859749567,235.7052893586177,260.79194443576677,cotton
371.3114887694461,402.12860938607815,442.97888143889236,460.1199923503128,492.4915342389019,518.4843713659333,cotton
124.78121626041028,101.06175071630192,108.96236191887068,69.5799633265469,88.84107517605104,68.86264757053061,denim
118.56458534308584,91.42832452676512,74.8872552379435,59.78452181687437,55.48855683404484,56.89740269798351,denim
764.938969472724,855.2501554694447,823.7577832285174,919.9451845039314,881.578452378538,958.0843404592774,polyester
100.57220463122815,102.18844886371451,85.1810893331897,77.77008906667997,65.16561334952223,70.3348937599233,denim
92.14093468862856,88.5178434226487,77.43538635637422,68.27857736820818,68.13753403782816,60.36688771142133,denim
181.6203601098669,193.25633767648836,212.3020320974815,219.51986940320194,242.63069144542575,252.6767143760845,cotton
68.34594651739646,75.75268924903014,66.71452672381123,75.33611591129848,75.77956601762698,50.748128472943996,denim
664.3961926862446,740.6423440199462,723.4189755117848,725.9119869943211,855.9200611082317,760.4394991796092,polyester
803.0402641020606,867.4791033472301,961.9436581913559,1000.0,1000.0,1000.0,polyester
115.68180114463371,96.92661580039437,91.34499418118678,64.87330176248989,85.5643812875822,57.25587675814646,denim
580.924002992786,715.2876720371762,673.5134962989067,711.1534231470299,852.282726715469,785.9350011220736,polyester
101.85004932045545,90.24937386882613,79.0001245177799,54.25207585495939,62.537802771791974,55.26983345352418,denim
92.52860841273456,59.64035111770753,62.761374924228036,61.403155006802635,57.59852142171588,51.78134327336912,denim
376.4656916190611,407.87543134797585,452.9970554199377,471.2781374351892,487.41536645752166,521.6624624703395,cotton
80.5212537905026,56.5168436313728,69.02514748211428,56.61823554239569,47.174616944532666,41.243229385283485,denim
109.44093735966955,75.31564118883793,78.48206535527716,68.22778505490093,72.7080768687839,60.913531491995386,denim
795.3128990679526,788.7166334909773,950.6123004198987,1000.0,1000.0,1000.0,polyester
112.81816620975091,93.40983971615238,88.8344549314523,65.97060335945831,65.99438311875569,56.52994656723248,denim
71.8627964355044,84.40078448382843,70.0190892996471,66.35025510977385,53.708521577056665,51.870374063987825,denim
99.24027032548274,97.07009491542117,97.00500498811041,93.09702686366704,56.50423263796162,52.40903472583602,denim
195.35296704760398,218.2010115069054,238.44655840035756,248.29744032993005,262.9708096031795,280.85250040788594,cotton
753.0189399696291,777.1705315559569,739.3429366054116,774.9169362460544,936.465654007484,894.000846658953,polyester
122.44911167654482,119.16633083179369,102.87340991512842,78.6120849767679,81.14949032382812,56.094253448344325,denim
679.0360753291095,667.941006665093,718.9833313390674,869.3095535236101,923.3349705161128,834.9468124203361,polyester
189.9098095442906,201.4180221368052,223.6528901082105,235.7751620214092,253.03954653867316,268.5261656258077,cotton
387.6917659577083,424.2071474861076,460.9464390167523,475.873723043964,512.9264158236473,535.0254342200396,cotton
102.32018370890509,89.64325706663574,95.10904673262175,70.99326596821307,59.27945344851987,62.28806092279085,denim
95.73096394783624,73.73207537270261,77.05283121214335,66.8963981512436,60.52204283955895,63.715717590914,denim
184.93700260503482,197.73730477791247,214.98031885510588,226.31864825178172,242.6135379127086,260.488915162117,cotton
688.6387234011156,654.5201758521123,781.5923369412628,799.7838678441309,780.0557367504233,853.9157965790679,polyester
791.7058268670834,800.3210901944412,858.4098551520834,848.5649463448694,858.6303003930733,996.4997450283657,polyester
787.5795861698297,710.4864315187361,750.9066686837778,800.0513910952901,811.454101955221,962.0132183500798,polyester
732.9860453900538,828.0041305020054,880.7949006870832,759.68065978546,907.7215331833941,952.1456156601438,polyester
179.6767528410587,203.232785820986,217.2133233801798,230.3400703901787,238.03653472389072,259.1479344200967,cotton
376.77420659488735,408.2946052544527,439.0646919111216,453.74871610468483,480.8993802858081,515.884670214916,cotton
395.84408770068603,422.9675231635115,459.4068566278835,485.2408063879885,511.1519056035266,527.0372884230899,cotton
185.4934141512882,202.4817687535783,228.14256798111327,237.76816938869732,253.5944164498584,265.6554456849691,cotton
366.2522095158425,408.24958998298,428.73062756879597,462.669582241124,482.68831794354475,511.28996481815966,cotton
536.6823554105624,618.2498369452857,610.3875019244683,697.4671683156727,699.2512575903054,795.5053153645158,polyester
700.8988221296188,800.8901780758445,750.5139229537123,882.3885607658372,914.884561720703,878.9684923689,polyester
830.05997446976,902.4559878155658,1000.0,985.1188804467511,1000.0,1000.0,polyester
970.672032665151,889.0615335622434,954.6672024101606,1000.0,1000.0,1000.0,polyester
777.9164548922278,733.5414381910225,851.6071148741721,888.3391313858633,914.358691762955,891.326201246336,polyester
725.20935270487,740.4963749717307,895.2429976753047,855.728552497414,823.5525283731639,832.2269019448404,polyester
602.9880916844907,617.2293712054268,638.3614129467021,693.7308690631179,676.3491944672321,735.6493984814801,polyester
182.6871246228122,201.03431194405093,222.0895151262186,229.92666868023994,249.016715864012,255.01322034007006,cotton
813.1211230405728,883.3562071587082,867.8722446670239,851.99389861733,900.1501931659267,899.5308391649736,polyester
387.7251750832108,408.0855246409988,447.15131362721985,468.638279011485,490.8926355304314,530.4271230801107,cotton
879.8778548015063,955.5208951782058,1000.0,1000.0,1000.0,1000.0,polyester
202.16708516179733,220.7414688139741,234.88195329938583,245.56726704333997,260.4865426626974,283.7739057174169,cotton
378.28489366949293,409.3428922914003,436.8864759812232,456.6096476235246,496.9257619225197,512.4016802449805,cotton
834.4972027175673,900.2712533430765,820.0148172414549,981.6673838144718,902.1978030005921,987.1028980444491,polyester
89.47244731831502,81.50584541980291,81.27787859070179,70.98465359551301,40.652514511844856,29.68255848708649,denim
105.04351244049415,102.50976003438855,96.7809884646345,90.77583286655135,60.12522058691821,64.4336325520625,denim
191.3327844000626,207.12127882607982,233.95259826398137,239.5680496226957,254.06210027732772,263.27157943253667,cotton
88.05006717756903,55.3905333498674,63.06952590204081,61.67595686471441,52.582520277004576,41.79864142990026,denim
185.95688740597078,208.67110063177734,221.3035828199926,232.29529135548302,248.3767755284316,267.9335675287568,cotton
601.3694733340524,596.0388729733028,666.2924131734891,631.1801980228884,708.2578501403779,664.0657814622663,polyester
190.23133548814704,210.30138424510542,223.99130550202852,234.72321902163722,248.06258515520437,270.42465149955535,cotton
360.6118610872385,391.2436317024677,434.53587750351227,444.2105434575101,477.93602140626285,497.5156013920631,cotton
127.74925183149824,106.2020200982431,87.55144392459383,89.6960683967784,68.23319572252068,79.87318860199457,denim
361.08319607096,382.5939646293903,422.06999601514036,453.234718008841,468.64696949728074,489.9815425173075,cotton
180.77726287694213,192.16314430855883,213.61347611219253,221.65366864533712,240.38454215620428,255.6408729281707,cotton
827.9613322286748,808.8832461674338,951.6449156542639,831.0181636411079,1000.0,1000.0,polyester
593.8796998215602,613.6122962007009,668.6690420265697,605.5950915016235,666.8573599480804,745.2204310019243,polyester
81.34526857720073,64.86643660692852,79.12307062881855,52.31122860789482,59.94687002073538,43.98081150060928,denim
186.761113416873,200.1306517384611,224.33845942135036,231.15057640583933,246.53725326049974,263.3511376518283,cotton
615.4854240978918,647.2395803313561,684.9023378348708,708.1624381170891,748.7383541224492,890.0761829993905,polyester
124.61713462391353,114.19936362127575,87.20590995279137,82.7756598190056,82.13013353824196,78.91943258978743,denim
597.2473745788806,674.936597725201,642.38354942622,688.7093709431168,733.2770813056065,786.2977722798262,polyester
198.34543299172964,219.09066452126027,241.0830088155019,241.42960060572761,262.96275768238536,276.3450947934393,cotton
94.61693840443859,90.80769615899186,78.80137052013208,81.41927952843771,60.8339713692852,58.190756009087416,denim
133.25060383634164,76.06601245050585,77.32470263810438,83.34959257292964,66.39772768241248,69.64409268120181,denim
98.12359448180969,93.21828782295273,87.57350438989721,61.554996451511286,67.33180256109527,58.937278729925175,denim
504.0538241651798,551.4486131857605,564.8707026289235,659.1426335260845,722.841834402093,631.2138808498536,polyester
739.5757067252201,747.132080638377,895.4196073477508,859.6536971829324,958.2640091208141,853.3382714867407,polyester
758.8551419852969,801.3303402164106,866.8781230866186,909.4770835473822,866.6681243570154,1000.0,polyester
65.79404941574396,52.57676967804349,64.02926502252465,43.113561702988676,43.39988684946486,47.23284469933632,denim
369.53125942505756,392.14156905133933,434.0914532761913,453.481876833953,484.9087852050399,497.93180725993426,cotton
122.61680669840881,101.19502751844954,62.75763559652273,93.2894309506789,87.14087278721375,59.96987121358758,denim
184.49192896886188,203.9965919632711,224.1679684636404,231.99981870909988,248.93359360029723,264.8212916787101,cotton
377.6284828242349,388.09199794615216,422.58800598748473,445.4241718522239,477.7482400223825,506.63206510490915,cotton
388.59276089028384,414.83992463446333,460.78614182145185,485.7727999156714,509.0220373596918,539.7421286587007,cotton
91.81611673458872,73.51542927027886,87.64397643514398,76.53311657437834,57.7076288030908,56.871533998962235,denim
383.4331278013685,417.6612597415225,443.21220060991885,469.0200659942692,499.35894536348866,522.4116475885604,cotton
104.19018411636928,92.02233973149471,90.01687985769988,85.50858770699875,75.2387541927865,68.29667050331341,denim
190.8195986709793,212.07140019209228,228.34290106390927,242.2929696668956,261.1152938930142,272.50456396648116,cotton
92.18598635754081,93.16261842680242,74.6540521521497,65.97953779911097,64.89424496560686,61.64744892824265,denim
183.50254788150056,199.5400556435179,217.85763483272007,235.00614933634458,253.1618815550257,259.19011495291903,cotton
710.9181503106448,698.4021625056116,769.0189227527651,745.9652436320479,810.7128406205479,792.2369859952505,polyester
185.85807842766252,192.09814263193985,219.76086939231368,225.958481141996,236.1449260762004,255.07973679600917,cotton
86.02862251175155,102.48300284955774,88.52725428056743,56.81147959294417,81.1144898668949,45.05195237817581,denim
57.7406558584009,67.14309664966987,53.178673566104486,68.1281549155832,44.277287883783174,36.83223903698035,denim
930.3613554587517,921.3711687658308,948.039522439302,959.5509154073095,1000.0,1000.0,polyester
87.19712488150833,117.27800143776994,93.28768505632684,89.435306775169,58.54425398185391,59.86138262837134,denim
625.9372544177243,597.6050148876493,719.7186741063908,747.6586685419586,730.6479027844944,791.8073733296542,polyester
87.76493076952438,75.95551693025794,68.8753069563544,61.04052631202677,61.34866006386484,53.38258073792373,denim
188.0756166717226,200.5709969153295,218.75706518232823,228.24414978848944,238.83164747933506,255.31740335486128,cotton
364.6596160825231,401.8067979049477,422.7630979341387,449.5437057917756,475.71681938486614,499.1183503821996,cotton
76.68248905400164,69.77793425292917,68.79669597126362,77.0070179227222,42.89446642075776,55.13398613560414,denim
832.3630832884566,872.811376245201,936.6352384045199,1000.0,1000.0,1000.0,polyester
848.3728419761742,800.7413090147614,970.2226514932802,938.4163194143489,958.9850624588911,1000.0,polyester
195.1752231082023,213.71854273764842,231.8373923974516,241.17723918150313,260.06167948342613,270.36445663796667,cotton
90.03339787876543,88.96380064110647,85.03153728551396,74.76595080528678,62.721392589455185,64.85490300186186,denim
95.97916099032987,78.62300643328251,84.67257618381898,97.8479638615324,78.29434436615564,59.57248512104378,denim
394.7823839669764,436.11918808381415,457.6680320287906,493.9643806253102,508.3954091827116,554.3813427202642,cotton
617.4433066215782,688.4510353031947,743.7494176812413,697.2024884456021,774.6400876300162,820.1373865918382,polyester
86.34950950783916,91.49637768821756,58.41784623406978,59.45149795546608,57.49162453465648,41.58655246485929,denim
650.2320445018196,794.3796545966144,739.8496243542035,842.5577329368082,887.6098481521094,928.6818037319322,polyester
755.2203369392931,865.5655970201831,964.1656438938923,934.1799676143762,1000.0,1000.0,polyester
873.9403988965797,948.0469320813359,921.2122605300905,930.5732782084585,1000.0,1000.0,polyester
386.1965525789967,430.22402700469905,455.93557559762405,475.62412461829274,511.1891379461001,530.2256425336383,cotton
615.9210056791802,751.0643623809143,768.0442670195179,699.4537806124359,825.3943863448424,889.4278860705449,polyester
618.8478175386643,663.0987636983515,630.4810086368743,672.8813166489546,663.9375890504268,713.0102005937091,polyester
817.2680092636026,908.6804287205916,822.7135475916716,953.9964177129447,1000.0,1000.0,polyester
95.6623624074027,67.26737576486003,86.93227854208688,86.35791434457194,39.839056427610885,44.79351635242801,denim
650.1661207934077,751.6834490675773,711.901225103844,775.4097333092964,789.6463400572312,874.1632378081517,polyester
192.58870057261717,206.85947546041933,219.91359202528224,231.86073030880158,254.0984926423471,262.510484211962,cotton
733.8848149837668,950.0511225311242,871.8010649109377,968.1302724526171,929.7107610693747,1000.0,polyester
664.1962137620551,724.0873651002918,807.1690868118817,723.8351482126882,734.6157648842436,863.1670609136064,polyester
193.37945821463015,209.43260554893,224.42157196763085,232.65188361507134,254.73584537727618,268.2926116052556,cotton
129.77549548880538,94.1254544983975,87.70966059301378,86.57321926842799,80.53343904531557,59.95094219889166,denim
639.9620807934538,736.3151196969534,794.3511127345619,705.904588823707,754.4383738529401,783.514484664155,polyester
388.02803420227553,427.3369212495112,458.2986811920371,482.73342049768934,505.3679246489695,520.4420043428295,cotton
182.20137546334192,192.63195854312877,217.22270846826075,225.93580231278244,236.22084302230252,250.8515129999717,cotton
373.05781274975664,413.23881182048797,447.4997608471781,463.4500282301128,501.2760173328213,515.5740837949703,cotton
797.3817819878581,831.4985290796454,984.8504878035745,1000.0,914.7711439078312,1000.0,polyester
608.0383906225742,714.8346546834355,759.1540797959386,750.8673694867925,853.1808190014689,845.23820458451,polyester
551.3695318288547,650.3631891814634,697.6505662281849,644.7320049958262,700.5384461060625,804.0047606775397,polyester
140.27867556327277,105.46461608758308,111.25669516771329,87.72509872229433,82.70262884164485,74.03065202559884,denim
181.78982545588178,197.35598379858433,220.1123722819725,232.65048975914925,249.93639855690623,264.84956696850327,cotton
88.7025158285501,78.6716082143426,66.94642498365624,61.35672995754409,61.01139728639553,49.81590640336522,denim
598.3057278472138,688.3313522337384,641.3415480257323,751.5750957107244,717.3394796375838,722.2641926649302,polyester
126.19721542138669,102.24275213057447,78.24173832690434,77.88123139426813,67.97374606484554,47.58861020244652,denim
193.20410807048404,212.85799804594814,230.31076439799455,240.02435751247415,255.30880202064998,267.6357493092603,cotton
72.52671637588278,60.6904389493524,62.75892395993005,50.67311588931392,63.03269852186691,45.43839828515686,denim
111.99674761640512,117.90430535961917,98.77238253951447,77.73152911630399,80.56372806893853,64.97735037264583,denim
827.0850234419238,794.5362938382385,871.7009202033773,855.9193949815195,988.4512688593206,1000.0,polyester
381.6230750268798,406.8624794402922,446.03456904106815,456.01485210214804,489.78929900430853,522.1981211650216,cotton
807.6704094999562,813.8401694438521,871.6341215874926,934.6389012302275,977.2413938602109,1000.0,polyester
752.0896755090013,825.6642291158192,758.3668587725415,759.7471256381517,816.5500310452217,839.4238656758899,polyester
97.62168430102963,108.71865839033315,92.91425029129691,82.50917297870187,82.95799718701285,78.59318670010651,denim
808.0295626548452,864.9843428081838,852.895529724756,901.7886675732798,1000.0,967.4690588798358,polyester
86.18270140181221,76.19462832288316,57.96452437903823,56.52081847451085,53.331131430006316,47.453657832830686,denim
104.02969630846303,99.59905141206937,103.23402326168807,94.98706199047669,86.18731298096897,68.43033459520089,denim
180.3223766706229,194.28925616949456,212.90943772266937,227.4302757710559,245.22839573028125,252.09345246811316,cotton
648.6357282740294,613.3238637292721,721.6677948168513,687.1186044285279,771.312631036204,729.8676211208233,polyester
84.63466048563313,71.40521405762901,76.3647205465256,72.73413542861974,56.44556164985584,39.762783005308634,denim
398.4892285290208,429.00540578385227,459.50275554977367,484.6113866257645,517.2355451829217,535.0345955570107,cotton
118.45779528938205,82.94146380330864,94.81621303875492,91.63752436629754,60.61952921286307,69.38428237885276,denim
201.69289345946976,213.77236356422605,234.88130924366996,242.6786772833052,262.00311349335357,269.2459974610403,cotton
370.6167681481009,394.17568431088796,431.48325283766565,451.5148026364251,483.0415223325597,513.3347490024183,cotton
535.5048240972952,604.2604419082737,662.8684035963205,633.4300381556311,725.7960552051047,661.660337276968,polyester
760.688415672653,897.0492623478399,789.5255057912876,839.5705463775665,913.2901326192367,924.6975864065017,polyester
393.692184989092,415.58012641302,453.5614785823576,467.98328623806134,493.42483353474256,514.8821323004775,cotton
93.45670024498051,94.95388804802742,76.8392599999169,70.45940988980394,47.39964639188628,65.92128761521475,denim
188.15617778563288,196.79877043753015,220.78814133895946,227.04508242691043,243.91367920197288,257.5033588096314,cotton
369.14410517178584,409.3654981829271,442.7011006180933,454.1274780502896,486.01791919783693,510.4120812694855,cotton
389.89274287710685,423.78707011265016,462.34882966238945,482.84956522969367,522.4083641975857,550.1886520128169,cotton
544.7169538912649,628.2456514906594,570.4239514629458,679.4370646637351,599.8749786012872,650.9880783864975,polyester
702.4997575352744,749.199298394527,810.0734332671888,775.2859997075692,923.0832411190286,968.0287300083394,polyester
84.59655235512322,87.66402335506112,64.92334777116805,64.54877592333249,51.67152713533073,55.87040956831234,denim
121.71427810309126,93.06369032260928,100.52633679256436,85.30381214855153,78.47234908522572,79.8564440239702,denim
721.7802208786146,757.5866450424586,692.1085557192949,830.449857403702,827.0422635043309,842.1561893396666,polyester
112.58596044871237,104.57459044943204,96.85671058595348,92.17614930440064,67.09032045817297,45.710609067854804,denim
371.6423548171902,400.795046475201,435.36945270055435,462.9990448131298,477.58137212700353,508.1323145018885,cotton
598.7215765664674,558.8974725529756,667.8844114306149,632.7499756176459,689.0703737698093,728.0988540385785,polyester
836.3547868258906,747.6604429636179,841.8883594465993,975.9751231342641,906.0125612641335,1000.0,polyester
871.196812605558,899.9980073759533,929.763375371855,1000.0,1000.0,1000.0,polyester
92.03472436653803,90.6912430643016,54.25199921525625,69.02958168797058,58.35519430899339,71.0147119432452,denim
380.98558231553267,410.2563451338826,448.3861026219993,464.21488270286864,491.6609285183323,527.1937743686497,cotton
718.271098039,862.5696143417961,869.9894598756333,892.6230258608866,901.5595154614634,1000.0,polyester
710.0753796086677,846.0485222624736,863.9348535144816,819.7624526404877,943.7417172236133,1000.0,polyester
186.49026020614642,201.14055214779506,225.52196082608359,234.67328172609263,243.5175288174599,263.23884985296644,cotton
192.44126036028524,201.68251734677824,218.97015640744897,234.7287346129127,246.83279616926637,263.74747527637874,cotton
363.56796415202257,384.95256981574545,424.4200246130378,447.9949274279784,475.19620595836926,492.56097114903235,cotton
82.46224184968037,63.84309149473479,71.6790782422687,57.07709233319602,43.51082298505553,42.206020493440356,denim
65.30915422585305,64.68613305344743,55.6123309452077,64.68801613547276,58.83688222992434,43.37583383421631,denim
714.822449747435,761.8874937619049,809.1766092162902,826.3743750747159,847.466041360912,875.3842932931359,polyester
597.4227973267949,576.2589580873976,589.5227248840683,658.4694166709972,744.9637615674319,729.4425101698664,polyester
382.01721797698457,404.3455382604341,444.551494626722,479.4678864038973,501.4127284356236,516.6265212015181,cotton
65.1663332176117,77.39964124538643,80.32937285623375,74.1031475468674,66.12011488018499,48.06642570837175,denim
787.2057436829426,932.8525446767806,957.3144879883547,932.417234337081,1000.0,1000.0,polyester
106.12146111273941,96.315420216598,90.92181913432358,94.80504740400929,71.65100163771184,85.32732066067723,denim
118.75091498991168,90.78539395129263,106.309192110205,81.90683611640286,62.604882071983454,60.20030286559707,denim
587.845159507259,588.3611427505639,547.6447744543209,635.7162131464609,676.5369396707624,669.892371033235,polyester
84.53369075584175,65.12349658160312,81.75278766263943,67.7207775452112,50.578207434195264,44.13541259882359,denim
683.3688797672988,700.3383853596919,774.5795169876541,849.3989460213184,872.7450002185219,880.1066289397967,polyester
396.3170472253927,424.66080241962504,464.1471036250733,499.99455740490055,516.4277758512322,550.8989328451211,cotton
719.8857999901132,828.4547400740986,890.4759640419843,974.1166157848584,902.9007711396474,1000.0,polyester
870.0047739890066,952.5369343659167,966.1826671651801,863.8073914833876,935.9952838166013,924.7357480129309,polyester
661.9279397494515,721.52826895942,748.8119332611582,849.3129248137584,752.9293896020902,899.0773297058499,polyester
192.51885930740397,212.69079988513116,231.71609604849795,234.54696465140648,255.94894371359285,275.11530019967057,cotton
764.9306344085303,869.4152523220117,897.0770932918388,872.518090705492,1000.0,907.3691212374305,polyester
89.45313052881708,78.832920648157,58.79598508225064,59.18214198023386,44.39292402272421,42.041999522495416,denim
551.976729609348,649.6006080202269,568.2057773420497,611.6145017227384,706.5627492716051,733.7622137044775,polyester
374.8356033987948,390.4876052964201,443.06136079190446,453.9908366803908,470.7887401368146,507.1684275640256,cotton
853.1532666594671,973.2560716372078,916.6259382481904,905.4081809374803,982.1500488559196,1000.0,polyester
191.30953437677044,202.88613427886222,228.59880637192882,233.761703096327,250.7840958858361,263.2300899575589,cotton
95.73632762794817,75.65905495663004,79.39700183725242,64.2836866847754,57.5211775845476,67.46243278723318,denim
743.3180505377179,793.2516615126098,832.3371094560479,956.9445751966585,893.2163601018348,1000.0,polyester
599.6054186940568,671.8957479334451,627.4868573591699,639.0167906858943,709.4388622415976,773.655370253363,polyester
567.5871929118285,608.741273900779,671.3755175647549,686.025815153701,656.2882864308211,652.1219475294939,polyester
730.5835344908428,772.6313847526302,857.2229451569075,860.6118747877698,927.5840755254694,862.0216901784994,polyester
78.40267927619283,72.80941466442206,47.463380035062976,71.3203610013864,50.03785658798775,46.0932180975659,denim
115.93997043357773,105.2822787327833,84.28801204044932,81.33532891064345,63.427413744864104,64.19989012058396,denim
182.09176034940882,190.74904638959472,216.21794310711243,229.98653339998168,238.3661089719145,249.80934832444214,cotton
121.46281282486143,87.21252507538374,76.16855058303557,79.32169464629918,64.00405640619616,69.40336430801631,denim
647.1414821742384,619.6901878855799,762.9157138684732,789.623877910525,751.2916437352762,763.3213837344267,polyester
103.04383352133158,98.24967303371751,97.15408055063592,77.76706505725365,63.29834615509405,52.20477441849713,denim
78.61130399254964,97.77322631792615,95.20147519541237,62.62148310231737,62.08036919007694,43.418735307398514,denim
181.57028007686475,204.2973940668785,223.09602853444207,230.43206785538723,245.53858049119842,255.66448062775794,cotton
91.10603210498338,100.29602094266338,74.97740092247568,59.70650233070509,78.18857756338407,57.674855836605325,denim
180.8679008682164,197.49440359915926,215.56022755258783,221.52850180140652,243.3537097093243,253.43966068467043,cotton
190.14609637855878,204.86520283105293,220.59686210169696,228.74195741723855,244.76178501667638,264.44942512576125,cotton
883.5507363968469,972.8967944605145,1000.0,957.2246660030512,1000.0,1000.0,polyester
181.14838231672854,195.43786545167114,213.38686361560778,219.67910260331294,245.0508736265201,259.5769594435944,cotton
97.88098505973585,86.77335380200651,77.35206862665991,68.71987378844413,63.00582039726302,55.21925600095577,denim
393.92880326619826,426.7295993162153,464.0323506700053,494.1154281103745,521.9610918982628,548.2982464586948,cotton
769.9518976260148,906.2010682364627,994.6322303661404,1000.0,943.295265712961,1000.0,polyester
100.43173912944934,79.29464715108207,87.41023751195871,90.40896590183043,55.785478093499066,54.78421310764708,denim
551.1777826202941,535.1239112047729,647.3885707485115,656.7009305228273,665.1063391700609,663.2351298783782,polyester
633.3257009033889,603.2095174702176,699.8669161954118,728.7568990962884,719.5161982210791,761.1516459237705,polyester
71.52991147788127,71.98533536357053,65.76308911632452,56.27231702607017,45.20832411433253,44.46775139780139,denim
185.62570062605036,200.64737140830127,220.8950932386851,232.25148121236225,248.01353863049428,266.69077879473554,cotton
79.58521353812554,66.7500087510553,63.24211760735669,50.37533669822659,48.319942886408505,51.67481185803784,denim
717.6696697215472,749.1549933263162,703.7298328421767,772.7451065913058,756.3789963786667,834.1075186781524,polyester
403.0760658223915,421.0122314676058,450.7569591817642,493.83979233854564,510.8446049608772,533.4303592266946,cotton
177.40392290406385,193.40980059848673,214.24638694977037,225.58599457868155,237.71265899857184,252.57949854178145,cotton
200.22771879583254,212.7105300065736,230.3725057554186,237.81031800199858,262.14347324867265,275.66150340015326,cotton
108.69839623631852,86.77364704033195,88.85458186485685,66.09322224123358,57.52129438316146,51.789878143317665,denim
96.79320409865568,58.549234114344536,72.1402622499123,71.56991231210401,56.989793860290824,45.272787306326734,denim
738.161083496944,810.6274419922868,919.010980751967,933.697455587762,905.2738716307277,1000.0,polyester
63.910795343856236,64.8219131470312,70.7846612295689,70.33508467520257,30.31734884651121,49.92133451619061,denim
79.72754358024369,76.72445339685981,56.876228984828145,54.73674160235642,60.47366924297089,53.18587203370485,denim
384.19037987105247,414.7776222885212,446.1587876594981,473.87620928439947,498.8898563663045,519.9845476984154,cotton
96.1623118863941,103.35133521495953,105.90191083438471,75.84561156996953,73.251859340716,57.861683975431276,denim
183.30876881930888,203.65150892897591,220.89316065596077,226.51661162311294,245.68235284442102,259.8995853463155,cotton
193.11863138281967,213.26405669165663,233.85581987662826,237.90514171253506,256.9432416849253,268.7346924502093,cotton
187.72674685628832,205.42773973411994,224.06038761740243,233.04354903349477,251.81502102370894,266.11187581083556,cotton
87.42280229521278,83.795428200729,68.35909010405263,55.57927507798526,47.800090618756535,46.70464352961383,denim
837.2803517821974,936.1415448536347,951.2156203993708,932.4126144005304,938.7212956519292,1000.0,polyester
104.08600892238826,103.40925822334214,83.77356566143062,88.73373260886089,67.35626596456504,71.42890807227934,denim
622.4721458170909,608.7803263607545,733.6846806686378,681.7135026528284,767.1321224624626,722.0172641421802,polyester
377.30490842287446,411.204856569627,450.25273278882156,475.0623787292004,489.0124525896017,520.3560595501899,cotton
72.34450702469543,51.926424901726676,59.86302262382462,66.80052492730647,37.265217323294635,39.48488164244134,denim
601.0954296440643,701.273594022931,719.3225370631052,691.0008779995874,789.2901793357564,705.2666136771768,polyester
101.23908233766343,85.89555717514928,76.99662108569544,82.60045657621615,55.293696012741364,60.156265259780824,denim
813.4853113833816,794.329336294585,978.7887584672097,867.4902436799935,925.0768332754205,976.2044572100458,polyester
607.471295029833,572.0678862326134,641.6193094021605,712.6642109730781,710.7682624687249,726.0676807316812,polyester
196.62742734176027,207.59107186441514,232.34219099562958,248.37536960244938,256.70743924327434,266.5991984557988,cotton
84.70468831608062,69.2669234574031,72.0262459518954,56.23264106103973,45.274748379562276,60.32092987033022,denim
370.8358805651695,401.3411391230638,422.824415554338,453.9014783283462,472.46858765525093,493.68621331389727,cotton
684.2422967039072,675.8440805436245,693.8973650577406,851.6417370373448,754.8878855667733,936.2286736916703,polyester
95.43901936083361,71.67285514932095,78.40240631484605,66.46143187593023,60.48945520981159,64.43768298226021,denim
112.38343572516868,81.06374257616422,68.0287382435283,50.86152741593153,52.24093733595476,38.26044888079484,denim
381.57315660141643,420.12367148983856,452.12550055242366,486.4960157799344,495.81545029419766,533.0147397040326,cotton
103.30082721239796,73.95100361546609,75.63419892954202,58.68551134132338,58.196521650758754,48.629732646740074,denim
673.4711067148061,712.7767887805832,699.2677332611747,832.7212431633045,726.4106574845285,860.3762479201143,polyester
121.02457934098013,104.03293334382872,90.53239341363486,89.90062063586124,86.63917665871904,63.66577512103303,denim
864.608588708355,961.1268482875959,937.2875229251206,1000.0,1000.0,1000.0,polyester
101.8232249361288,85.64224113880412,92.41814374163407,84.1449097220144,59.002256075265116,70.67424865884601,denim
370.7951237955938,411.3236173311534,435.37334308766276,472.75038830230363,498.86975919673665,508.7186137461582,cotton
81.02544996409486,68.98216828897098,79.54762498879975,49.99746505587421,65.15898966359987,54.710078288565505,denim
818.3620265325303,833.3699661184518,879.1709047602973,1000.0,1000.0,1000.0,polyester
586.9513780040546,654.8798632695883,651.6571397633326,735.6931312435981,747.1835073125017,744.89268429608,polyester
503.0090637531308,602.1832747468856,645.8327755294282,678.5591764220239,660.1903460504366,741.4988086860812,polyester
391.12628755565987,415.1114773230165,447.2623861213487,475.5278945288424,497.83071693312024,516.747831277209,cotton
187.92357669372657,204.91586462444195,220.16870156379667,236.11985276400245,249.82443854263786,254.4257905608132,cotton
390.17567202903433,418.2846219212818,454.4651741673788,481.32611119479134,507.423360615432,543.6532534574744,cotton
362.7637837614961,385.08500897574413,417.65557708427633,452.2667040996186,477.10401450940304,500.74419327307237,cotton
717.4858685329183,769.2416203300183,685.6904311976208,791.8102534439333,839.318721691212,773.3856563338326,polyester
83.29114777960422,71.00722529871949,89.26687028310914,70.73950394423795,51.31198168538675,63.822415991534776,denim
369.33083993273914,408.4049093081904,442.80038973458255,459.6354093506235,492.7164179218212,513.1505574683755,cotton
84.32894147888507,79.80871340116296,77.05225112219524,62.62130220334175,62.30783523617712,57.48955950096779,denim
393.31609892617644,418.32580861833264,455.60312341353875,478.7596930523883,506.1755351973387,536.5451740584394,cotton
361.9048575472573,404.4267459543736,430.60900211034846,452.05766915677737,483.84715123894875,509.0187291934931,cotton
639.6008205817499,725.2739846359035,744.9387986849225,809.6412087961788,783.0016581694679,793.3301524220161,polyester
114.71211276762851,101.84948318589213,103.84502294381123,90.63353950668304,92.8435776035035,49.809479169419625,denim
188.72685167494885,202.0044788232087,223.72198126856293,236.08611256084657,249.80982903355036,268.4800391386152,cotton
371.48270002238405,400.07255476479617,429.99292974684556,451.8058132973849,478.4261107578698,492.4195164450005,cotton
375.23240557019255,413.18810460996025,446.11902183543174,470.3105892597684,504.7897443138259,535.1112614669033,cotton
66.77778801301173,64.80804952003784,69.2389927491397,61.83807405710846,38.09606633905702,60.844764062298424,denim
178.2489989409117,194.8240218784461,220.25241706782228,219.79632153954012,239.5317047200622,250.31487951831883,cotton
204.79599134980407,215.8805838212225,229.4927986559004,244.63675948136682,257.7201667752675,280.99056943076675,cotton
799.90715880749,872.141973573882,915.1825589361625,973.3034015584141,832.7008936984221,1000.0,polyester
93.01273862162515,112.12815776684054,81.87631801434452,74.17584366220703,77.75803555297458,48.766455195027845,denim
117.54594168281439,94.84820810167889,95.75903644174957,85.36034123168402,81.61412106835674,52.28917982849441,denim
189.7496467821011,200.82631433119744,224.2918899068385,228.2804229274979,248.7687266231142,257.9608725618773,cotton
639.9804810392892,623.1795810735213,676.4765462566022,759.8793004875981,721.1510551109419,840.911585375675,polyester
93.4188441052488,97.34728527244246,82.50445790834391,68.396887568913,66.27862094018437,66.89409469786517,denim
88.26626258293955,78.66676449776588,82.31107679341426,67.22098510991552,64.85937383471013,59.83244928200967,denim
823.3015996372876,829.9433991222025,844.3500507314102,1000.0,976.7892141216374,1000.0,polyester
792.4378812985726,828.4398793803415,791.3818081373252,895.0537726434837,877.8134991349223,915.2931561661155,polyester
642.6208759301869,648.0188223906446,678.1499806139293,743.9467347593475,782.5611838602788,719.3246306371808,polyester
110.93178818023738,96.50607643444933,96.54235564726513,80.38085667107588,69.60045536973398,57.43367986644276,denim
842.8993868432617,916.705162515462,1000.0,975.3343545239219,1000.0,1000.0,polyester
579.6652614338368,668.177413773114,601.1495036888266,665.542231396501,705.7621566869553,765.0724507008201,polyester
711.9147494519337,852.1273494165008,893.017598812325,899.7123192512715,880.4127771653833,1000.0,polyester
78.98232532825018,61.57306229345886,72.00919022931994,44.304222730313995,33.97149726568238,34.375996085180105,denim
711.3340248490233,684.0791821047139,731.09438162059,726.8041915001271,828.0805174446142,868.80268036169,polyester
571.5116846352726,626.9979399566002,548.4222558694948,686.3346963094396,713.2609716798077,672.1442922987487,polyester
189.99171993103607,209.1687466530995,220.8708774415731,233.9530091045211,250.45856705523295,265.7469221451675,cotton
82.00787968775407,61.678688274866246,71.16951308340188,61.94857463150052,46.60097922570728,40.03001152571914,denim
98.02476058523524,70.3818640647046,77.02346235090843,70.42970902866259,58.80876341627882,39.88353853999246,denim
529.4825649830448,568.5841292122161,579.7555201277125,659.9072709682497,644.3275761499027,708.7108151581559,polyester
381.65190306103335,404.27027763887776,457.2708669992435,468.5725953120932,509.5811364405693,525.720342580792,cotton
618.5076730828707,636.664837027941,638.2565059840576,676.9751265553651,803.3985177242225,731.4565869887101,polyester
372.4837134227041,402.03085401624634,429.748009626198,458.329991784102,479.46928461715135,498.5137550338402,cotton
120.56181530393245,111.43749862721099,75.46327486852547,72.04150898344344,60.799697747404174,74.33995202442046,denim
840.1101438862805,959.6283478862911,908.8629430699842,931.6387831878868,950.086342012375,1000.0,polyester
86.46345098886717,64.2818986457224,64.31975117845084,69.63296408272492,45.061322930569006,44.28548449394637,denim
97.54524588214841,80.54039870521221,89.66307167126864,97.53485237158972,64.72824574435973,49.63061200984304,denim
379.4103077303033,401.0069118914479,444.03139663854944,463.7436295333472,491.1712625325553,509.6169568588129,cotton
126.31545012877521,90.10541714231293,98.76089624994935,81.20376435358368,77.58384556098422,50.82038923804534,denim
717.3888177505543,728.8375400534941,819.7172511922993,834.0853623928285,848.1823684940555,919.0822375521504,polyester
83.28124033072616,74.49797938502205,80.3100955313035,67.46276560955361,51.10279832208089,59.97727783582963,denim
123.59961993246809,90.3186939869995,84.71400681942556,80.34059348775972,98.33712473644684,72.23542470382365,denim
700.969710107526,855.7315450218081,803.1590067191576,945.4894740488044,946.39344105023,988.3373963725212,polyester
593.2857770018117,582.619320846134,654.1713876929161,580.5978894630366,690.454411896549,659.6575559381688,polyester
195.19122376298574,205.55165130705245,233.6603651903563,241.77460291409824,256.98441814897376,270.791873416381,cotton
86.51335270489574,85.66287433491954,85.16971492110652,74.86346932216524,65.9909982422481,55.41622942301807,denim
647.1760804161214,640.4307198596177,748.4811560683409,702.3854636849354,697.8326278864179,834.8339605159923,polyester
191.85927148163123,213.93289727380593,229.40580841632848,236.2808580677715,250.89177691990255,273.499675243635,cotton
383.72427557288444,417.49412849842963,457.26389587882676,475.2225203095004,504.51618835166823,535.4183786725143,cotton
845.4118450265386,947.8903197828178,917.185366074622,904.417183158836,955.4114177269646,947.9639427500074,polyester
114.10602516511233,82.79258880896651,102.06095770881659,64.3744320521145,89.2851826635078,68.7695927524984,denim
69.93009359532192,64.15206147318604,69.89950493764287,70.4028479106811,40.09447464961477,64.86819772415915,denim
707.3987931121242,655.1064068875879,756.8670982348057,782.4033688582425,830.303031778691,899.1497410205442,polyester
182.92105375908656,197.4951674967324,223.43625419742943,228.61780647731499,241.28501703364446,251.43394222610152,cotton
760.3674935986269,799.6756195988903,842.2932365740409,766.0940513440959,903.1354816784188,867.8462702478794,polyester
183.86248936710123,192.65850280013325,211.2915490655996,219.32141196126292,234.8579679934044,249.31930603780566,cotton
61.3227939863624,80.50049865910384,76.45436137004847,66.43580310640172,46.81546327370575,46.900935196151195,denim
180.33434944540952,201.34292895802324,218.73766971852424,236.6008394269741,240.50141442087389,261.89302973210863,cotton
103.1702904335796,98.7947931063277,75.77279039534362,80.71567571212775,71.54855918959078,70.30874221638538,denim
186.44679858792804,202.6694990819522,219.77082582084282,228.83307488766062,243.35639896812557,262.02275971967055,cotton
374.7051353408403,393.8935077602356,439.34446013345314,457.9474878655071,480.75165720595174,522.0869438396485,cotton
183.46454284495326,198.1711602787433,221.38695830896378,224.50605060063882,239.3373974630459,249.12280748138397,cotton
196.37201454323974,205.17424844770173,227.80466375634714,239.84763529801447,253.28146168149186,266.61701914561087,cotton
88.12076448619547,74.35497635916285,69.85147700785943,69.71633445787222,60.23587304312058,35.52793437820834,denim
71.28443211332939,65.086936491655,40.94828543286681,48.23082143389648,41.162303653057926,45.3525761496983,denim
86.53415062496113,105.77942648946919,75.31717660895502,58.64915415297848,65.57518572128423,60.33407539457468,denim
386.65292742748727,425.0346772072549,456.7532455308291,478.33883510930974,513.4640765135575,544.3459628910193,cotton
86.31893231328306,70.78721402490933,87.93642827919322,86.58632846410553,69.47700794881091,56.95946775996748,denim
721.6237880580491,759.2549836248463,786.2009716200879,874.2510275276114,781.4895285330545,878.6459400031827,polyester
826.1487527022332,968.3082899949479,927.9490317317267,945.215832597794,1000.0,987.8568899347065,polyester
388.2422152728539,426.3512621130577,455.2749792375661,471.42145843212256,495.2723946381357,532.2066478476073,cotton
95.95297431273619,98.31490508930709,93.9710103398589,88.86108617467302,84.09072878129638,86.22096552252063,denim
694.1705967212832,722.7972580783577,715.97959367845,674.8109128112185,766.7400359361156,848.2331959054108,polyester
119.10068936477217,88.24418648370654,82.55196783547285,74.29719862182657,74.63064520635517,65.15354236502506,denim
186.24292335405576,208.6841190140412,216.1940795342267,228.58457919464226,245.13415215839873,265.4284664461975,cotton
378.85957395407115,397.0751602041648,433.9200018773671,459.9507627376202,494.67409372655527,503.1365503300607,cotton
85.49446597245813,104.2038370056116,91.59260201312102,81.35801068761553,66.27246832216002,57.608241680603676,denim
611.3858937303031,663.7192737017914,687.5714368068127,746.096561122452,671.9949274677056,697.4611847317273,polyester
400.50992696413783,422.71852691126173,457.8781637822482,481.52265191687695,517.7128860089916,531.3380164319027,cotton
357.9016811955238,398.0052886318757,419.0741702532316,446.11011259772647,474.6998306064356,500.6346744755656,cotton
76.69335039050387,67.87918596490128,72.85761712319099,65.46288594687216,64.54050032268049,55.15088967861793,denim
682.1977256696798,763.8954355849916,767.7276054824063,789.5145831163499,747.948872638378,771.1844040684308,polyester
739.9662639661713,689.1561730784302,680.7986240671087,786.4093683586431,840.7356492128441,791.758237921121,polyester
369.86786216573614,394.48266956352074,432.65927184594324,449.97620684174836,469.31347854651017,495.03758891012944,cotton
672.2533304571615,816.9760671554546,861.864722623188,884.9515618466835,848.6716467516793,1000.0,polyester
116.2123336616923,88.98377133539185,75.05583178550833,72.17109915750939,70.67978376704522,60.85020865674253,denim
188.54391973171838,194.5108642983197,215.53912601699415,222.02240256079477,241.35515396608636,253.26120662794037,cotton
401.73197044540603,415.65721900432607,457.0169093999619,498.2128105143316,517.5178070349633,547.207932327938,cotton
786.4355348868518,1000.0,1000.0,935.5262005031012,1000.0,1000.0,polyester
677.7988295874923,716.7667569098601,847.3885068786741,851.095941958613,775.1860482832561,971.4015995470002,polyester
605.744996049483,687.2841997244158,659.1766436483942,693.6157513272829,804.237901583161,817.5840544498641,polyester
384.047388888077,421.8252139467007,465.2061894636648,479.7121869208782,521.160778002976,546.8279962926952,cotton
182.13141946574936,199.6962901797258,214.45262896727803,227.51074577914733,235.91456649314506,249.8840118177242,cotton
709.113080948391,718.6904444835789,660.2852298374683,747.9345219715434,768.9481718921484,795.8785712799903,polyester
802.0951274776934,872.0855167927516,806.8090809397715,912.317104532469,1000.0,1000.0,polyester
196.96562887200437,207.57987063907473,235.82513350575113,244.0892750646471,258.7434627087839,275.55454773596125,cotton
59.20847108528979,67.4325384590156,71.1274207967346,47.943659580744445,43.363769126332095,46.85222684160737,denim
905.1129301042932,843.3455180803213,838.3021488500276,1000.0,1000.0,949.6217053593667,polyester
387.2109962811895,429.6582638278355,453.1632390935049,485.79071770484273,518.8488750218731,547.4537945753235,cotton
99.18666981586219,93.33221849141705,75.17200900408913,61.713748279229875,56.60540879426058,49.839217469367455,denim
84.415483080523,79.39095809653645,71.87596626911488,66.9911959806596,57.575750984923694,41.925016741761986,denim
122.36665941313616,114.90731114149617,75.80979054399151,73.62780127996062,64.52636022539674,58.72909470484772,denim
835.1132570661263,790.892927299084,999.3745367091128,892.1501056220441,1000.0,1000.0,polyester
854.9487692203724,888.4668770404904,878.3321261182281,968.234137178701,1000.0,1000.0,polyester
388.3954297926246,420.7233308149058,455.6942559147401,480.8640190052051,511.7816519298259,545.2032993228188,cotton
96.21210079426564,99.12165045602231,74.19180776611253,82.02702306094655,67.58698795567082,87.85202258486628,denim
70.27479218923777,66.71805298585244,80.97900816205559,62.43956246580135,60.43847954459422,48.76972734865264,denim
382.55551378179047,410.6341423589788,439.9893677659381,456.66732942950654,480.92112164955006,502.5513806148604,cotton
918.7724803019938,924.751905670362,925.7640977340574,998.9122465721794,1000.0,1000.0,polyester
86.20156093306014,65.90020774305279,58.402841099497586,53.472295512721935,50.47137652738008,36.36724887279227,denim
523.5430204592877,631.2885558403191,585.0798779200819,677.7684988333876,649.9020833415457,723.7092862085639,polyester
74.0578030766408,67.87010718845082,65.74553659794242,52.248020520232956,53.56093098657402,51.0578971916044,denim
929.4692501497817,891.9091553732269,953.5463555499126,1000.0,1000.0,1000.0,polyester
368.84799140450417,403.3012609664593,441.2805417792283,450.24767127605145,482.3539880198706,507.1861382437907,cotton
620.4556794212513,605.0995937563465,720.6938761237798,780.9258587522987,813.827604752744,806.4922518979039,polyester
630.3141949230303,612.3665550375648,638.6062225696853,669.7104840359169,782.3017043826591,858.1091745154899,polyester
726.6429693654783,823.1287260996274,866.7000574020782,897.6201352905049,857.0492075108016,979.1365605799148,polyester
106.47857068739414,93.96546782048792,89.60276791162961,88.4529241150563,67.27993692061652,75.35764850861091,denim
756.3870914785532,838.8337694110379,810.4513769439818,858.5673560960362,897.3236997414562,995.4714517051051,polyester
106.51414938604171,85.14725393371647,69.55004928872215,73.68031408234422,67.14418619151239,46.03182122941723,denim
858.4667777815788,842.952870199061,868.2971473111513,1000.0,915.9051676074623,960.452625633467,polyester
573.0578550144767,620.3411740399843,612.4307926705616,745.4335074795067,699.7888503353267,709.8827561820268,polyester
69.5261724452806,39.46021061698802,51.42789081431964,59.13417370114654,38.708838358134436,48.14234601428217,denim
630.0486811175308,654.359202761692,677.0669312253772,695.7947306733153,825.2010449753449,740.395291107928,polyester
99.28723711257041,86.73380310731399,90.64412883564644,93.92849835205071,58.69945673317152,77.28896278103801,denim
104.48319606209267,115.62850175673742,105.54947006367931,99.97067420116792,84.60331944319819,64.72261283759393,denim
761.0642909172894,883.7655802918716,955.6286077250915,876.173266154025,1000.0,1000.0,polyester
95.86283584168997,90.9641665858939,69.51111319029177,56.34329162812768,80.45054818702627,66.65542891410294,denim
385.84050135782576,405.82452354700035,446.31541379791236,455.4548561057797,484.5789116350383,512.1324494230554,cotton
204.87140385848784,216.9849428279886,236.29933265186048,249.54646747172598,266.0216813760957,273.76331386751895,cotton
95.67685668752729,88.42436667209448,92.97574697276141,79.19587305452593,47.6222481387224,52.10003703971248,denim
68.63891674293298,94.69361311283076,55.49331462907564,82.24891062707485,63.38046324720795,46.68019166822803,denim
737.6305420731039,857.2697305848222,765.892268645256,891.7284840608057,895.4689981246671,983.506286650767,polyester
824.6183539778084,807.1740767277277,832.5286202123615,836.7432671265401,1000.0,1000.0,polyester
740.2531638106999,850.2515203338712,882.3641482662757,864.5016079148686,927.9071886550669,1000.0,polyester
128.45736454546235,83.25049733727813,76.99282437522459,78.63266670758411,77.19937732843663,54.33676572232074,denim
641.547285164275,717.8111608200428,736.1127841933657,840.2948139651091,785.5682074255119,851.030486705563,polyester
101.86838528780383,77.70946376405209,67.76965634036691,58.42402107220148,58.604659972130534,39.341595802975206,denim
578.5971775191088,716.0387789142718,654.7696343700517,815.4682728449799,707.3366387408275,836.5513932477974,polyester
839.9726447275141,935.5471197240794,876.470288684982,1000.0,997.9521322695948,1000.0,polyester
782.3953967394242,887.331424776575,965.4174688462926,1000.0,929.5420720507877,1000.0,polyester
354.50218222819467,389.3977688475095,432.95818076279113,442.7037718471468,471.5517638410844,488.8354574216623,cotton
720.2076605750905,875.8889212294732,813.3791247359994,871.2180651878498,941.9156060418361,1000.0,polyester
199.14916172477305,212.99827449620918,229.9687748719106,243.10337891377992,265.3490469611141,275.7095102717983,cotton
824.5938224376534,923.4323999213625,928.075667760088,1000.0,996.2792790684077,1000.0,polyester
542.6129192803738,584.8751055723495,680.9909196166509,629.2602794592781,732.4566023265804,702.8797511416004,polyester
676.4011342963494,721.0198645671442,715.3448826911065,757.6393168879644,793.6542456838614,890.0808126094878,polyester
198.4790510509757,207.37570143023083,223.62052162524103,240.55991240843568,248.4812133328549,270.3110841433124,cotton
795.2369542378927,792.1467517662569,830.7769579764911,866.3220929944257,882.7535070695693,1000.0,polyester
769.2106938956059,736.8121427962797,867.6044672304739,919.486705877134,957.0481601602296,993.2148132660824,polyester
70.41156428967638,68.42677659848114,58.23757228640363,45.787190279798615,47.075820589906435,40.56522664212808,denim
110.62000947266182,95.20454763920324,84.27252579994152,65.04504073502858,58.92763676852369,65.21228926152814,denim
741.1471646673704,773.0718278984664,798.8907908074688,862.9884789032267,787.4633823847846,887.3079528059858,polyester
826.1811159022423,874.0515706660892,853.3359525631142,867.4509255927871,1000.0,920.6971848944588,polyester
84.97474420819738,77.84361571606655,68.59462399116967,75.51812285864945,50.52547965945041,34.02554134434859,denim
637.119823822369,618.0015597759229,664.5661077281605,676.3409476453244,722.2052212948112,683.6162123319033,polyester
806.6652891804732,851.9825291654138,935.733952552,873.9285930240721,1000.0,889.3385597245054,polyester
111.79669053851818,95.41010897401043,80.93193960474045,86.96663376891651,66.19826613725064,61.33892304348516,denim
180.91274309400563,205.03226338202074,226.43329437397074,231.7609655178824,243.7217222483614,262.35561265079195,cotton
791.459799454427,766.4455992531828,765.9078892778488,930.1741880371843,841.8352630993028,1000.0,polyester
181.2430390720018,194.8173082485795,219.9379914664977,222.383658209596,237.02681921476037,254.73215995479293,cotton
90.11008618417404,86.43959234950044,74.26234942366239,72.59223420092954,68.33560886975151,55.21171822069306,denim
94.14160529022769,77.20185907232886,75.71973459207754,76.55031540176998,43.934376400993365,44.838778105621714,denim
198.75654726097767,213.87557221387706,233.95225628604237,248.8114667016096,266.53548816478093,280.23015976412273,cotton
365.05251726295285,400.64977734409973,422.02350392867277,437.16490866150536,473.52778793727236,502.29717338829283,cotton
598.7727501135661,592.5907118523155,651.0249466751493,666.0101106596117,716.2384005835072,674.35054961843,polyester
376.7742934262456,407.02421709681977,448.32705479214746,469.316314811168,498.4944734748654,514.8350808386848,cotton
555.186990924349,614.1018794528072,614.9922737558129,676.6877231010611,630.2317260859103,656.9431414886484,polyester
194.25005628578467,204.1909420438076,228.5042276511207,239.76232037260738,257.2281860924641,275.17998477521775,cotton
194.7453009152668,207.9776602328565,229.29606155486235,241.15479036109642,249.03285387286076,265.59313745944274,cotton
664.8591391103829,749.9034182271774,846.3778387519019,833.4118294222721,917.8667523987674,827.386537539718,polyester
611.3608981293758,624.8704010896566,680.1574789752708,629.1221154400079,704.9509818006311,767.0012011866459,polyester
625.9659504402841,573.6456951764187,636.0936438821316,613.8540499296004,702.1258564961197,710.5775734785212,polyester
382.8356935621582,413.1325452945957,462.1695761218363,474.71018816179753,498.4995557123194,516.0501397224193,cotton
77.73393338463042,76.87309677162514,72.49023108923775,47.27774706810884,41.87623919480099,29.594446700858793,denim
781.925184636754,749.6111775380957,860.5995985898312,935.7465378211836,892.9296211998111,979.5565474281005,polyester
198.41128355903172,212.15831090065134,232.7348949870873,244.14847100113946,255.16429180669692,280.4792101970246,cotton
95.51515528879489,100.29845801278675,67.26837002089945,78.58868301066941,59.44197725127235,59.78348587930215,denim
190.77748278254572,206.8136807160509,230.67946593763247,233.20279316644644,258.0454162479574,272.50441934842684,cotton
364.02698803545434,401.2776984431682,436.4600153575361,445.95834322453896,475.4766506587038,494.634970500171,cotton
365.5928409029733,395.4290670899644,422.23406434569637,448.0080514406201,473.2253714248622,510.69650413983874,cotton
746.5754992217117,719.602003379301,781.084372457035,877.2437955262889,810.3523449362486,1000.0,polyester
742.4544878835734,776.9508545806751,798.9925145539927,848.9978792451111,839.6567205438982,887.2425967629498,polyester
89.0905226062425,85.9663085609762,73.28279100753565,58.421566994244486,44.03336515137205,44.257441764543046,denim
101.99482708797446,97.8955402522464,76.32906844705926,57.34685580806199,69.70190676906878,60.838118999373535,denim
113.47674640326314,92.88919685023288,72.90148272326685,78.35581874649341,63.03599279106732,63.36046953543875,denim
788.324260987978,823.6462373195865,803.0084333834675,830.3615790994568,878.763287540616,952.7034497591122,polyester
782.6429332449571,820.5457279131232,797.4850855537154,779.505186802294,860.9352280380614,862.8067432612454,polyester
383.8075289777717,421.53806873526,442.48904633443584,477.8426998136776,504.2242640103869,535.8012948549731,cotton
390.96865068305044,413.88691071352247,455.42000975990084,472.6644778325752,506.5194164496217,535.1595002928896,cotton
91.14172802635798,93.69584642659811,79.5693229905115,71.59127713619029,60.96405949275586,66.66680279709853,denim
621.1146227599179,637.0231984831507,639.5231762710644,727.6974831152245,718.5630000698528,749.9554972800092,polyester
78.72253486786043,89.23213658830218,68.3920753444619,60.37824357907403,55.312070641612586,54.125780054797126,denim
374.0746465022572,412.7879315441708,436.1728951833169,466.6817631834265,488.97434775663646,526.5906384176785,cotton
557.5674541901822,628.8556180182596,664.6313758682436,708.8661432940581,731.3480975282281,703.5648779473869,polyester
90.79129802636695,87.6670412427695,64.87424503109685,68.07215067966614,72.87119865831389,59.21536821408479,denim
184.2580629237533,195.71211444821077,216.02250888722028,225.0475424033944,235.60844102607152,249.40042443631924,cotton
369.68062379075724,392.2382112554109,424.1867763547714,450.87007470971065,469.25981852732974,506.9397667295989,cotton
848.2569603857663,1000.0,1000.0,1000.0,1000.0,1000.0,polyester
181.7005909505108,192.61739720157334,215.766423187317,223.4620035453374,236.4916761169973,248.9276541455594,cotton
82.31408011928566,74.81856929107485,66.46089619536234,77.49986689489847,61.788264629334876,50.53605383340241,denim
189.24927883554986,207.86767695615717,227.03034079254155,232.75489340026886,248.89496596922197,270.14356339374336,cotton
371.7765966703312,404.51178028765844,425.06622872019017,445.1073435988955,482.9011676587413,500.966940809855,cotton
107.21521075043435,104.57794771946583,91.37993825956819,71.33757795467565,79.73397888760654,74.32598051645053,denim
387.9186633208119,420.09521643491325,457.99562483884534,473.93040415854904,513.5025602292478,532.8319603436134,cotton
108.6595084203183,90.76141489183235,90.3210801227837,74.45532129172311,77.90342799912855,58.25759269744759,denim
546.7023302448408,588.4803930072259,632.3572627161344,700.3981961990764,680.9579127813171,793.7112023577213,polyester
368.42333226316896,394.24442327860237,437.11240556800993,460.1125847092129,488.3100172060622,497.5328275730968,cotton
90.73762931345962,60.66914106160186,54.50486477765307,67.04680252342658,61.83081888726451,53.78561770644356,denim
381.4048772673429,422.06678998881404,444.556094247089,478.098748907637,494.3345050526004,531.0325750838529,cotton
200.0214242765995,214.77438350495018,231.1582640696364,239.1720319708089,261.2956361683032,272.545747226432,cotton
77.19376374872327,68.04318463577074,71.26358906534999,58.552872186656344,33.52159141408535,54.85065680869952,denim
106.33308485926004,81.62725829436637,71.1440806226751,80.32874622994682,69.16817272577194,58.36763177192274,denim
695.4496078800787,741.5183026160503,806.3990619456478,806.2873109250268,789.4550837831398,890.6990817908945,polyester
183.0247884893282,191.4758999449975,220.0812937577435,228.38399237761377,235.2323849323597,250.04048927245438,cotton
121.56513872615834,84.31183292683765,113.7146083914449,83.95278654768123,71.72170708549807,49.57096951389062,denim
70.50881601754966,55.37280637660047,66.13791709978467,62.45674611170067,44.46887899890722,46.46275346773183,denim
393.78226619630607,420.5461026518087,445.8637158993034,485.0386072456966,514.3680143697256,524.2831160278233,cotton
184.8325438959419,196.6068260177319,219.2409437510119,223.15755760324944,235.3002745771788,256.0991398022284,cotton
103.72743465156596,82.57592590650367,84.72139583341308,73.2334002977787,65.49583395297867,61.31558481144724,denim
744.2191572321334,864.7145910089415,848.8614556431561,966.6630854754401,928.9807290601591,1000.0,polyester
107.06305175166456,114.86040511350552,88.39820945219977,81.24601052051379,72.62856681994081,60.65315983781607,denim
125.42992530988566,89.81960545305911,91.8848930976467,90.91556232991275,92.02459156101955,65.39892071135588,denim
112.27939021068599,85.40766644453585,77.40351602766619,71.00951775731805,42.18441488624043,64.40701458314078,denim
190.6373413614141,207.5323854478495,226.84919958127486,237.40362167692734,248.44383740663383,269.6874308204682,cotton
119.49392529642516,103.20965393705032,88.06510331332169,85.1360405140569,78.42269350510922,64.54010054393937,denim
543.7568650236605,606.8903189400793,666.7128608811028,697.4734809148268,723.6747119414973,644.3379389892254,polyester
184.46104538406112,197.57339131889063,223.93937960353347,232.88728694943026,245.8646156799131,261.0147814616455,cotton
823.9862155135497,803.2979304985334,911.3376374661233,931.2716685500819,921.9246458780319,959.1475862300629,polyester
364.7752226727487,400.4007628522296,432.1402304738251,452.24734627614185,481.4291746934577,500.1615684400491,cotton
387.3141345903856,414.020280065078,451.4744430445555,476.50563704090325,516.5693732270452,541.7986333489607,cotton
68.90282333322988,80.45366951964891,53.75436143527294,49.28482977372174,45.76929073644979,62.06298486527605,denim
640.298599627399,568.5599544032137,607.8178868740432,670.9543222465492,752.1554136267155,707.6966995055102,polyester
644.1458378633436,698.2688163115843,683.5999330067723,786.7554912199605,698.9817387628547,843.22855230667,polyester
562.3190461923948,595.3837577805906,568.7899388409807,608.1360153288354,733.6016478677999,716.2366272024707,polyester
122.54649499516887,106.17292480584618,83.48446406067335,79.04376084823177,85.06768180122873,72.52491406896762,denim
192.78556020854796,202.66082745948705,223.8440814404397,245.75801393771548,255.0273221363122,261.8893790032792,cotton
75.75816145655583,69.12999552645226,76.92608168103136,79.21001282526126,72.03722392196862,55.32392755789377,denim
367.3712310761526,409.14642112286793,433.4453838279513,467.3127856923797,487.8291517044018,499.3268409859456,cotton
114.30257524339743,117.13408685426056,103.83078578331205,99.63496820712197,80.6101215185872,61.654459564682526,denim
102.71394982879585,97.3619776121607,77.85892309992452,81.3242575170525,58.40321757081675,54.705880833431586,denim
365.575749936945,399.4168505492564,425.64456586283916,461.8443077658647,481.5255214893057,507.46034423634956,cotton
193.96685666112276,209.8663887909513,224.87975643757008,235.89771630781922,260.8384162454633,261.4798807601991,cotton
92.99446498930656,94.02075986324685,82.09978223227507,71.10062892003046,52.95582186146855,52.48686921249254,denim
188.88821153938426,200.52031239812584,223.49587727404165,232.8171335898536,246.1718733678281,262.64161997104753,cotton
975.4394284509052,1000.0,1000.0,951.6262582590209,987.3594593010657,1000.0,polyester
509.58510841377216,603.9253600594665,611.2579287542384,633.2706182172808,664.4739061391924,672.8808063288063,polyester
871.4354880281826,893.7149307540407,926.3691913890701,917.9267631144843,1000.0,1000.0,polyester
64.4078518864208,75.17323424079876,57.41383085748288,43.76510600957414,60.94921366831064,44.076870599890185,denim
376.0802916873998,402.20401789964365,438.5911033050997,463.01688323562405,496.16988563064723,521.2577834194233,cotton
93.58639782799895,84.26407816105933,81.7149484900224,68.48119508169205,61.28653252186206,49.067069085599265,denim
74.63791269954389,75.5783035971928,61.64559485863037,63.73397207887217,49.11897056922945,41.77018955332308,denim
80.73196356245008,58.505368448485456,59.78916768299389,52.425461222769584,62.494453265974634,50.64606138390375,denim
598.7815328711001,582.4861360341414,699.3785271051285,672.3165082505645,665.7657796778641,690.6302674744463,polyester
389.8832450897784,410.06310507435876,454.2095111201668,461.64444323630477,492.6952857499275,513.0561343554452,cotton
528.2267726716567,544.212378778142,648.6101033617304,623.0751092506927,692.8516173364478,624.2567392936725,polyester
657.1357343173961,743.0093184194237,719.2573448880307,735.7433482361074,774.3796478075942,822.3693676933841,polyester
186.87287535805817,203.4181616572915,218.51726976442325,231.92952094319972,241.09015775591843,255.39083325974934,cotton
117.4122716666491,93.02859082117453,96.33263462696745,69.06548108920774,77.50983997981034,77.88825155048073,denim
382.66380547613875,413.0890270770379,438.3582591268804,475.37745459022346,491.0964558606735,515.9402223589764,cotton
615.8990616635327,719.820333052301,787.2860302897597,775.7922847744871,788.9413766989651,904.7189300098366,polyester
746.0318467154868,834.8890045565047,857.1838185300351,886.5425257139261,859.2943441610902,890.100746335417,polyester
828.4477754597827,994.6290416444759,1000.0,1000.0,1000.0,1000.0,polyester
124.55281350170564,115.27912716494232,103.16147142317466,72.14475109172592,75.05949249117066,67.84871547332372,denim
703.2662130525707,751.4986840200793,763.8909520916353,707.8095158191328,770.780085039149,867.3938461211502,polyester
186.38721632749375,203.6689032278535,220.56073310508532,226.57601113589166,238.1361320753542,258.4677463815834,cotton
194.59858810544966,212.75613152000605,220.65758437995854,236.1630641064341,254.9028083308351,264.9851932670881,cotton
399.2761076595482,421.2649385461344,461.3220083466668,475.9713584506218,516.3810907063679,548.5113167887314,cotton
743.1821087430803,889.4286861275635,832.9208981558198,999.7529170930244,993.9429259050672,1000.0,polyester
81.0137146710852,74.00356860671305,55.498782752446225,62.00987601312817,54.41812669404586,46.62157159952424,denim
385.3239790759761,428.8236592879636,451.3549185584119,478.630315464586,521.120969224487,539.3453257149655,cotton
83.72894100494497,82.645068495735,63.315918958041294,42.14076298812005,41.76475514256051,65.95202818807607,denim
372.47684755514297,410.86426320805316,434.7686625122758,471.17251140771253,479.3166394129703,524.1404513294599,cotton
935.6331914654986,990.5639573571474,1000.0,1000.0,1000.0,1000.0,polyester
919.3729045628874,837.2840962159933,966.1101921251924,1000.0,1000.0,1000.0,polyester
79.38681611887318,86.23132174854133,69.91181380502083,51.90950812055266,47.82645173248905,47.06586309436969,denim
393.96273235579326,410.58095321354295,451.9192451478855,482.0701413820304,493.95948987982916,519.2217858413532,cotton
387.68380139988903,429.5974139643364,458.4754883514244,482.64082452141366,516.4109024985473,542.927139821099,cotton
672.2243839745913,851.303373638331,782.4937567210679,901.7496544191791,897.3886897634058,899.6349733831114,polyester
379.246829096814,412.3549151697568,452.40400218222396,475.15838589023815,503.18278685371945,523.8215766628064,cotton
90.88780435969431,82.54784532510138,82.20106562590338,68.20170159061146,56.58947763658659,48.36992038349501,denim
687.9853486508698,699.9873759345163,709.7796582196183,735.685411020805,816.2526162313433,790.9760622396223,polyester
676.9015852145513,686.4429826430787,780.1964601181662,781.6021083653694,734.5023783114004,763.6337120283716,polyester
103.37303507275624,96.46243528495336,102.2539384893899,91.04199255892023,78.94664695854496,60.899207164268496,denim
106.59985172323431,86.73914258234629,71.10581369650299,79.00988441801543,56.965688031614555,53.168660266564935,denim
95.81258301766158,96.30676589559492,60.25752752369299,66.97359085347463,68.5048689406862,54.1119480721924,denim
108.0264239508313,75.19533282811207,93.05044484928833,81.0444742180663,71.07489942832731,62.441955513951726,denim
86.67137393084364,89.87848870405755,73.77557967823273,79.52853399811112,71.72539917085419,61.78884756214086,denim
747.9465748857391,858.0071529071062,865.6534433528383,976.7277859573205,851.5310747844721,872.0424180622737,polyester
196.9894246396616,210.80196186400084,234.64099838392562,240.81219932823504,259.2692084538139,278.4762376168396,cotton
790.9269980095412,976.3224476887895,988.5777917814605,1000.0,1000.0,1000.0,polyester
825.1188048299579,943.4642403449633,897.6529344250574,1000.0,1000.0,999.5987568302795,polyester
710.7177985669736,744.9364838799144,804.4888560216386,734.8563502594033,865.3262632459091,858.6229913523515,polyester
83.39428762065988,74.32415276874642,74.77128347835918,76.84764198329917,44.095212530009306,55.69742039264779,denim
194.0172853044644,217.64296392440878,233.8286734856682,246.88359831642293,260.82062728240487,274.9595977191004,cotton
605.8966030537066,538.3308422342262,687.2611912970774,684.2744914130778,649.0156551817918,727.3848454620679,polyester
83.3094863463983,95.47989539481031,68.7508489749752,60.346591429037126,64.41496793090481,50.00035464700773,denim
134.28137579680475,114.23641202421933,94.59898419982935,91.03860623234775,66.50534520343923,64.95388306701945,denim
732.2571822539654,733.2167829693287,751.7402990640917,881.2833212616619,956.5247950584198,991.2167909106772,polyester
187.5459227304352,196.89996145655752,211.2758281035529,228.443447847481,239.1549997476654,252.81699512390304,cotton
105.68767123478402,107.1154922160966,93.52614543291386,96.14959592844683,63.776655465985584,80.62418850578828,denim
403.3258292198673,436.0134841246339,461.80495594150585,483.13293659349296,508.3080836740581,546.8216387626688,cotton
371.88395224615806,406.35209512558845,435.12011201035284,458.7761676184036,483.2851531012821,497.448980895518,cotton
529.3739540094828,573.1153520531285,682.8450638014796,623.4547253467013,638.4453360175684,723.828902701835,polyester
367.00977318156663,400.3200219475257,425.05418270851703,447.9677902749127,489.9527934959183,493.0398560261109,cotton
691.0920670078141,702.7075906313174,787.8448203855487,819.7983888483553,833.4491689296858,950.9262980846418,polyester
81.14867011289058,77.15135547620145,63.309814623316214,49.13539030593653,42.02409309418185,55.01720966179032,denim
633.2783218625596,754.0396337087718,688.7026764684061,709.895158380499,712.0259697234229,795.615485848456,polyester
193.55788758743222,213.62017220491478,234.50844301009272,236.94000862666329,253.39465422709375,270.33380113637986,cotton
365.1106897127284,396.858045381972,438.731399233042,459.6071332508469,485.1069500021376,507.7570583736904,cotton
765.5990114014459,749.603582586413,824.7195345130298,844.0588292143378,890.1570377230466,978.1734008992095,polyester
107.83310385102945,97.64253343109391,112.01151011884502,97.79514629618663,80.508663849974,75.62588063462704,denim
385.501700753648,419.52093610456836,451.8110535558016,477.2545509705542,512.0913996985892,522.8730240121287,cotton
628.8279702354886,734.4276283944506,744.9237290403271,754.0004626905849,774.1982004623308,762.1964681999166,polyester
597.7825755387348,648.3226814934932,722.4055037488638,691.2717876875574,780.0262732916702,725.456814283213,polyester
89.39995167173808,82.13194385545513,69.20102069050898,49.29469515306121,53.45385174741978,58.043956834123414,denim
98.37747887735355,69.70480635955475,86.17955266294183,69.18749544855001,79.64974331689783,50.81539452141007,denim
919.8289238124562,845.2798582744306,877.7459139162236,924.5504620963993,989.3166205264332,1000.0,polyester
742.884559739939,780.8817804144281,837.6862061196556,936.8457973013287,815.2000188303107,975.9475816899404,polyester
819.9369763360515,870.0196464073443,883.1342750756988,831.5597295837847,949.5534859114158,865.4638211890148,polyester
93.70421419272917,106.30649661558014,107.11185436955954,68.19613869772998,80.07695078737342,65.51153832170974,denim
760.703840575474,881.9248371785702,980.26023924732,926.9153747887054,1000.0,1000.0,polyester
786.1841078673518,943.472990012652,845.5164387229977,855.5117280885353,1000.0,1000.0,polyester
103.79037776107586,86.51406477144167,80.87932203500345,73.02231054642517,54.17297178551192,36.672618408150974,denim
377.00566556083936,397.53517085660275,445.01819581648874,464.6953809665824,478.77661124350476,502.7557225985139,cotton
112.49650125720837,110.13672085063145,87.90763230362239,91.98347574987918,54.44445952576368,70.96193145425394,denim
366.00094313479804,387.8840909290704,420.9387475479583,445.7364313521705,479.54201072224663,485.7462978616134,cotton
806.3758738805891,862.3156334819743,836.8821415220906,881.4789600414881,1000.0,1000.0,polyester
599.8257563565829,594.730274200641,679.573833623946,696.1590564228325,788.0660517486189,754.762542349491,polyester
99.53676262824885,103.91783328744192,85.46466314197426,78.94840064154138,69.9010625495616,50.83118527083765,denim
92.93944240093393,75.31091412573657,58.57348930582888,55.48263949971327,62.37504141398942,56.960942328514136,denim
76.27849906058974,66.99905450610558,50.238863714784245,54.481997527849046,48.90712586854838,42.422373520789435,denim
190.82533197177852,217.07846844768562,230.08860941080061,237.07616995984887,263.5169367525509,267.138099816905,cotton
726.4086450570993,771.67832448913,796.8206602129983,895.716373526662,867.5427137505499,912.3202183062357,polyester
895.4495722913888,874.1993564667924,957.083025579952,918.6332510101104,1000.0,1000.0,polyester
89.75631292906445,104.68810424312863,75.63055283368152,75.1636646717917,77.52448402814528,55.59505175579145,denim
524.0120879658684,566.4972107528023,669.5392987868299,665.3920760150917,612.5452343349343,672.3695096426806,polyester
392.7688289280184,413.0998379131988,460.7061157687724,488.39782505987466,495.9085891026529,531.2074623517897,cotton
108.60244760655094,115.29195413451401,96.99812344779133,81.86375241778163,73.60856040360096,58.04470418138809,denim
370.95482068243933,389.63361441721656,420.9134141572438,442.4602661030875,472.5157949561832,501.43074687027007,cotton
633.6796425277488,600.7556212248419,630.8242709503622,725.1281174634037,779.352263959132,816.5975001400482,polyester
822.1793520506981,751.0698279852448,765.914842417334,909.4350716581572,964.1186689064731,1000.0,polyester
379.9295489551036,410.1305943599095,451.38029994982435,469.41860660432883,487.4847467471538,514.0111009058415,cotton
767.0891127346881,878.0422725705056,893.1764162785823,973.5696244532033,896.280852617051,979.3475541471784,polyester
77.99325288698194,87.41415317735839,87.01057911217717,72.42665020652585,70.0202683679149,42.46283518253051,denim
83.73650046788039,67.15955678159445,66.97859749351578,50.07933665304953,54.8814206665611,39.23627135253516,denim
192.65164837275245,207.176559437421,225.0200292433394,238.14343411486468,250.23621077346414,271.094141706021,cotton
190.50848928205298,201.9218912459933,219.22764318927906,237.51509116242477,247.93534233855559,257.61250452987736,cotton
748.1724905181037,805.1867570497957,862.0567104790393,866.6458359320808,987.6898500513416,985.4403073736722,polyester
189.1304598627352,198.9560006490921,228.78618004544694,231.25488461958216,253.28492776636818,272.22182635249163,cotton
93.09915970742236,96.93834704710297,71.23083305294183,60.8509638051269,49.57039773847169,55.365115073513834,denim
99.975417050233,89.1961985053056,69.79031815425363,76.98195393167136,72.06039445984305,71.62162500126931,denim
111.32391300615427,96.11828852222447,89.03399028908076,74.19138426541103,67.36429490393502,64.03369218071681,denim
95.22196144277586,74.91446903017706,85.29958730100961,50.93853672479959,57.19606026908636,69.51165934508418,denim
360.38487583485545,403.16921618182414,426.85612428838385,448.2477967428716,473.6694822853077,510.41751675969175,cotton
791.7883764085217,810.9595813683629,964.8003788482997,951.7097631897257,1000.0,1000.0,polyester
115.18699544984975,89.8558390364504,72.92830286133304,85.91797365854762,57.18152494111857,76.10448388522488,denim
202.64036611452556,206.33095807236987,236.0476475844758,244.316252311003,256.0294160330455,275.94130721939865,cotton
107.41538656564892,93.49277209479621,88.44790977077837,89.14537041179983,59.58439689938306,66.63434660628928,denim
74.35897266605483,51.395641336046765,75.09377064830845,38.76645100705506,50.85168599646579,41.80147209020896,denim
71.81733672934945,63.93610573686835,63.70131251946477,57.94947852606228,48.987186822015516,41.159669938196075,denim
89.72934439756813,86.889879975428,82.36373911241371,78.1791622436932,66.23194708459927,69.63841539923249,denim
190.01881457014744,209.73290599860735,226.57392041931064,237.5866539814199,254.02392847416408,270.84879564831743,cotton
184.76327181114104,201.95525586501955,221.8845348697647,226.02524273735776,242.84880352686014,259.5763109335519,cotton
121.70570608643571,96.65191639918295,101.7949030598316,77.11655140118407,91.71806549297226,53.3801323179506,denim
372.48478835878615,391.4219807808638,429.2421795137052,461.1488900797934,469.68719118692877,511.65836135369074,cotton
96.86088061701079,104.56327326264929,107.57225681988058,70.47277867646983,99.18877860588404,67.29402287515298,denim
710.2587698378178,747.2015583539685,848.1623405734229,969.7521313727574,924.1089496965254,935.8756420478793,polyester
97.67091341264994,86.2599382395588,90.3505940334699,80.25176339454049,55.625587706559166,57.58437773786863,denim
828.0066971073259,925.2649076653348,949.7882037475568,941.9212019132119,963.3103787225776,1000.0,polyester
190.8904323210419,202.7678300992642,221.54425409169065,234.99530121273668,249.15901026523287,263.98708868651613,cotton
402.90414853723956,420.03101936298583,458.6115918323066,489.646695723778,513.886999927518,536.1679112823166,cotton
872.3228127902607,815.748881501125,946.7492387061935,890.3677404256141,988.2438141737232,1000.0,polyester
711.912443993822,782.063236577467,902.3387908140994,903.1903183524277,988.2392268899122,1000.0,polyester
374.69227878402796,407.18592862644357,442.6767354768427,461.2943925236408,479.28650695134166,514.3012245300355,cotton
60.84664752875152,71.05975542069582,55.30980490655568,62.99493292720437,50.05312800999932,34.62328354800516,denim
627.7892417997581,785.7684135506905,764.9482544361477,761.6331637448128,820.0000094517235,816.826279158532,polyester
122.7002611747439,94.34311750287577,108.46019421175069,94.3494735622147,70.55711721302748,62.46846796902654,denim
885.2243371403947,937.516776943273,1000.0,1000.0,987.481992099983,1000.0,polyester
382.50404446763196,414.2672082077979,444.85936758368047,470.56044809818604,491.83555254041545,513.907185085537,cotton
119.08298094116725,93.65910318433625,77.19012792140633,72.27086719917762,67.02076865735602,57.06211412223249,denim
185.36510185158951,204.55318925337033,220.5846929614136,232.30959869047413,250.7631771846641,268.95285149327066,cotton
192.9143794330862,210.32756992584447,231.46615293590136,237.92798058995103,254.08276438674312,268.73105747481065,cotton
94.17893998856441,89.09733036580978,68.44363135096887,84.21636759378352,60.29255692154251,65.44336707181017,denim
369.1648661611928,401.01256019912034,427.7909261111182,462.4301804128405,492.15090424854566,504.01120839623303,cotton
774.7010986963214,897.6558671521309,951.1386000159898,958.9708699092649,1000.0,1000.0,polyester
95.30019251244643,108.1857629778616,80.23507880044669,65.88399508084814,53.836132932232985,62.581719644498634,denim
90.1631321601283,59.80686265851881,59.063328694873064,41.6970687790854,42.503718522732804,49.52561904710828,denim
662.6409122937738,656.5511577002193,746.7804367578134,749.7622728846254,867.5288839991796,851.4430817896557,polyester
759.3171927901111,760.4171618578412,866.0304535861776,808.4415449364723,874.2879122147405,1000.0,polyester
856.2151801855886,910.5059840111394,1000.0,1000.0,1000.0,1000.0,polyester
909.7705591011817,971.178413294108,1000.0,1000.0,1000.0,1000.0,polyester
884.5988659181161,888.4782848076636,907.8048244227887,916.248062539849,1000.0,1000.0,polyester
80.4542016410439,100.167882835683,79.08512444433768,61.529960911605336,61.844690456266065,56.541747107491666,denim
547.7076483225537,605.3193636121454,580.102189727791,575.4215665377114,642.6546366040579,648.0955075225176,polyester
361.39388722726966,395.1340257792408,419.6369025134894,448.02242208145816,477.1196449048576,491.7720278696764,cotton
195.41673485302488,206.33449016824704,224.7382114703912,240.47903361772117,256.17256137759597,275.7172254674671,cotton
78.83306274492584,81.99599611217303,47.9933762574132,70.36605840417917,50.295030509569735,51.84369863323803,denim
372.1483647112776,395.16245400703076,432.5989237338383,452.87013049618025,480.3056826940757,488.91850738121366,cotton
199.8696942718077,214.1869712359915,232.82208867153807,244.3465058914521,258.19295749891023,276.52703867932513,cotton
865.203069839087,908.1677610967472,898.5218493221746,1000.0,1000.0,1000.0,polyester
102.64011542603014,96.44410745554319,89.43082118807325,60.112539499605106,72.28975029177911,65.24539514351444,denim
369.8814875973365,392.002070004786,430.1047129669864,457.62390944979296,478.98773808253975,494.1793397728709,cotton
382.324041401862,401.71246740368485,439.0196665642901,477.4413412921486,486.7830529011326,517.4281417452147,cotton
96.14101261145085,85.56357914279246,63.65203537629439,66.72177078464644,58.129733664434745,60.66998955207476,denim
651.2580332724208,591.0814184544187,672.3711910433126,702.3680891059673,743.9853729977904,797.9214463060985,polyester
84.94675497010013,94.49813101173726,66.77122615949204,45.82002012593748,67.1091531509204,54.795571402146415,denim
109.99597423151486,98.37963765568354,77.1996342874036,81.84879981087911,63.278994852860336,56.2378505937681,denim
705.0918869968673,864.3254229033174,876.4032715414512,823.3628802982066,974.0352176676238,1000.0,polyester
683.0670987513049,699.0418821606949,647.9082115061558,685.7308348984888,753.5633218713006,795.3422202107447,polyester
184.26634460731847,204.06612266815054,222.9550536635948,229.00799304098607,242.61140563223793,265.3260991562637,cotton
734.7344813762064,807.819257937021,765.219824936481,815.8480785329944,896.6350697997151,990.4589491241964,polyester
369.0837943159695,394.1798792063744,427.3046328340205,443.0020142426643,477.163361216945,502.6506920348038,cotton
671.1580492719346,733.6476327257936,800.4730424079728,789.2694481092319,874.3975392704331,886.3271532399658,polyester
785.6963786147758,867.1819594280495,837.5539098963128,1000.0,1000.0,961.0568020986369,polyester
198.8122493109143,213.31759700909538,231.87741875674232,248.84409547021772,268.8916711303416,272.55308661826604,cotton
656.788007247459,663.8687582564615,724.4230403992088,785.9956451529603,808.4024151739653,869.8483150990983,polyester
367.21257218928247,400.25180560523665,427.72862468078756,456.7730196760595,484.07535489325744,508.33496712507815,cotton
604.8051649302723,666.9321368233102,711.813781404585,779.662011469283,743.4933787987674,886.8408168940053,polyester
191.445951207524,202.6195679613361,224.11073938979055,238.31588477488648,244.6741089202587,261.26657560707775,cotton
104.5096292898876,68.98977914155918,91.69716408934705,73.21707417144543,61.8337951403037,55.683223882449475,denim
665.7199952809293,732.8440372588383,728.085351196103,728.1398338006832,756.4191750937625,840.5794682144167,polyester
66.39918713287001,96.30883890716261,75.29404112627657,57.90135098206057,42.549641015311714,41.379983199680225,denim
693.7760045824674,884.3464367626796,785.2507265080991,926.6153117966934,931.5226437873428,931.613717658976,polyester
106.59610086895735,124.84159268969975,106.17928423809393,80.78138087201134,81.73443074883684,50.76660914931373,denim
666.4878584228519,691.9304524943038,747.6571845175474,807.7269520524643,769.2306475092623,815.9716793996579,polyester
739.1998717043888,858.0335560788185,841.315721078358,803.2022519497863,879.1194904099964,1000.0,polyester
693.9290914607104,851.1540711466533,737.9562963569844,829.2582754106443,847.1798110152204,906.2989716767489,polyester
86.99308137206775,96.20664072314716,85.43195525744026,50.668827184739705,53.83251903957228,48.185826129966195,denim
117.82918018833132,79.52264337959977,81.49369425061059,83.45781849990817,75.62887418667651,44.5381044452995,denim
100.33471169616894,76.27842245366419,73.97653951624672,64.76895922137096,56.10891838043239,57.07747111244466,denim
82.85489064004754,84.23476564545606,64.06419510810892,62.20861945573807,71.27454462263255,31.057440747248776,denim
195.2606831001042,205.5485557238861,224.6420097696273,237.00502800872738,257.668892502086,271.1155889283879,cotton
636.0017794174627,714.1247156196408,694.0379627111369,704.4629788456538,695.1804170951839,832.7158759930562,polyester
135.25874721374893,115.71199671360007,84.23359534086896,68.13255696822768,64.33267567599408,74.50353196838255,denim
101.21070719025268,93.68524898721085,74.43181566351186,60.596969824689964,56.1877577298082,64.8401196405976,denim
94.98136354370828,83.03424638012835,81.14529737375099,69.88677559700703,71.6794357291986,68.41136405581749,denim
795.7071952344471,742.7446146353368,750.4645343505987,814.6377701603806,898.1136153533226,857.4266576847117,polyester
82.74846204899124,71.09026501282366,58.82059068228175,62.13034769366951,42.44887832301838,52.45185255189902,denim
870.3243717603759,900.7790797829208,853.4246641825692,967.1697981362377,944.9548653088585,1000.0,polyester
96.28747124341875,95.44017560181763,82.78288378005313,93.70419842911377,58.45130616293787,68.70643460283068,denim
632.1991812802402,692.9143592664425,723.3645076173356,776.3715006696702,729.6606964996729,835.185449214595,polyester
186.939771392653,201.5743383796474,210.2935867636886,225.3865204569342,241.66844428804868,258.13645952774704,cotton
752.3562767788992,859.0855951282142,1000.0,1000.0,1000.0,1000.0,polyester
75.2039720229374,62.50476162389976,62.26377605518647,59.46859404215434,52.54019634301579,47.11220528126437,denim
198.39163091072047,215.3763033115441,233.70086634915984,246.4312165237863,267.0821412952627,281.559789514635,cotton
942.6340875015795,986.4206145376685,920.5766626853989,1000.0,1000.0,1000.0,polyester
113.55525914068359,85.70139747905324,85.99725993329413,94.83546205305095,72.86235234282698,73.47602034086661,denim
56.29126778520924,70.78456469532742,75.73899508005638,59.90063774791947,46.02269891719007,44.24641604292226,denim
122.08265051631984,109.85147572630135,100.79265059426326,65.0296443787557,73.58425585036136,68.02582559574616,denim
72.93098853110449,63.01082586660481,72.67014150291301,72.88845389830655,47.107226065083125,42.99034091351121,denim
102.14921886668012,87.97882356628695,82.02450709398553,48.811382547237955,53.28533030333298,51.60794237202069,denim
188.11040302869054,202.7133414187216,221.36283659747656,229.94523908704565,247.66337538093143,274.0049112455058,cotton
567.7394240060615,579.9653025086072,717.8629288851661,670.5598146429433,726.7583294216853,795.0486750068009,polyester
113.50883712869424,90.55356740704492,82.16790723901441,71.03506955146284,51.842920040253844,67.18760005919525,denim
70.57437444241037,52.21061193472871,56.44503117699064,46.43906551212892,41.60438024190529,40.293319611319816,denim
101.9927267948024,113.96251620032643,72.98675746142416,79.43358886243018,78.90979143098176,54.62294897463017,denim
886.1245623612164,989.7075198856506,1000.0,1000.0,1000.0,1000.0,polyester
82.76349501860716,76.85491082929818,64.30757664072188,76.13298166914774,54.15172780342422,42.70621537816498,denim
111.71313932379341,123.8887391012203,85.94908055184263,85.92369509862152,61.43694808142721,69.88955535535025,denim
577.2895326765502,583.5957416120582,622.0184516676103,681.3567729941242,702.8065866317365,647.4086346621369,polyester
816.1609664348307,961.7377388890261,965.0001797944948,927.8071322531129,1000.0,1000.0,polyester
98.29035591536531,91.01368114940696,87.16181976174157,59.15286638085346,70.34013544662729,55.204665037708274,denim
88.43042362588223,76.6098311534886,58.51016145907507,68.73575720000505,65.36592411145783,35.28435813885892,denim
191.58523181905278,202.82989593727333,223.62223641046455,234.6231988859117,250.03987320664396,265.00473423159707,cotton
114.9118269368734,104.85999318964673,93.92051150503106,82.18437588912018,71.57544127934541,64.62196636614924,denim
778.8254651442669,858.7715819711282,885.2689231421451,1000.0,1000.0,1000.0,polyester
602.4956133442842,588.185573288622,635.0773461068942,667.6137673853295,772.5277508634485,668.8610359256029,polyester
746.6281450228932,889.5595793964393,962.1150044174102,1000.0,955.2073958321685,1000.0,polyester
670.0923302525157,664.1590141019133,641.9512971066833,708.7619660620439,802.0803182524946,742.3109221363284,polyester
191.15423158502495,212.2669779899692,233.95948613916218,243.49877953282333,253.28652232275266,273.7645109345807,cotton
179.40746682971817,192.42336846876162,215.7728109940756,226.178924166232,240.1640952640619,253.33430752217163,cotton
69.91335041041579,74.11533296635963,49.225520956207205,62.283989152480075,54.78963721419976,49.34750090235981,denim
184.2894006273407,196.26821301492265,215.71164626905042,230.61091386537646,244.5976506673237,252.08298707480378,cotton
197.5791146044235,207.59249410854312,231.71452268083064,239.6500400640123,253.84317378015382,272.92261545367,cotton
84.85395737068849,80.51139877798232,79.66712877747663,73.11426785109158,69.69229300767883,59.56667310470417,denim
181.65387434381648,201.89984760821105,222.79430076775017,234.04227478132827,246.25744987527347,253.53603982646234,cotton
191.3280506034074,207.74104847585357,233.91719546270124,242.12506393063464,252.31209950755837,268.63229847336015,cotton
75.07658738245698,65.36040653471507,37.47430609990987,55.579871263991876,30.126631437732005,43.11088232369085,denim
625.6334389213532,758.1787663209715,807.7661852899955,738.7412325486141,881.062569337023,863.4199559338396,polyester
377.6384304522676,412.2955167776583,457.53577504236284,472.36296990199423,502.6777746908546,516.9020652048704,cotton
72.31223962292768,69.87541000957164,62.485621463542486,50.89104136406388,58.79142120469399,48.785078586117145,denim
694.3903190380681,727.6107342960528,782.5102530022563,808.827422792433,956.4328263439666,987.4003827338308,polyester
931.325643366947,991.7960619387648,983.5407105004408,979.8939004070387,1000.0,1000.0,polyester
375.1088549646904,406.58574640163454,430.1057799667688,448.61960742630754,480.9669045193156,502.6010631801174,cotton
181.52028578918632,196.08893679197922,211.24763134965116,221.78459681346314,239.05651835123808,253.21125034315264,cotton
671.8291936475863,674.2005644807547,652.7088276101566,709.4191525726428,705.6380773740416,730.479176387106,polyester
81.59600203797821,73.04891757203531,70.46394903121391,41.28801101858111,58.67109912115053,49.5645073082463,denim
704.5699070331312,844.87113037499,890.8589116546369,958.2474215343949,1000.0,984.0889591257294,polyester
81.54169243282882,77.13893644506953,83.3196034766251,51.06849941289538,47.75305502351615,42.970994029422464,denim
652.3246796242295,639.7909741864095,666.1882577330832,763.1588181955856,805.2746095455216,841.8926019675837,polyester
187.59113998192083,203.96128327393762,225.80570491612912,233.26415534487967,254.91962690649777,268.35003654340335,cotton
806.6869307036322,825.3228992837942,903.9472231835321,797.3845079016938,949.4635844618542,849.4165951201363,polyester
696.8325731670496,738.3623647355539,804.1901307585584,822.7130768578987,775.0034811266075,842.7431432438062,polyester
195.81488264502627,206.01035165001062,225.08348814798336,233.7557568248717,255.84729771604242,274.6230232285549,cotton
950.825541227484,1000.0,966.6089954422173,927.7438213807314,1000.0,1000.0,polyester
750.8792278243089,711.8501706386038,852.2413194362275,855.1743968258013,904.2812443454,970.1611760818241,polyester
707.8968355606063,701.0180641922731,693.8486230547622,837.8302488196066,795.483330613351,780.1443228425375,polyester
706.8203529019045,797.603445226671,722.6822121154164,888.212817840237,886.862598717415,971.2419265964173,polyester
809.0157909942589,775.4762237837467,880.6305754786858,980.5552256541339,955.8582526964897,984.4938664989147,polyester
767.1126863947811,743.635669673507,749.0583390521463,824.5943859222627,987.0062977453159,980.4989524534913,polyester
195.1927442490346,201.1017585609626,221.40361181356832,234.82808804187243,253.91594055161727,269.3351772826057,cotton
84.99442879446103,62.52810417109258,55.12071488365628,46.55871357815112,54.743460637764116,58.31728574691347,denim
376.94138181666415,394.2704147893635,441.9245816741977,452.3758239155015,483.7679810722022,519.3819307156728,cotton
609.6617703173588,770.4543514782973,727.5172682679319,756.9109179826754,849.3504083840583,894.6438079602617,polyester
657.0089241604992,660.4716346688283,650.1455260381695,726.9792792648658,682.0225652692795,830.8029458513436,polyester
844.4959123559952,817.3281827252183,809.1999202683189,855.7221723786275,985.9271253131516,917.4190179761104,polyester
195.51778322344902,211.9025344232751,236.53286018911717,238.46471570781807,257.8144425999303,274.5811184991042,cotton
180.10434609262035,198.32317409373522,216.74517502079303,221.74357814161868,239.65227947571583,248.76517240218968,cotton
390.2921322847274,413.0663487517308,462.744582098415,486.7826968810658,508.623488240429,538.2006368471195,cotton
114.32254306289975,95.62035431049046,87.38112443264137,79.95550656986835,78.39554066247936,66.57408337679318,denim
191.91029938947548,207.84593730083827,230.47465162026447,243.1067530718449,258.0011908349874,274.46827372431164,cotton
69.19737402813587,64.20381237466326,72.76507462993581,60.34323011095434,51.160369250285434,53.45149121996962,denim
100.06457682867328,81.30098591233468,78.42140796833665,47.995447077837525,85.24165414807638,63.09053921314512,denim
100.74511374906261,80.3246176030644,90.05401094759974,94.20716746866486,70.82867790738293,65.0898450118214,denim
110.09585435119938,88.02148055057614,92.28642404541704,83.11268984694863,68.44037702054402,67.80696395576324,denim
686.7464133948207,731.9549250033575,791.8944559045116,857.8153193273262,942.6412730338998,920.210302273375,polyester
94.39749311389197,83.66629280187651,69.30889300748917,76.2936367443293,71.49582834722354,61.70350036415956,denim
844.6871191625966,781.0891788450213,982.9200629522799,891.5264816625682,917.8494450751926,1000.0,polyester
122.65199326784374,107.9967352809996,88.55529924438862,74.56955765707883,73.311149284863,72.60332884327302,denim
94.05894814691051,72.56137483962763,73.46644574952444,56.33587909985589,48.58366470294802,36.28427045558654,denim
402.51281674609817,435.1829737234279,466.9733481198377,487.81283532670136,515.5205842108202,550.5776126394261,cotton
674.6990162897722,730.9741046067218,766.5988140261945,821.0404217970495,881.7342957372705,911.0248815395239,polyester
367.9532845270091,397.63699799811224,423.5396410058367,439.746422939318,470.56558245146243,492.4446505966504,cotton
589.3329395345114,711.3685250528818,741.1216867708567,796.7295480804491,792.2613564360269,751.826582515867,polyester
72.06657738561594,80.48031036018365,83.2188421921031,55.77312790500683,68.77504529604616,48.015373892638216,denim
193.9056698314133,209.02877966287141,228.6625282446843,237.3026075856924,250.82131734771093,274.3215668777972,cotton
789.8459536912619,699.3442308839049,844.3074398065287,853.1666404448707,889.7922389494078,936.6033023631237,polyester
104.53998951594468,100.5749597092847,89.08288254132754,74.40700877083839,61.043034667026944,56.44609420221357,denim
361.3298407982875,392.3621980788206,427.47824794826835,454.64100296261904,479.6505527130782,494.8932708175074,cotton
176.86383476449382,193.55306305126106,216.53429125707322,224.21203772858087,242.98243685883418,249.26298746849153,cotton
112.33179306271525,101.13253650688176,87.85039976532558,93.70078367333213,68.72570345321985,67.34202392566762,denim
95.56196362968763,71.57858176345259,78.93955741953258,81.49630899669758,44.0168287064066,50.84380828570208,denim
497.21045665735704,613.1141089950505,615.3473422189913,596.2371418452266,677.0664200068132,737.3419045280862,polyester
112.44035363484056,90.54696769746496,95.5649750053962,75.82817373466563,67.76665540875521,66.56186974046389,denim
824.1158894693683,975.8151559001035,875.3560556496981,1000.0,1000.0,1000.0,polyester
649.8040838060199,650.2975822686441,733.7079611385535,722.3671342647167,764.5055199539468,746.4274296648115,polyester
364.8323454661222,398.59142643507886,432.9738498522084,443.8929201450425,480.8609387530438,502.4356087918462,cotton
63.95775473977748,63.56289799964592,62.95691320890007,70.1163846667777,51.06007069942507,46.48354414076412,denim
180.18387730587193,194.37786013489398,219.31642579040957,229.33409262801902,232.72510336886208,248.8573774793744,cotton
140.42199022434346,115.9742816939056,76.61934216530456,75.16501774369021,80.01537194166607,67.26765907561291,denim
570.0184465213026,608.5053466620036,632.6327507923527,651.0491751541466,682.823106221612,730.666413883595,polyester
127.2177625909958,93.5281444066737,103.27480530562242,76.46262674810247,71.77821284759753,53.430972173284346,denim
195.43928242237595,208.5397161224245,218.47081984853813,225.94662889568448,250.75928773430857,260.86089816167834,cotton
388.04159358434885,418.5477807059014,442.0762744103714,467.3010129701842,510.5124075997081,516.8445274457798,cotton
753.2653188902543,823.2964387046717,849.7205814266988,910.7521363605355,946.3338154123545,965.6566417815699,polyester
382.22419814074254,419.54061446724756,465.89950534642503,476.310385615337,514.4652805717411,524.2452943797759,cotton
378.54159729548985,406.88862700599486,433.7009388805085,468.7446632997837,492.89670962875743,511.7120324601835,cotton
362.4874497526992,395.0483195677202,433.42736700902543,450.3146354737988,485.06842948854137,500.45378312021006,cotton
391.50279001130417,422.8474413140845,445.28385560891496,475.32450952595974,497.9375749283158,534.4337770978702,cotton
720.8193903367232,722.3686486440045,715.0824536659525,834.7524804025302,846.9726786103961,903.6624820427402,polyester
195.4333381539237,211.35380088431822,234.55511723778463,240.4082322726937,253.02918085391522,270.5934063220837,cotton
90.01183176086981,81.440412754139,94.25402886856828,72.14500989883553,65.60537677770338,46.90565998078506,denim
92.79452286525984,59.98786907334133,61.20616536065344,51.679314696696515,43.61293437670765,41.296322081364885,denim
199.9711296682741,214.3037446537815,228.0218376185389,245.54972828002838,260.601456716262,278.45118981092924,cotton
376.8017855148469,416.6427205408371,440.11855585086226,483.03034034845234,504.5639266574593,526.5162238460344,cotton
773.6283110597212,851.1731550930897,796.2538323086367,958.6622345729468,848.4874181119906,990.4273622507765,polyester
182.99803156068273,194.2528807817609,217.30122739355272,227.2803261184083,237.90019389767753,256.8536399789968,cotton
72.10112038310896,85.026276334103,87.99688387387923,53.250706681267665,55.74995414960658,61.13998361221471,denim
894.5326012920343,902.0557688540312,906.7680182944234,1000.0,1000.0,1000.0,polyester
390.57525382635737,432.9945522224863,473.7684342861478,492.9742986349914,522.0425293649827,535.3903563779684,cotton
781.1558453149354,877.4445591695869,767.1619782979496,841.8338154183749,941.2593691061371,916.4925092440868,polyester
643.2924982408641,791.4090138899026,775.5724431742951,833.8194031636393,813.2951990464044,909.2139321082022,polyester
102.46472254152178,98.99224153225522,63.086996309320455,76.1680456259042,61.98399664508084,49.2180635674174,denim
205.2021197345345,217.57968788339977,241.5346897262249,240.02239662022643,262.9866796131347,279.7382964447462,cotton
362.93743091590744,394.0476527127115,438.847797131271,463.03657073383437,483.3473752528145,507.47936705067826,cotton
653.7246840389399,610.9925901821168,657.3316528650575,671.3136430259829,728.7484219018327,738.2190964153681,polyester
119.46946447462089,81.20947641856114,88.85476965789165,81.06360241467041,59.674048740031495,56.08272382288782,denim
94.6576871165301,72.74703797899832,75.16153499242823,73.66144962107066,74.91122904996621,45.09467335176258,denim
790.887016513932,867.4221483754478,800.0364210119703,983.1023533885852,906.5092396662611,1000.0,polyester
817.6939358162277,783.0440431931785,941.9789364550504,877.1921784750022,987.1445498912708,934.0834443484911,polyester
705.3533183495917,675.8158610145485,733.0911190998778,733.4051541343416,753.2455592294592,755.77000190997,polyester
203.9478483453469,212.09252042345085,235.25521950353453,246.5329276569863,265.51990528006843,279.4283274067322,cotton
581.849989180909,583.8188748160671,685.466916932506,792.1852434839759,835.4536511043603,729.1755149136202,polyester
71.2193386660061,72.23193790942786,64.67984615021443,56.758632576235115,47.954226801524186,40.623150398775266,denim
835.7002158240824,955.7443221484795,900.7841955242062,972.6691877251106,1000.0,1000.0,polyester
733.5537590919988,688.1121544472526,757.4029983276487,864.4780266791881,834.4948319111724,919.0010873945159,polyester
101.93003897979601,101.43990292566421,76.59330449738106,83.21822218181055,70.25074231934272,59.206182066088594,denim
725.6882899009937,730.0652523404469,820.4578783929393,844.9095970633197,784.0280270895734,830.0782095362188,polyester
77.73023363254072,79.43184579748178,71.814042220552,77.93195232806701,53.10821340282142,50.302290326041515,denim
851.5758884505392,853.7144559488031,967.5913437529268,971.8700079888926,1000.0,1000.0,polyester
79.03389336978056,62.42481167930234,59.69414876127629,60.119016660384716,52.66879373513159,42.43455790353152,denim
374.9842534040511,410.77616356337757,453.9896218763539,476.9223520004595,491.5258829617647,522.3106789616857,cotton
362.25472731861953,405.6470701500634,434.4562692515764,462.73788471364924,474.34630252784893,507.7562363668826,cotton
191.19006577602983,203.73103971320447,225.36325460813586,231.59557300447042,250.41898361024354,263.44737755792164,cotton
907.512335505591,871.8462320794382,1000.0,967.1062400228318,993.5851902211073,1000.0,polyester
199.61118721088914,206.8552628688416,225.10677001077457,238.0101866692533,253.57088870649864,271.1906208111397,cotton
83.71532504450053,72.5900357926447,62.14344470868278,47.55737401860822,36.85894113510955,38.44460105439259,denim
91.29554798061994,54.792561881653505,56.18251362229124,47.206071546272796,49.323716931832195,28.792657484995352,denim
89.71463342527957,65.63203760416621,61.164891601352984,72.36279186862049,61.06766070020936,48.03435895229926,denim
658.4096564771908,816.4403811182157,725.5450889712454,863.7258489257385,918.4141590471324,988.9504082971748,polyester
185.74639493882032,197.2103315458672,222.36850394434234,231.99566443368064,250.89823162536268,259.15971588199363,cotton
88.32800086723348,80.31906885456006,71.30862668598884,76.63926146220149,44.17711954527534,45.243116334215934,denim
381.227426643524,421.58754747032157,455.9564010810418,482.31151412194987,505.1383934347027,524.7659714677962,cotton
831.5530011954188,773.3263464941455,945.331185867944,907.7987972560137,863.7145709687574,1000.0,polyester
679.9382502409613,797.602865915772,823.6692872750658,927.5924822884188,942.8086029798932,882.2489137570843,polyester
623.9074825036978,671.905925493526,715.0809465567024,757.6797194240551,772.3238262797493,790.5853327766864,polyester
723.2252642857446,849.4216708110835,865.1644596991849,798.9287268403776,849.0736053256004,1000.0,polyester
375.0799732462301,414.68051487963476,454.35061227453485,472.6374685460824,499.5553181971392,529.4917087747085,cotton
903.2269622757708,837.0781316550203,856.9007296631108,1000.0,997.3962120176426,1000.0,polyester
70.74914895684152,68.77201917200098,60.63525860525012,48.46699440112117,40.85452784191401,42.58397001096925,denim
378.9193827485939,413.38780132240845,452.9454140036148,472.6152253824997,494.3111014121296,509.6149658062329,cotton
118.8151480118204,112.59849995384975,82.25873997994186,76.7184013613391,67.83703396467148,54.16900267597285,denim
91.17067303412414,69.13529155636101,54.37310032462889,53.22073884349446,49.56189200844732,51.76117182449699,denim
396.0452578503273,414.7907287099896,459.22041075975983,480.2245798330733,508.0306581735177,547.1738156559204,cotton
199.34158422915922,218.284536200937,230.17722590673236,243.52093110548367,256.44777119013514,273.6388628716344,cotton
363.8222572765518,390.1216542279595,435.4087736709321,460.4593819195291,472.95132768225267,514.4793109041361,cotton
86.19239442834997,93.41383961449701,100.47592034997976,80.02628048685645,68.57152654100689,59.29848639980617,denim
563.7200061721894,576.4772087091937,613.1512758905276,678.3694555798648,672.0807389682722,749.575157561359,polyester
103.58145559011876,89.72216282052081,92.80793290457491,80.65865190480902,59.74831063771363,47.62553316969052,denim
532.6008879543634,583.6315099271728,699.1206754968076,755.2339133667199,759.2982644509442,719.7032456650769,polyester
359.39972610178603,403.22514673848644,425.7538703622554,445.93332116630836,469.66188643139367,497.77595709802415,cotton
75.16954476062372,75.99410063261226,70.43618985333474,70.40777491738187,62.4839749425428,48.17172447158853,denim
399.70955762056855,426.18086820504925,466.00101330263607,487.35028621982343,510.20939682744336,534.1441550571753,cotton
368.35724624727504,394.49799014806973,431.2859344937179,463.91655514879756,488.5538069861108,512.9579268987247,cotton
363.3711579313159,400.3104114480501,428.82874417495486,455.33219467416853,482.91423466113133,504.2112560255286,cotton
99.43808102970003,73.69677436420262,70.91726958177041,72.12766107177592,58.92554329925346,47.50628432203762,denim
76.24691101319726,57.82229736503302,63.12426098409074,42.211495078890835,21.131258571892346,38.21708064988073,denim
81.58729023183122,66.6174122166918,55.66544955958659,51.56115231399127,40.98401994003141,35.3399282822549,denim
734.6708898198406,852.710123108866,905.7292853330383,994.1051166216437,902.7396730142846,1000.0,polyester
184.94952552336858,203.2518699723481,219.10519321679976,225.97109998953627,250.40839956815194,263.77643614448004,cotton
384.1250270199919,417.5316752926998,450.30898088963886,470.61794803685234,502.0878060556557,538.6629017420357,cotton
193.05229619828094,212.19118879840948,236.38666027380486,243.50980155526432,258.4888934604366,273.61255319661615,cotton
91.11745612152365,79.75792475130362,74.4584066591488,72.54892032380153,50.519592020715464,50.74714747396013,denim
586.6187208358373,565.3684530501951,691.9409720828783,734.5124450362463,773.2041778839786,675.6063731880747,polyester
374.42008573137093,402.2521814646184,444.6027759241457,464.8480357439547,484.01998771360553,510.3086598312125,cotton
89.29632905128229,102.53099113822094,82.03596355409353,69.92599815970225,70.59064666182203,48.235238810497364,denim
71.33103376701993,88.78096911591767,60.041246852624816,58.02784281882056,58.262692358785735,45.79807453267508,denim
61.78174726781063,61.79328456438956,69.84462167503698,53.276082026180674,65.54538703268229,40.95816984952564,denim
91.54193081559382,94.9483179898252,90.94985178640913,74.65746232188904,80.86461965350492,70.13415525907105,denim
379.97276168342086,416.3330185758014,441.8600044552605,471.64467439912187,501.79009769535605,525.2182616736075,cotton
106.62393035768307,102.83770472154664,93.57823323413943,68.33074659797886,70.13829713907941,71.09200664713613,denim
109.02103146293221,98.47241944844151,98.43230465560048,78.14437256893484,64.6895273655109,68.7768649821478,denim
86.72852761572021,90.20636300864739,72.74488171510828,71.75712581515278,63.831042579767185,66.55601585826871,denim
94.3821265462297,80.42516139643375,83.77383097011547,68.29432063168039,78.27361672736475,64.55942065531525,denim
691.0154272509506,715.5574218752679,837.8513455383113,923.2010654864599,935.5420780121268,869.644429883527,polyester
928.5215042085774,1000.0,978.1072500112633,974.6561657739486,999.3989400926148,983.2423284132157,polyester
386.8478037248728,408.3362624315333,447.0972528314631,467.3143540568303,503.5963672718535,515.8443517281048,cotton
61.975879541775356,62.02608703596735,58.98026395184002,47.623888230519654,50.93086632722286,42.81588239316209,denim
188.89853150960096,196.16486661269545,227.45614518113936,230.92206642833744,251.96905318517028,260.26354581611884,cotton
104.2949114026802,86.34167354369382,110.55774320966998,89.85504656345,73.70737740720779,59.24789792952906,denim
933.4932101714221,974.4797915529,1000.0,1000.0,1000.0,1000.0,polyester
186.96544229299553,198.75767427660247,217.59187408163643,233.65380062158872,246.88055971837704,259.9443153305789,cotton
101.28152324322727,78.02633178699128,79.33452220580558,82.37153530659975,58.719616580345495,50.928787778628006,denim
197.74974524463292,220.14570827352364,239.4645212464745,247.10229605654686,263.8035270142056,275.7846465717079,cotton
87.35666593029799,76.23536695872185,57.84954861881337,62.70712644248512,45.46663049696829,47.93503581506395,denim
97.20620966190928,61.52729217978032,73.68809243567725,74.82980597065354,54.05473079553858,61.67969829086668,denim
88.77658998084365,73.41658760669532,67.0940407763806,76.41109488840173,41.542948050862776,49.16057988576559,denim
560.8616069583074,592.8936905539937,630.16444664005,646.3291671188528,690.2388854923091,746.100504109693,polyester
846.5379769062231,759.1274817077615,927.3581019193579,853.5182525335042,912.2232183833485,1000.0,polyester
377.0622741415956,408.51397543258577,459.34091801937836,468.9671126767793,493.185338848547,520.1141085682883,cotton
895.7942290965669,969.104566743648,914.6096188322044,985.9580619688636,1000.0,1000.0,polyester
202.45573670391408,208.83886043058394,235.37435043501472,240.74198184473832,263.6038304236854,275.76914662820434,cotton
125.90876196379278,93.7044058621445,96.11956448864106,87.53341047220889,58.21349902576691,62.10432481051042,denim
400.6268002185523,429.90417779958193,461.2509843728801,481.15963757635757,510.28376665796964,534.4416362771335,cotton
76.2370281379634,66.14065965905999,58.84461305111817,54.19615612830131,60.44973211784141,42.40703213176672,denim
107.80344898212228,102.50242099585884,83.51388821128711,76.47811998076973,53.4348076420902,77.04575746319817,denim
677.8537130700025,637.8947345715441,717.5369815653166,716.6867504112954,706.0436678527169,724.0249007974934,polyester
123.46095288732215,100.3834053120601,92.10381907082295,88.7562076790204,78.28455536821743,58.40682979367127,denim
581.2462744816931,618.0682150076914,721.0669881753997,738.302840557471,694.7593237274893,706.9961784779321,polyester
379.04935400611316,422.2821533839898,462.216466905425,492.983838374961,505.89801408048055,536.7159941350321,cotton
181.46488433308204,201.7279680971563,225.9512459147196,230.92904363061461,251.3061473607074,262.8058074795147,cotton
715.6985835737402,646.6022380220237,697.6470857653576,740.0476005070168,833.5678877292211,816.899648682911,polyester
92.85268112613723,72.99741153573885,83.91922752397966,71.18748300471546,67.20721992765468,50.166335936208036,denim
83.41386709116888,75.98822639969966,76.07776204161334,78.15321859094665,54.37684718963866,45.46727295312303,denim
798.9089852705695,796.2483618209967,1000.0,1000.0,923.1352855494599,1000.0,polyester
888.0930652807908,829.8885846838803,941.6752387571104,970.1570014988599,992.1960938152988,1000.0,polyester
116.50065957493011,84.6282472043957,77.42313809667594,70.1971369634696,74.56280268902495,59.54540891192001,denim
767.4737068736182,851.3504448058244,897.963218154751,914.8975261858358,995.9631359951942,967.0726789150496,polyester
670.6784057025841,671.1561410180847,725.7503948911316,764.1395584161147,841.9361490848898,785.2143700375852,polyester
659.6767011324328,795.764722288681,766.834813280756,819.9200438912429,830.9546139812319,903.3096414158398,polyester
190.66082657694855,201.29695404440506,219.34232852211983,237.06672791735946,248.5712532027266,260.49308293633305,cotton
844.1191761607613,970.9286663722868,1000.0,984.4700966813575,1000.0,1000.0,polyester
390.80802519338613,415.5190454478456,445.13447350056464,465.02322135699757,494.990982066857,518.5577214013799,cotton
190.27937170955713,201.57347388902164,227.0755202928947,229.82505740013482,249.85761918871708,264.8184881994955,cotton
381.2167188225265,420.73621146649975,448.9732360582812,469.3089649906177,501.945735243763,520.3851892551791,cotton
398.501526612791,436.1311672493488,469.00702595024507,485.1309515522091,522.1267435285496,548.1139212184337,cotton
66.37409571789111,66.50562789011671,61.58987355676318,45.487167848084894,52.19593576222891,53.466786608598795,denim
551.0626743059313,620.545523994748,591.1230826556208,595.4857717997642,610.0855613585983,703.0463501800267,polyester
592.7174437456155,624.9822923136894,602.7728888682491,635.419229312056,728.247866829799,732.6407725289955,polyester
67.83284170253984,53.448764158821405,54.892075487920145,44.063010215888696,41.37952061456699,42.19100115421282,denim
101.10626943520819,103.17193684232613,98.21193606166017,96.5383956903764,78.33941953775043,66.68373189806731,denim
383.69072686159086,410.8334070596934,446.04709768965256,466.7498583045986,482.8089881398491,514.4519408970925,cotton
689.3854861723155,769.4323695464842,796.6110624396619,867.1205601593743,833.8220850828994,866.3919251630484,polyester
106.09065613075515,83.51691379671719,90.77608390858218,71.7033192151705,65.49760361233217,65.57406379763019,denim
791.7628124907317,891.5123897633338,837.421467635742,930.8874601047559,901.4431204615997,986.9393773990204,polyester
94.71875378793037,55.18399016122077,60.43120044959044,59.648649193205145,67.70666390318227,47.58978288023349,denim
837.8078624543043,942.2350063876582,1000.0,1000.0,1000.0,1000.0,polyester
524.2789740738206,646.7737406086338,622.0129769053544,638.457314070724,730.3457854920597,652.6848635025356,polyester
658.7057292987814,613.1544916511803,715.0956192132234,759.350739531115,766.7471479041405,831.7809562307101,polyester
369.8169172117599,400.5131947192792,431.68800883774145,463.4300859923768,482.02181140514494,509.24191134569134,cotton
588.4291352376252,588.79997061651,607.7203277158482,645.0382201856514,669.2237764324168,721.9968599143201,polyester
389.39645871704136,409.23954491295495,454.6760353495578,478.90042041840053,501.94748319143275,514.4966463869271,cotton
914.0451490546474,900.503427886203,896.9382903160301,892.8096371440802,970.4069668836538,1000.0,polyester
353.79845447262556,401.5416415471396,426.00875278059027,455.20801064940594,472.9576568623364,485.1830178667069,cotton
138.86693729328871,86.6546040132419,95.62974316924924,70.0489863499039,79.05533288466793,75.74951485251432,denim
524.0745542971351,622.2104401566696,599.0774137916402,587.0614953371149,687.2926622863232,784.1408922928225,polyester
762.3696729304855,751.5436891809642,840.7161789187793,827.9090666544356,932.0881971729755,1000.0,polyester
561.5973175771032,639.3452625813995,597.4012762127624,696.6745885029499,826.2937021797275,782.8318641863502,polyester
867.5861313926663,812.7225563753018,799.1755332739303,891.4914652351703,960.618628851257,1000.0,polyester
193.58625454191142,211.5434070422745,235.7382893776186,239.99077644634335,259.98321173469037,268.77881066709585,cotton
795.7096158578274,902.764275778719,1000.0,1000.0,1000.0,978.3472423201299,polyester
679.1919225394322,739.4229617522938,663.6672245133175,755.8385511619106,755.0800501701215,833.7682590449631,polyester
603.661967519384,702.1080444414437,721.0360016171429,781.2484166908439,806.6247236541475,751.3576153728413,polyester
119.47965304603855,100.68219023159067,71.98979500428418,84.49175654001914,68.49548168684491,58.992438370962276,denim
98.27894438753707,76.16833364357566,78.05988944919181,73.00365976277358,51.95631121218966,62.769636329432565,denim
86.02475702662743,75.12258478271738,75.4759402416376,51.063929879199634,50.47079005898324,58.9568034889316,denim
658.5070890786733,685.7532715888019,658.7214379227074,701.4699702163515,686.3952549269246,760.9147377783817,polyester
182.85514487792338,200.32844528989415,219.61586171005825,230.04291658602787,246.05124660675102,258.8357065048618,cotton
197.26115394146328,209.57799060560012,238.48694206555734,246.86779929254052,266.32374393348164,274.2498905950757,cotton
99.2536929520179,64.88977133451746,62.509177656908406,52.27608235932509,50.33506078700997,43.920054650959514,denim
184.79342039598927,193.4244333739694,215.83462357344504,229.34837159269048,240.89039919687812,257.79872502601415,cotton
195.27557104868544,213.5313446609946,235.60416098355165,242.73144950418617,264.473574707477,281.5447175953842,cotton
562.2720159233442,587.3927161836382,633.9948070508646,734.0644163503134,718.4717497261468,663.7669453350688,polyester
389.7019440725652,408.6526743301908,433.3637579542499,466.51344140980405,490.38563656516186,517.2302227890456,cotton
807.5579106843766,866.4452552085005,1000.0,1000.0,1000.0,1000.0,polyester
362.09626594295094,395.8459346920158,427.98196379390924,461.032005208519,478.43526894208264,505.69178604221304,cotton
120.74656470413801,125.65635230620916,89.36625985449417,77.77275097760894,78.12305860649609,70.55284971862615,denim
395.452811041174,425.3521228435412,467.64853707766775,483.4635334100983,510.9502176119415,545.4869485429508,cotton
106.27730785308546,107.39038744284356,77.27676898333068,63.91672464942316,58.94831645415683,61.99115853811889,denim
92.66484065002072,87.02309982878408,80.45739367749367,56.934669554265795,54.45380242967906,53.46391209462219,denim
384.5306113484213,411.87689893662827,457.2239362925813,481.59944022752404,497.8522579388624,536.972263460501,cotton
374.4126958032307,408.11883108552894,448.3623347650631,462.8838962979716,496.95514692949655,514.5810606718552,cotton
190.8632109365758,205.44008243880876,228.56857517064694,231.44359185050976,251.12898733142626,268.3150732716565,cotton
117.85246997234636,112.93736279931093,100.01708819202689,78.315576113775,82.71108483389273,44.43576224779237,denim
857.8953992870173,850.0844054990796,952.9941604517622,947.7837613570603,895.5416798950661,1000.0,polyester
198.73741555037236,215.3800241370074,229.3404666988355,250.6979781855947,264.80155750582384,274.6325717476,cotton
361.15569413963385,392.0120275332349,431.7096602271373,448.3531485277797,467.1210136696278,497.0777060690068,cotton
73.38231036906465,62.098022120284874,73.16148413711214,58.2401395496817,58.832777744387435,48.07556580245864,denim
850.3831797301383,790.9883045318945,992.3312980910472,921.7694245909541,1000.0,1000.0,polyester
97.68991314361631,79.61326671707916,71.32592999860626,53.01069068886746,60.53816185273014,44.52625669422104,denim
853.6560246714296,877.9991197809776,1000.0,961.8013227485044,976.1822544057644,1000.0,polyester
65.14480056601796,83.07013928656542,67.05447898788059,64.92997109337455,45.642342686051826,56.53590811673154,denim
94.7157538289316,69.84782882465875,74.51831767863877,77.88718288289627,64.24765346192845,71.11065558835367,denim
83.20940681192234,78.71050222213997,65.4999710939516,46.81572171476481,53.98757889801187,42.84025895967971,denim
75.46405482566902,69.2829113868851,63.31748982287081,53.528526426152006,31.686948251633343,62.991581384671534,denim
368.6671782594384,406.69185497392465,431.257962670255,460.66157878265886,487.99674124681974,519.6472520499709,cotton
384.1528124225638,414.0926264160067,445.6210275579787,482.83522775873007,509.96063764289136,535.6049445036214,cotton
63.509639045260286,90.66530979171142,41.021683495316594,68.08537631226402,52.97723805806948,46.58076542472942,denim
399.7418437937431,434.99853237300505,465.96778194155024,483.57873396074683,521.6725976767436,551.3032860081784,cotton
559.1484742047136,591.4889477337077,648.0133859657221,700.5261767592558,648.2159018271542,672.9271091255874,polyester
852.3779473195366,852.0899746030765,903.0618324208857,1000.0,1000.0,1000.0,polyester
191.13483176658733,199.34622084587983,222.1020928837041,230.29039056848168,250.5593683594019,258.72270857282825,cotton
678.1922381560942,748.1905253806517,827.1822913217178,874.1539574673161,891.5587259039075,842.8249765870332,polyester
677.2635241135586,730.0882876560693,661.3255211991648,678.0673399355146,816.1002435015849,749.1853525694441,polyester
103.15832521929414,96.94446416202855,89.85116428164186,75.76455297114435,72.83267299873899,53.25170109718403,denim
71.29099212182616,68.9986945236884,81.05924516560238,63.57522388650634,41.95797379554281,39.4627834277967,denim
686.1739332401702,798.8251478311702,787.9305517114145,869.4730678759651,780.7539175975639,854.5908165704518,polyester
734.7188901830185,692.9152039302132,728.9332076636125,723.9294588225414,797.6853643166401,844.4522456822322,polyester
674.1525021167762,732.0704784692657,738.4792055663235,797.6658179492629,808.4233472245826,743.1515888928722,polyester
81.41956976706614,80.89877098298977,55.81491209943446,55.560512806604535,62.61468346426092,51.868504223909945,denim
80.90657871346936,72.50923346923483,61.84128691681992,47.297096886387095,35.256312911168266,46.60952904922315,denim
978.3185879776335,995.2473671247616,891.3001793851078,1000.0,989.4953298676999,1000.0,polyester
551.3615685272515,613.9760518888387,727.6330445735878,708.3750828765292,795.2473759788679,700.9450417685886,polyester
392.39204600642813,423.9265112847636,452.9776474133987,488.71587667698856,506.55280062914244,536.2709496845245,cotton
91.61565125678193,69.79469182511018,64.8004411000358,71.23082569582543,55.13991525596911,55.17376852773864,denim
386.3630566339373,417.85968338040027,449.1061228835338,480.7008794135882,508.4563166910675,518.1737205947902,cotton
392.3095368509194,428.27644082875923,468.984971820101,493.4534489090757,513.7383515615096,547.2345426764483,cotton
71.85532037609173,67.56032863699141,58.824830173100764,58.105793931033396,43.69272179972359,50.47377133814927,denim
106.7929977398849,94.1345800744139,90.01211949013084,71.48623689405268,81.75019841288011,65.49350343542865,denim
87.52568365986313,69.86034684376497,56.251743171238026,59.63559612139633,64.59765772974349,39.02596285127012,denim
679.4216590521843,671.1604421039464,770.2638595443972,702.5152314292131,867.0456879550226,920.1553247440592,polyester
736.1501142296942,806.5652845942434,866.5830200788059,979.7587409373314,949.6065930859429,998.876636183052,polyester
98.33876194490148,96.87277593761766,65.75874561306311,59.6328966907556,71.06247208770269,56.013116321295,denim
667.2082943133464,784.2297116556499,686.1911541929445,752.9262559743665,821.0458124795105,754.0928888690098,polyester
185.05025609864092,198.73766690827838,215.1788078427987,226.25917161668002,245.26116044907639,263.6519017647826,cotton
191.5550186327449,204.4571507684907,229.27087341235853,244.80781961814648,256.2778004877051,267.01260280904256,cotton
664.4298081015063,698.0945576109784,829.0505682440657,857.7073866863467,831.2456610847782,894.885614948966,polyester
370.82052922776194,398.14871753771627,443.49737510411114,457.8308454120336,486.75702246227803,520.0484189294964,cotton
652.6469311119987,716.6134985719848,724.0518482865272,811.2869103969649,851.938904788847,808.5916589578366,polyester
113.09317956809379,104.9503758299046,86.9074852532635,83.99632165851423,83.5481659512146,59.07627466359969,denim
182.82493427759812,195.34601414318445,210.9930027788625,220.68961056133352,240.10063838767758,256.05657133018474,cotton
373.8931230209937,403.4665720610523,431.488921465768,459.5438201762663,478.3514961469032,504.6079211938523,cotton
112.82964642137256,90.88817133940408,86.17757179651191,72.08441461333963,65.37804977598176,52.40250578476744,denim
772.2717956158284,832.4274922494842,890.0597710533034,995.371278362568,1000.0,1000.0,polyester
73.67363324655895,95.1790429751945,75.58216535619798,57.346906410176345,58.93500240195512,39.261575517332616,denim
757.763575317435,855.2912539370524,798.1383880891933,913.6438462712733,888.1694280856647,971.152172336523,polyester
188.35921986977456,202.84517020563325,233.63094351023923,237.39741410106558,251.50655056747587,274.39534542153183,cotton
85.1205996139753,70.54306247898685,49.75230355801454,59.237993027054856,44.87972267050602,41.43482156918103,denim
66.61918564136214,70.24506486866413,86.47836740930885,65.2417243261134,42.61854347163814,51.92905837661303,denim
371.76004768132583,403.5414369517939,443.84429248915177,475.74936469630114,477.5097341162781,506.47811499783523,cotton
392.7975264410391,422.3077726118036,451.9009555806283,492.9729343683827,515.7479385698432,531.9983216511273,cotton
107.45827153775232,105.96405994735444,80.09218778763827,85.06596574553598,73.62423825391001,56.27456861948759,denim
650.9496331684969,769.0117344597047,861.8213926775816,846.1372471098847,892.2243692795896,869.6164413576763,polyester
180.9821719118364,199.130234810241,213.87441818172525,223.66682698150515,241.56666501215147,259.5994375304873,cotton
186.9205174217166,197.78620683938053,218.37402485083282,222.15384064741093,236.87782578602574,253.68678118940474,cotton
202.77283586332655,214.11795301555108,234.7196482135779,244.70383706903422,256.7844388533682,276.1727525953275,cotton
800.9387241940783,865.5770591178386,930.1535869601373,950.3707220355147,981.6724542156097,1000.0,polyester
678.2315714264206,608.0991891268742,728.8393310528876,697.3501633712273,735.272076743704,716.4359723018185,polyester
866.0471241176155,838.5717391651306,949.4363951865123,1000.0,1000.0,1000.0,polyester
80.39786794164071,58.2516342390532,60.23677587038135,58.38164781256597,61.51062773186926,44.22692596938993,denim
403.17179240299924,434.4707161537703,466.01502102067116,491.09219140111406,510.34876210497043,533.0045218077105,cotton
101.49160102713363,115.07725547885553,88.6671804579286,82.94217575462002,74.46457563667359,75.04308253075217,denim
93.78477763525784,88.74221001269571,68.78860622550896,72.27082330523194,56.648091985078864,52.3432831125391,denim
769.5427284175997,782.0577446472935,883.9965558566216,951.0366921584551,924.8872036565579,940.4555821281002,polyester
194.1315805294908,203.27790906346627,231.55617795300273,242.51598532630547,250.59717970849042,271.11855957433556,cotton
587.1408619255534,545.5338566692589,546.5417056884409,672.0846789318086,673.3337178039448,732.1520030585756,polyester
101.81076551775428,61.627533749556235,77.24474141476387,56.92653905970985,64.38938226142947,52.201443566041114,denim
533.5594220781289,600.2243123115319,599.6493491771377,686.4427971046684,729.4774685057167,707.6189802749542,polyester
183.18132336683408,195.30942532057077,216.90607045976347,226.21394657727097,242.0590641946655,254.11752545714782,cotton
380.5397528309569,411.3565612584228,451.90961479566425,479.1112495190513,502.4890940321051,521.7071149792689,cotton
62.889893990596065,78.52683174465803,45.94759385574448,53.94372392954406,43.62834133760151,36.92994776775996,denim
94.89553178708262,77.0605780164126,77.01634524973188,59.88890618344985,68.1361458290883,44.97077267581223,denim
698.5356064588985,792.717884545015,889.441252796754,914.6874462376916,914.4118120733647,894.7874925415939,polyester
87.62324662995479,93.18107125630945,80.35954502449431,85.38620048911802,67.87432121893185,70.2390552135684,denim
125.51568830300819,99.03066370207976,87.02816381617785,91.33484412752317,79.94946171222229,70.66715271696614,denim
390.18546327147,423.4594939709417,452.6096638924506,475.6487797955565,498.64524168785556,530.9694269157329,cotton
803.6887227778792,942.9102321995701,860.0648094216394,903.1240768648523,932.2432331054556,1000.0,polyester
700.7455039851237,734.1475862750667,756.0074704647084,816.1464241297216,806.9868283436637,784.9645458295369,polyester
79.05947869551146,70.54505891016025,49.70089657992582,65.148215850658,49.282088394228985,38.84174893169055,denim
102.24499178768795,82.09676902439507,78.26120973759753,59.62888856067296,69.98289477268875,52.565270162834935,denim
675.2338251584631,748.9378012165075,775.2161587493191,806.0681436686635,921.9780959639681,905.836639335547,polyester
745.0632172676111,702.1018667440949,731.3425423284426,765.8674741318156,829.8271027697405,787.8567997410378,polyester
98.50042431532992,98.63608889117818,86.17918228364621,85.97725003862743,55.8750113078765,79.06228371337855,denim
578.5825200049977,585.0526006503923,646.0603327629108,688.6563726629228,685.6440057618389,802.0375572443833,polyester
65.86521237730285,70.20442446144443,61.57313240372083,62.71413284728585,47.05068713427722,34.83102290393234,denim
186.0137819650093,205.44211654764976,218.0545291758912,230.04176753827304,246.97119626464675,259.04835221566964,cotton
365.33973735479964,395.6024591139656,432.18429641549835,447.025930181274,468.66480211080733,507.9129663062891,cotton
390.82318018599767,409.5187493789201,450.21799818997243,475.49339214931535,504.17849653436565,519.4135112977073,cotton
106.17944544196466,79.87938611708684,92.64524059621307,69.11944818443052,64.83860054254848,57.5992106452582,denim
535.5997369391893,537.9751126068327,670.1383342391002,705.8849482916086,755.9290847832349,692.3822384785236,polyester
715.2677942215106,852.2214596245157,791.0605208068787,859.0776539293781,949.7696521353881,935.4199971858702,polyester
56.46182080041398,64.36123583310204,66.82679252348798,57.38518787867551,42.28534746088335,39.505115243453474,denim
896.2310255706631,825.5707389519033,1000.0,965.2245709167781,1000.0,1000.0,polyester
94.53360705067087,72.21138073348062,79.07411316736356,59.701941225841615,52.839896313489994,47.3138118791476,denim
180.0117117918104,199.6409667510755,216.10999254916257,223.8655268303832,234.56437541132286,258.46115136344764,cotton
773.3205676524941,915.8585556967076,898.6885252370338,1000.0,945.909099096079,1000.0,polyester
398.85153340618575,419.5192133342535,469.25479782918353,497.17418187174417,507.65081071335635,545.9486159167107,cotton
747.3257611866501,792.3035605062225,954.542466996536,960.8580537346894,918.0728445446913,1000.0,polyester
190.9925636720121,202.4668745936856,227.98155231069018,233.72903598015736,252.81776013846851,262.60602058594435,cotton
561.4951069102827,556.3758357604755,697.2441438928964,673.6839721631176,729.7907093058998,730.4135022671269,polyester
75.92735309486748,48.80877224594518,71.84884035198252,56.31496469436902,53.122009021095536,36.17864881515885,denim
362.35743086696067,390.0370760954635,427.33969097881635,452.62205924397756,470.2858415569773,492.0835911981917,cotton
674.6866451931346,724.2983026800107,815.096020524068,767.8604846589398,766.3664580447103,868.8549559910698,polyester
872.7693491470593,920.5126620570495,960.7038286956733,1000.0,980.6195734353439,1000.0,polyester
775.2649803536461,946.2121049466555,989.9592826382923,906.9735643439149,979.0159510170525,1000.0,polyester
88.56684997489617,87.87119232362085,63.310156414731495,74.77941777704375,57.48068926885476,53.27213253221898,denim
734.7024076108868,815.288795845934,887.3277703931454,907.0710271481743,832.113314726358,987.933823011948,polyester
70.7580355654576,87.91019189208842,73.27680751811224,57.84485072532347,48.44678486844802,26.65458606856974,denim
964.5942745868116,890.4599216098904,892.251758513589,1000.0,1000.0,1000.0,polyester
103.26989078319367,84.30232591946924,88.3304143357115,70.75528111173023,79.45186312462988,60.932304263863536,denim
112.60455465688565,122.28558213582868,104.59821655474033,102.17891857041596,81.98069197161585,69.53566312310254,denim
78.22177633925287,76.04743878114832,68.39433514291599,64.26029602477112,69.59280262928158,52.160901290400325,denim
84.36470080722894,73.2574188942413,66.86352999810445,59.042748791110974,56.01214971224044,51.10780991681821,denim
660.2990499940687,747.6752620611038,699.0564320573388,893.974612348273,830.5895161186249,947.3272814683105,polyester
64.52804318978828,76.68708196636973,73.77025420023485,48.87644362150271,46.49538544785842,33.52461695875991,denim
88.20840349533998,95.48200986817392,96.40811829858907,56.84383479991314,70.01872085516936,52.699458708349404,denim
799.4467268688036,895.2438114183319,927.2738802506317,1000.0,916.9586765318484,1000.0,polyester
194.84961063561562,205.54766499127672,226.41277350028525,242.70633656218047,251.12259703024012,265.69840713257196,cotton
378.6159949613897,401.98098861234877,440.6143287750309,478.3820378404868,489.4297188237764,516.6385731429873,cotton
394.60822243298225,416.7263197593886,464.11155888359656,491.0699589152999,500.3198476670236,526.1855987783234,cotton
370.66883193404897,400.9857483289621,437.4737613130687,463.26059517818624,481.6071719240779,512.2588415837214,cotton
736.3373972127747,812.2959257045342,923.2606047630213,871.1440960001302,956.2784042052984,1000.0,polyester
901.3174410816507,979.7896695081944,1000.0,1000.0,1000.0,1000.0,polyester
382.58794132036786,414.69020272219,441.7173761768743,475.8101834348231,496.5965484436002,519.2954129942933,cotton
182.6018561535253,195.894144841807,216.05561099718315,225.84823097854178,233.9657684916366,256.4134468560157,cotton
554.40965392024,606.9581057116848,591.8982438540903,678.0327202803036,623.5826394832652,627.9030013272137,polyester
663.7249583556711,681.1619467225609,652.5257271837825,714.7404715426192,806.7948315415745,835.4482001070625,polyester
78.88763440412035,66.74114906600991,63.33527093660297,57.76707500890387,36.69711385305955,41.694432664110764,denim
195.10923943972784,215.82420094079268,228.77953578502587,239.7148274702977,252.0129468341299,271.3130986916754,cotton
372.7570439221287,395.30022160400256,428.6881687141876,444.5190522899129,474.9729995584573,498.6647400819932,cotton
653.2102627130977,679.8002600033153,699.3286264223523,783.8593560240846,759.1160992188027,879.8145555339294,polyester
845.1118068950575,794.9077982886997,913.1919102755843,924.0458758963256,991.2192613982402,1000.0,polyester
570.400659144602,533.8082244998967,573.4962929317938,655.5816881510397,652.019614074667,679.2196459718543,polyester
108.17943325446993,86.96220676715716,77.35881881591126,80.59688568755593,76.32705447675508,73.84757939637929,denim
186.07681079132792,191.32620372561576,212.9787023487469,229.93011235879962,240.64436088509845,247.88857014020138,cotton
822.185083817579,795.1221634291483,929.0562760720939,967.6138527732091,867.9011660575422,915.5003316367695,polyester
551.3506701248592,556.2300366517899,562.4633963885011,594.0576348776765,730.8098624953471,649.2659168460151,polyester
393.71811638752337,420.857529340206,457.9050061332649,492.4345888408395,504.9451001431641,543.8470791504135,cotton
589.5070824110715,588.9468620185413,681.8389431271455,618.4747309072923,670.3771011449983,726.0986292290886,polyester
902.0947131213901,987.8358406331704,875.1086156116826,931.1355484208157,1000.0,1000.0,polyester
108.49347912156365,106.42642371050908,80.97595115188207,105.2152068150953,60.53053695156937,72.96069175400793,denim
386.64503527709843,408.53301155906195,436.5292422195879,467.4829165089741,500.0595340571821,521.5138709826966,cotton
102.29648002331555,96.8134684184543,89.1596642118945,77.6194095483066,72.57192246263337,56.531667447682636,denim
121.5345941450779,100.64613021098194,103.91144735356156,98.85696855607912,80.32713734233049,73.64619927443258,denim
563.3701823268076,630.1907288659637,632.458014775743,685.8086121767847,674.1189183862858,632.4003621817816,polyester
81.00585941321572,66.13163345680313,74.5311810685661,53.24843941656016,36.95276184790204,59.592543618892506,denim
927.7293092277031,906.4728672760585,872.0538049410518,1000.0,974.8348345837218,1000.0,polyester
105.2824747709612,92.67714222132693,81.01901582237083,73.27849289629012,61.296530156264126,66.77973835517943,denim
758.2088673111504,875.1173670936162,838.8079091293554,948.860074885534,896.0279540974861,1000.0,polyester
73.41160712642834,69.5302964535916,65.53930120152468,70.43887414401772,35.61463320521815,38.48873313998861,denim
103.3413611360824,99.64547140730795,84.23975936695238,83.99853404560572,77.17967074903684,55.76594659865754,denim
709.2797996182147,785.5799641100306,761.0877588779057,868.0721454368924,946.1920803868477,961.5270598368043,polyester
192.05688503348733,208.29180988504461,232.96570248905527,241.1305387866904,259.3517650086564,265.3545534796269,cotton
678.5837505795408,693.2940846798718,807.5676350264589,820.0258364319237,810.2306333035498,781.2726837473598,polyester
104.0000589304929,85.77028168883844,69.62618829700402,86.18614206120176,46.85747652838441,54.45073870713939,denim
90.80222991512215,79.38718971883786,78.7721558604845,71.88101838376757,70.49770687775728,56.502513104365875,denim
387.2325255440549,412.0168613307475,446.8692354000694,463.3624861471337,493.88167714572074,509.96255632539214,cotton
126.33468236048188,111.64770883444528,85.18735046979283,87.16980468292019,75.66697637782543,48.069003162867666,denim
106.2419221597713,100.00923978227416,72.18752435422257,61.86957212804809,48.738845394645786,57.48796746271209,denim
83.35355155310087,91.71308416135186,52.766688458257065,71.44902561936622,58.814895621573996,39.42734637219221,denim
188.517225981438,209.83198556817737,222.4213882260434,233.7557704353057,252.76469492135172,266.3913872871627,cotton
355.36673306862116,388.3512934528654,420.43168585470454,453.6143929192262,476.86570832821724,489.24293879339416,cotton
661.31521146091,606.1499770042591,719.366347405389,666.6765736421227,780.2297671176927,764.629352083962,polyester
393.35938816857316,434.0549706949546,463.7571631359608,482.82584122910623,507.79601282014437,545.9546021245235,cotton
86.4337026876491,79.75023686270272,72.54254035794592,64.43555720291647,60.76369767716028,49.19514416520992,denim
113.85486646860585,94.35809920180924,70.0423064223542,67.91551526675094,56.49054994210365,45.35256219299194,denim
894.3574530501896,932.2346073383131,888.1629176669862,962.7350225417772,1000.0,974.1866994295751,polyester
698.8980378026695,807.4506236270697,901.6952484390026,911.6933628745488,976.6819573557347,1000.0,polyester
196.48377225805376,214.12251592443468,234.23940853143117,242.60024584480402,255.52933408182673,275.0851652553144,cotton
726.5073052700835,853.8583500123318,952.734578412163,820.5986036154069,943.6652834838189,1000.0,polyester
366.6445224036902,392.34037144523944,429.7941381591966,453.5044971161845,467.63538203685465,490.12548514578367,cotton
106.423677772389,84.0605922398522,75.97061538023534,93.69451591831097,51.52569693083391,53.663937835012625,denim
195.2928045705459,212.99643267430855,225.00821763060713,243.25177481515067,249.5887466636334,272.5969828007703,cotton
193.2082569207746,208.58896604406416,224.11294485509714,242.0963263649492,254.43000355811785,266.8637278663543,cotton
740.0529536724766,819.4809669616599,852.269889907777,850.200997616897,948.3658734095209,861.2256064431574,polyester
196.31216608855397,212.16059253665904,224.3118344118994,239.9672238005133,261.6284552080389,277.3663208146884,cotton
79.12477741228435,66.77214869662646,55.51518168306875,52.88368977952961,44.47262986848281,31.75630437992901,denim
367.1409211309403,393.2322203196961,442.8912333777581,452.4053490521804,480.553026462395,505.78594122766407,cotton
123.9048891752107,109.39556717624396,120.02205385698058,83.71800992642531,70.50553272481237,72.33852860955577,denim
87.79801192929254,100.96555309956972,70.93515567277208,80.76229984884507,49.11445445100334,58.952903858289616,denim
718.8570878099653,839.7718833813767,892.7993306120198,866.6289101547031,877.309416998254,1000.0,polyester
694.0371115800326,684.2612263653624,691.1143062529055,767.6406953444445,819.9550886962388,820.8380992755646,polyester
112.3766319368595,103.81441382029243,65.43057081962897,78.14614594109743,55.63752787877231,59.02125407492851,denim
88.83824316362603,61.47282891120914,72.64720498980871,73.6649599243648,56.821907779827036,62.50668568195351,denim
69.57754901768949,66.80478197162446,62.52208028960757,50.33558081347432,71.10776205078626,68.33302893259847,denim
379.6227779993261,405.298978094697,447.20730551346765,464.74762433646123,499.80812942977843,516.470424115664,cotton
191.1709627318547,209.22319901827032,223.51886408895535,241.88346141257088,252.12637005336953,261.15471785444856,cotton
85.80155252741764,74.72817951869912,73.83496926023625,74.91052276987776,62.45156077615653,42.34134716479237,denim
183.4441899210562,200.5235985331278,219.42780380979778,229.5298341157635,241.36225659982097,256.37791970935825,cotton
355.27534749712026,397.2070347784507,428.0158244797662,445.0755061705788,478.06195671895716,493.83909184842287,cotton
582.7979711429538,651.7192486931671,735.4943336298172,689.7079979481622,729.2976146353909,842.2201694070839,polyester
804.610782429603,805.2542600161645,855.493483308669,955.4695817101099,889.601165488073,974.9879625893018,polyester
818.8429994773285,900.1441885775682,892.847737164825,1000.0,1000.0,1000.0,polyester
402.76943789024335,427.8444946184309,460.75738021484227,482.91000592953696,512.5003767596668,541.080297780069,cotton
632.3054785365815,729.8662618718594,704.8657017713899,831.9912731188742,849.9906362102204,862.6536854458757,polyester
184.22686219390243,201.71878684080232,228.00229866631858,237.38374821501677,247.25808263537445,267.58666567207763,cotton
188.07573142824876,204.3138900198126,225.95771004990644,237.1714342123918,245.24835229679164,258.1193525800307,cotton
181.11665881233313,197.5590397978404,220.92456321755535,227.9751048488326,243.26331136102488,257.06440603612026,cotton
195.52958553353102,210.26469420291951,232.84638712857074,240.3005909106219,259.1628469605768,269.01339917747526,cotton
91.8100652231468,69.19145141417971,84.0901241543861,71.41150339355089,57.24998249021415,61.659900771763844,denim
91.78268708051053,76.32593551381301,51.97646036973846,54.300696421552885,61.876003649355944,50.57467891499885,denim
192.86351268828616,213.1876311405697,224.93419859235107,246.16554670136293,257.1600809088105,279.15164737931195,cotton
656.5117765332882,631.2498303761101,684.8223491603002,752.2411600493516,830.1715986311058,844.3300954779595,polyester
99.47343416027482,91.61344436512773,62.566742370425644,61.887732296958774,55.829029424464366,42.98259285931663,denim
743.2831179363399,756.766694282033,883.0559529292774,790.8250008310591,810.4612888250651,880.8534527594546,polyester
85.01928866733833,60.76908306005754,49.24808034103097,55.978080237285326,41.155160467020664,43.35227769561274,denim
95.72544292700326,81.41265721391765,95.08124579975683,71.16950734413827,64.78427370190003,67.0131733806275,denim
88.65084953697823,63.86612457394013,73.06564338720435,65.36367176998033,49.42437373918059,49.73970368034041,denim
391.2749389034952,430.76623901853196,463.3040256446029,488.1173006077955,506.9555560228223,531.8541790834538,cotton
185.0698535517376,206.54855742227022,225.079666692886,239.3186027926557,249.3360476947343,265.81839276537164,cotton
621.6643867302255,726.2551084913988,697.7827232645577,741.7545463998085,874.6586529859181,834.3073244483735,polyester
374.3601301226398,401.7490952734735,442.69248641309736,464.0897779648797,476.76751071627757,498.4244701813545,cotton
749.6198025981225,799.770775897517,866.234826929392,864.1057507631126,968.2539763794298,1000.0,polyester
789.0568336672028,922.3743648711488,810.3008931030629,851.057177038965,1000.0,1000.0,polyester
873.4816034256795,938.0424392741048,903.3013445839714,929.5785661835596,1000.0,995.6183315214402,polyester
385.07720120257954,421.5786903644484,441.14815834242046,474.5549339117058,504.5203762576902,527.2840567392449,cotton
384.6076033880737,412.788632381597,433.9081880049001,459.28551326436497,493.1662880933032,518.2094710203453,cotton
190.44267883756228,205.48752605870513,225.0050633246266,243.39370327758246,258.55555241801767,267.30230807978705,cotton
382.2710646429056,423.1149380553918,450.9286729304117,481.3399667686019,488.91456960165954,515.1316880644882,cotton
765.8980760280257,890.3616579953225,812.1969711102921,936.3491416483041,977.2276530348512,901.1528190848696,polyester
132.9119044254481,93.51539392403946,93.38861845444524,90.711410248051,75.65635981382621,74.69795764628394,denim
665.6030907875662,815.4446455044948,810.3427664879389,844.0007766385355,904.8377640906897,1000.0,polyester
181.24663874207192,199.10550514429337,220.34524910399378,230.75828010797017,247.49347833095044,261.46639411717223,cotton
108.59822857141123,102.79492034600193,89.00992366024346,85.41756597587514,67.51715944332996,69.5694953516524,denim
809.3250355023972,883.4269986168324,836.9053428944976,832.4810101156842,1000.0,946.8722197071653,polyester
360.53243104672407,399.8937654698142,432.88714071635513,460.39751437440145,472.8954402830643,513.5207084968117,cotton
105.02098763015317,82.61976166777522,51.762960068784,72.62854851182445,45.0574709793436,58.08902166619199,denim
636.5055156690358,627.3330181565884,694.9024178014229,664.2102151953419,674.5425510206304,702.7489468507354,polyester
193.5717014939251,210.90908740705513,234.8712312142272,240.53715951875802,260.3173162637771,272.8963559454847,cotton
183.1823902086588,203.41284079495915,223.57974875541902,238.8482374791233,242.2776591908737,259.38097920604764,cotton
362.5640932996071,404.3328093635941,422.89527305004793,466.7691901041159,489.74921020662015,504.68103002094574,cotton
572.7005834599304,652.2346445692176,720.9026018713951,703.6169582938738,774.6877232733709,832.1310807950239,polyester
570.89058204709,623.7496656982258,636.893825832187,677.5280820609414,696.7101202091666,728.4087413761639,polyester
734.3769809621207,754.8098630780474,768.770027152909,796.6368480918172,758.2714542467224,931.6052910347652,polyester
807.6908843792128,847.5586879558477,899.7391462305171,937.0346606100102,1000.0,1000.0,polyester
114.82052270396896,99.7984675990073,81.22799991057015,96.96051784967304,64.78979155369142,80.10334955181467,denim
116.63330594774028,107.66544587829209,101.63590762447178,74.17014237799839,91.19211343489877,78.0562093585938,denim
733.2936343748959,681.0399352824795,699.5286481456045,734.719054057217,804.4125855518612,891.0242917170118,polyester
114.16925910215681,113.11785032045681,109.03089221396286,85.03977440334322,60.11340032599252,61.44682021038329,denim
77.99382804094353,73.9905028468494,72.68122420291625,59.312135452605084,44.620823813496045,56.748721748471624,denim
105.55828091098921,108.93853489342511,80.06213420716837,65.00349119783685,51.888830317312156,66.12643248945211,denim
201.74943111790847,210.44005077912837,230.59290753938583,245.85577767135516,262.55950606459936,281.6944807454238,cotton
77.57688910343226,59.68577706565,47.503759774664736,62.7881781891262,60.15377027513526,38.89511157986835,denim
196.29659940243744,207.74416842822907,231.89432166543102,238.43993594460875,250.909200206071,267.1379123300418,cotton
196.25793009935626,212.17443610914677,230.48735301622006,235.83719814460062,255.93529233533496,263.33193810039074,cotton
186.10924312467043,207.16542492164336,224.48107647397913,237.13430376017013,252.33300349385107,265.2102241243225,cotton
108.99852732988593,89.95752914482696,64.16785167148797,90.50153681397474,89.09455391819279,68.46207012805742,denim
588.3480287667895,658.5483996221952,679.5393329751043,677.1091020871082,679.0095983711823,789.8652694394749,polyester
185.47314425753473,202.11482628421487,217.67009675303677,231.147246909688,244.883380654768,260.03576814631026,cotton
600.2432207389544,644.5320575011341,732.2716730039017,643.924057944234,814.6807920455436,770.2672261544869,polyester
377.5301373401657,405.1058907288755,434.83492000526275,476.6095926349667,497.49111456691355,528.4488722144494,cotton
91.13035922525178,112.98272528386647,83.64205815267636,83.65225834024227,52.13134893906082,64.00404156222197,denim
762.229899108786,887.8486113102996,782.821888220681,952.726655462436,938.738620277387,888.5794267280713,polyester
909.8682140919065,871.141741657095,934.3560285829501,1000.0,1000.0,1000.0,polyester
88.36322374735123,62.812473454433814,86.34481409793902,63.043849398907525,66.79576075106394,46.74566637136427,denim
192.50908232606795,202.46387882136744,224.24260632178618,226.45080445157447,243.55261751563165,263.7722357078475,cotton
375.38538558689106,403.04527530746003,451.88240095305946,468.78953722594974,500.7007618401463,512.909051609283,cotton
102.87036959999338,90.46319521233775,75.63460151308846,62.168669193372146,67.13049959592425,60.18842531289098,denim
108.81888792029312,98.81567008899275,96.03487893428404,95.50667991693909,76.61765109907708,68.7678334613146,denim
913.5438077206027,902.6243130078167,961.105753117479,1000.0,1000.0,1000.0,polyester
198.4004714175998,216.14542132862954,229.02579138818209,247.52409240744743,258.42131033590965,278.1250178649963,cotton
830.2623013031301,851.3450989928156,986.9333426411066,1000.0,1000.0,1000.0,polyester
721.4181771741169,799.7011237616741,822.7918615523381,779.254233112413,907.1043788786005,959.9025492354714,polyester
680.7635542785903,702.5352089425584,670.4775760157066,669.5367041941316,806.2572174390795,842.9180971677913,polyester
191.7694065876271,203.61770574962102,226.79162931707037,240.658772647155,255.79913342239968,278.2166938593029,cotton
128.89541627788512,94.04005178091889,71.00748612407465,88.81248977814808,54.9279772504501,59.94430259336935,denim
95.05625415473177,92.22326978850839,85.21709044150263,97.95484211311766,58.577404909773946,71.44265498097906,denim
60.6910402784886,67.87909839549165,62.79667897886107,57.778425041754225,44.31717725809321,52.418496711618644,denim
780.4514069518308,755.932785488087,887.7877450878889,949.1067706614765,897.4043341466028,1000.0,polyester
183.3068996484906,199.1169061825831,222.49272219973136,228.53754897790847,244.12181005252145,257.13157159559233,cotton
905.0503197812459,935.0898096676176,1000.0,1000.0,1000.0,1000.0,polyester
193.15479344860265,204.31506861066845,231.40375620594878,233.9090134932767,256.08155114786877,267.0651789490473,cotton
403.8535836421047,419.7426425276031,462.09724014426905,485.38785829109975,509.97413748629646,536.6330399048796,cotton
400.1486262638131,419.6447939425134,461.1572015986229,499.0668176348592,517.4326923488884,529.519228438196,cotton
191.2426190974218,205.133575299878,224.63491345513017,224.79272171687361,245.97326409163185,258.42184607316716,cotton
386.48100009106554,416.3507970327031,435.0384089315976,477.2965008575891,495.11361330800827,530.6746447932343,cotton
101.91553263909397,87.76367863333857,84.90522627364356,69.69517695782729,81.32438546822969,79.47528449263513,denim
364.2479499303651,406.72560549540947,443.2898058626467,459.0535091552124,476.1416673803028,503.33395998674746,cotton
97.08663770098376,85.21658907225775,76.12221063011452,77.49111836810832,63.77182151499498,56.32575335464889,denim
99.15516856948774,79.57735678523044,75.93400184101124,72.28511436557295,67.38634070214617,60.65528580218052,denim
86.46547040122663,78.264151503728,68.15954171732703,55.644054441770166,51.82273109924961,47.97274049415253,denim
111.31440760675224,75.45855009281779,81.16378379549428,83.73835773810309,54.66338622173717,54.7728279005146,denim
878.0605817283003,923.0093435059484,962.0887379197715,1000.0,1000.0,988.1408001248184,polyester
366.64832770395225,398.1165908718546,421.8068500795089,443.5162617200568,460.96399213575376,498.8383214565938,cotton
116.05004541620036,109.65511421335304,82.57895914496324,78.94370744512577,79.40657701465382,75.34878076972034,denim
201.60423450517837,218.11993736309822,236.1483288363396,248.3946250717307,267.4476057002754,281.97542867083575,cotton
184.9215165338723,202.1148941312859,225.62985217167176,233.74982570459522,246.94585354695263,266.6645911703276,cotton
78.66560384825894,56.14936963121122,54.238606228155625,42.43657492625027,49.318198446842615,45.958149383939045,denim
103.59567152481837,107.23913295749854,73.58581613805502,60.534557918281536,80.63152247779934,41.8330747248889,denim
112.52084820606093,83.13085928927326,103.14229834024339,75.28622943073177,61.05824053823028,49.32621485169768,denim
762.3683384296776,837.4854450103244,840.208307145702,874.8281413232992,914.9044279581599,1000.0,polyester
379.1972527573349,409.96755932799346,455.64742056753164,469.52823216207486,497.2326715081425,518.250287312108,cotton
101.78463407189682,99.33967758057346,93.49884564653928,69.92628457798668,77.9464542829003,70.14952253012802,denim
75.47883681384658,67.42149037933589,63.08924951947211,65.56192402432221,40.98285434479898,38.173080552795795,denim
377.18883912423183,406.3135770250074,443.3014196245004,472.6239878022564,501.3048273700559,533.164211144472,cotton
197.5018037348883,216.83152749124767,233.60018213986368,247.09054129227644,261.05904301222694,283.28110188750975,cotton
705.7196863417165,672.9964049685395,771.4383965050863,798.2298714518105,713.2864583472335,821.6928699387528,polyester
90.66075965633415,90.19221106701816,87.97413514168875,78.05726867261572,71.4397116215809,64.17991612897261,denim
89.1851204970302,96.27044757091983,91.2924441539146,58.97134286492004,52.829454671614414,57.19486157790245,denim
668.1704990316692,777.9037769432551,729.566456385043,756.5423090291258,854.9501378723272,885.3085158261428,polyester
107.94768160349318,78.49478080947468,73.38496299103522,64.07980139144749,62.33830249409685,52.66087444430481,denim
199.47384116865257,207.9879401735805,228.62855374421008,242.606734521443,260.94871727759335,270.4318439781437,cotton
614.0852939585895,739.0958579607152,750.6498937304588,770.7327669250066,778.5636597773763,890.3397113970826,polyester
860.023215798516,873.9806629662328,974.4729046906341,1000.0,1000.0,1000.0,polyester
764.2690417768052,766.9619898442818,847.4846305814898,760.5905580478675,777.5255005553615,799.8781135279892,polyester
799.9156391819965,813.8331456900378,945.7259819419219,1000.0,1000.0,1000.0,polyester
107.6593519791009,113.45848598641557,84.94390734238917,82.12357466222059,65.46617858859358,62.79404349246992,denim
387.13280859242093,406.99264909853565,445.422701461572,476.28988501575265,502.2765567386809,522.3475851589723,cotton
190.81477116803705,199.94957702713253,219.41242850858194,232.3529635480578,246.91173522964303,261.0443831082322,cotton
198.10864260486704,211.08250861762903,229.37940418777492,236.9446943997691,258.83879795534733,272.55789961461625,cotton
194.17103619075894,205.2717077082029,232.58529908304644,233.957875304527,252.36221431364746,264.7560779663088,cotton
91.04247650012665,85.83619966878175,49.76292581360221,63.0127391049113,67.87268056888465,38.759836001825036,denim
86.03598776934652,69.71124505956814,71.3465393758457,54.52017012094753,43.57344420268584,46.60240029638411,denim
843.1347053880461,843.2822351981538,884.7194847492494,905.2604545493264,1000.0,983.1518863382378,polyester
97.88319671333944,90.18556828041719,83.98498701936371,82.87831525726284,69.46414523432095,58.60756812293736,denim
192.47114442977193,208.07621292304307,232.47243744093166,246.81246157022449,258.36985896859795,278.1036801042625,cotton
80.66113332979346,69.09313116371966,67.0830453449597,49.01835989254059,55.478119760658295,56.43125632508314,denim
186.94861145868333,202.10185842175105,220.7920682491718,229.13843544032596,247.5333078493492,262.1502028489632,cotton
113.64884678681595,119.54205855737102,92.18745676633287,81.706828309602,75.70517910618263,71.53970021660919,denim
102.35228003709261,94.31980264834412,84.88851945402295,75.36707919878721,67.77626055602353,56.692741247760566,denim
190.9570787235663,210.8909895865061,231.9204802077492,236.9179256644936,257.08856471417334,264.84725981611035,cotton
374.4420557377967,409.25598540844453,446.8515761670943,472.1764843289054,496.57660061281695,513.2785086924341,cotton
777.4339773070355,852.2587002361928,971.861749879428,1000.0,954.1319202827838,1000.0,polyester
969.1921913765761,1000.0,955.2675212170757,976.9872500375163,1000.0,1000.0,polyester
370.40100510347844,396.7119523809583,422.2321899601994,459.728848435545,486.1393192111269,509.18826143504816,cotton
63.22653031163481,62.14457433891394,56.24642812642342,30.88476835408695,65.545915059825,36.68481855684262,denim
70.39857125423148,76.81619870539753,89.47273430232504,75.96585049367974,59.56510821437825,47.23720784186526,denim
378.2602354587962,426.35191862118046,457.69324405117607,485.9348973876569,507.36038476248075,522.7029296997338,cotton
74.0514301696719,54.289506414966745,67.94856083529015,44.47166250349514,44.208703153496884,48.32679080632767,denim
658.8749353677515,726.236699848774,692.5412549111848,802.3099687084401,848.2805454122459,751.3217717797348,polyester
115.35643994566713,95.28869895613094,86.44033219755076,70.94948435406125,66.57096309689933,62.64996201973313,denim
111.7274132814321,101.56054030008988,81.1224557548665,77.86589156724058,64.08980507281835,72.42634669552348,denim
194.93271832082132,219.92189943561465,225.9789244407647,240.97092816592684,258.2475877778087,270.1077667230988,cotton
725.1364728409668,802.9229996364477,758.9731260453987,951.4738533793802,947.3961391749706,967.2753497176118,polyester
191.5974468117914,201.42664046077596,221.6368759408872,237.64472887936586,252.84923390073286,266.78656250776055,cotton
190.74896671636986,199.31826546335154,220.3810792824537,231.07267658682096,243.93914110249992,259.3412716090839,cotton
491.3222217619302,598.5727850275002,625.4434373215947,618.695100069806,668.7563954524287,626.9005863282612,polyester
829.5019976968205,847.7359969557234,835.6369400800256,980.5735367390986,913.2157193030745,1000.0,polyester
185.56639321626514,193.64826786074372,211.552840826968,223.16723055107343,234.8762298600249,253.91756817683734,cotton
767.4717371598151,809.4883488671683,847.0980694475404,840.4882687990155,938.1518669211816,889.3891860025594,polyester
101.79619854772162,83.22046568146,65.79098617150176,56.53225092887941,44.12129403595696,55.46255993613498,denim
376.62749128201364,406.67682992114777,439.4625189125533,474.06769583742545,501.4269600716921,516.345692497576,cotton
106.71067370721596,74.10361827367447,88.88081648964581,58.63974276762006,53.3293441024072,49.11227700055251,denim
200.17402812252118,211.17222053389222,230.6627403704992,240.43977351739915,260.1066441179764,271.6708631500776,cotton
118.13713843189416,108.43825834112238,98.98586725809955,78.52709193530877,85.07109931623046,73.07296215711523,denim
77.49036367661175,72.28280553226662,81.75982233004548,46.937385124952314,45.66228836114711,45.15219378760296,denim
95.72136872942365,89.3498941406727,73.48479118019567,68.54563308830382,71.57350588789565,55.68287571492775,denim
555.3194991197909,579.9622942878326,575.07231747348,599.7951881837882,745.7973326787414,656.6176263487779,polyester
199.06962399708593,212.14447069501816,236.63915098391902,245.14350284336052,263.5313224954059,269.73337324984857,cotton
834.2785462996018,899.8493036626764,948.0983100034587,934.7469127660339,948.1965923114221,980.4498781352762,polyester
200.50474290908411,212.1838569007056,230.7018162029582,240.46735690247374,250.62796229862252,272.85771819875816,cotton
360.2547978734179,392.0599632070417,427.6709270931938,443.83899241587403,480.5384959724411,506.69224798848217,cotton
834.3913915768396,904.9487219821856,876.4862623384204,966.7116377503264,1000.0,1000.0,polyester
112.35112239914102,86.45243064656142,95.47752185476385,70.61329004777218,70.66927452361915,64.85225221957496,denim
187.53867785916745,201.20054331446016,222.59103543655704,239.4550276846952,252.28467972257673,259.8308864880791,cotton
915.2840053354063,879.6089668057593,873.1900492297601,1000.0,1000.0,1000.0,polyester
190.29989620400397,202.17795874239818,218.46357764044768,225.8133404888555,251.0601852821448,265.8065920311374,cotton
387.32501290941036,426.14303238152706,459.7266035601236,484.1366769001546,502.5826664335842,530.8647403754267,cotton
195.48664004994984,212.0200059235459,235.9737245178226,242.86257147674118,263.61930211352075,271.3438492738713,cotton
576.6823831751351,667.6201636280763,707.5280781664727,716.7675121776086,732.4980792923359,706.864535905524,polyester
713.8716628708016,753.7442884524855,689.3149353705197,728.7479811835852,762.7266097927576,813.4771296998613,polyester
190.4578705350015,207.42532966954374,231.51714751289293,240.19732679200447,256.64870634004336,269.66933749127764,cotton
97.17168059599491,81.35410181193981,66.62698159575235,71.8689693372829,43.729393333259026,54.38359111095314,denim
181.52880162517462,193.0545789597619,215.6564868995193,229.8341421001851,238.7881232280999,250.28373291986355,cotton
379.46799835737335,411.71037967061187,447.3947677750683,463.39829172889023,490.8139534464823,507.67311414657297,cotton
637.3302520780512,726.5034432345448,808.8443241461847,863.8099032232525,878.8456150122864,806.1713062536903,polyester
631.6503568499387,655.1723436332437,614.6248275414836,634.58598306737,752.5027482098712,650.5611889449654,polyester
98.21956232733775,88.32283382655177,90.02460683838883,79.51881562222042,71.6569719678129,52.81234364350675,denim
194.37084431509638,218.71609436470098,240.22739011689245,250.38839108735098,261.17191574392905,281.8744734279273,cotton
91.38854191586583,95.99914373905796,84.09705793028533,66.23331713542319,59.48225618493965,61.24140002429741,denim
73.55891137664281,60.18879755371473,79.69824275822377,70.51685179067958,57.48876485215654,39.55998854577716,denim
184.18123217605103,201.28361644389528,221.07256628660764,229.5750257766107,233.25636473559786,254.4699414249858,cotton
84.7399921524916,80.5589190678908,66.91780634834976,33.130017352640536,52.61947854914697,39.309874402549646,denim
91.91278452104729,89.20128645698638,101.5634295590554,74.80182199602066,89.0734435281186,66.18726047723256,denim
86.88350471949447,90.03200769615843,83.9807328897365,73.32876231574566,63.45922339308576,54.749307270817596,denim
186.49910533779686,204.99467437791074,226.60389573293963,240.8808102294808,247.09626852423807,268.2774007466309,cotton
563.4574644096955,620.256896913764,673.2837817641647,723.1941598079997,734.8058859669769,772.7890873482279,polyester
383.5411486339277,414.5424581998346,447.7004335210887,479.39103537361905,506.0294194395412,518.5719585956346,cotton
370.75615457379837,390.2910955152801,437.2455019813711,446.16328368180666,484.08581709345503,505.43413270995086,cotton
71.10098184947981,72.81127219734714,68.364841265495,50.324839143774504,49.85033699583634,33.02160543158044,denim
181.2458819779825,200.16802646970328,212.20398150432007,225.53142881559242,238.2160393869447,257.25542094270895,cotton
114.8766336256487,94.86598928700134,85.6820150176333,89.60571967292374,80.29077227453597,48.05733579248235,denim
96.71622458284163,86.26992729081057,95.67783690675958,69.637762237938,75.58211810227965,50.517481036278795,denim
71.61837303458753,80.98434625279283,67.00797494246969,64.37508903643375,58.320128383414,56.90748001300267,denim
122.14350982239233,92.34627722973902,82.66351191496702,82.17508792955672,87.7582176789331,75.63832220373098,denim
184.64241051684994,197.50020818211857,215.12400062177457,223.77671610474823,235.48890013399935,255.4282787336075,cotton
677.7431852978572,678.5463683372284,661.2688447214836,818.6467663058286,723.0105888634968,831.1499680276404,polyester
365.38934633114695,388.7048630566574,425.8373670399267,446.529738156547,469.85357611327686,489.0538104714824,cotton
533.3855100228583,564.339973050986,555.4298119822456,565.8791968130251,712.9460701038921,729.8919920178857,polyester
199.92170787085516,217.9220189390951,233.6987962002092,245.31909581058432,256.6163725923901,279.49461865220593,cotton
178.61110194199054,203.34694232888245,214.51524791014154,224.57985271476875,240.7820141608037,255.6771013092353,cotton
88.9511094555819,92.59613073458115,88.98754365665151,85.0922031740533,66.84662419464053,68.26950334232913,denim
65.53563268525832,63.00517827264185,71.84526229897509,60.93131165513598,43.11441823202615,49.40237112596825,denim
99.46751772840973,112.48946543030961,98.65352823302223,90.02477456925274,68.9670068499129,76.9699471801566,denim
790.8062386452932,835.0386871192285,885.7344671317977,909.0155242015093,961.6143486773606,1000.0,polyester
381.2898247302213,424.7136656644778,461.74261170098805,470.91235075506034,498.7367624945972,528.7618296469332,cotton
120.60963905165026,118.15019361731413,73.45835943195925,62.72037735641687,63.899515571269134,51.48639533046828,denim
567.9429646965857,700.4420454752974,700.9567258223616,692.2715921672385,774.7099464748935,778.1588264075849,polyester
90.3173899833864,89.77982260797924,71.90359479208296,74.32790066991451,68.82528387962526,49.39174126597969,denim
67.29437648507005,65.2836183200806,56.39545789643747,61.585031384521315,52.333201754583115,40.98464818775435,denim
880.7603739127853,821.8684968164982,923.2474509336226,911.01585842505,1000.0,990.7198383474512,polyester
661.6799824579308,637.9893449586369,642.0906027082989,755.1286018060962,722.7353725170796,835.6516592903629,polyester
778.293230178945,811.5410494640176,853.8202091446653,840.8822288203681,916.2247213443088,977.0036896547612,polyester
619.721543487836,717.354055663845,728.995995874094,703.7340872370374,772.0419286475378,840.0805531536221,polyester
812.7615774055979,901.3764632642626,947.3762303687478,992.9593284256367,949.9615818878971,1000.0,polyester
897.0441793761205,858.0322061110039,974.0942935842698,1000.0,1000.0,1000.0,polyester
796.440929193054,871.113990258361,892.3584982124916,843.0054320782181,971.1130295441826,869.3604732716246,polyester
190.46180284915675,201.53529429781364,226.18476863115677,233.48595577637218,243.18559753092978,260.29491553670414,cotton
905.9290674215322,931.5401913018046,934.1328778797022,1000.0,1000.0,1000.0,polyester
360.3197042884169,389.86571288840844,432.9784137813896,457.05624743088066,478.4373672285958,515.4699273593067,cotton
80.59546288435705,74.12451925009528,61.273377715654846,62.57710107622309,61.030997964835954,46.25811822928984,denim
779.6121732372087,801.32508020706,931.2238072338423,936.9021089757757,922.5483105057745,1000.0,polyester
94.95885034157928,84.51472247117765,93.60466418959577,83.05154601080514,75.53836667181133,66.22307297433193,denim
628.0307254514535,615.68029732668,693.8143011008511,714.3032800650894,666.2736579164235,649.4991422663832,polyester
96.41197123208065,90.39567460063617,73.04372482644634,60.55838966903335,55.41372001889445,46.698689910664,denim
188.51036880615163,200.39521173852597,223.9202610554802,237.44854926595613,251.61591758079467,264.0664266838039,cotton
712.3559186434779,784.9587491267314,838.4288372076926,728.0327323244146,779.8133223592007,913.5024237400444,polyester
705.7742103880037,800.8889927888947,924.5736327985957,809.5822100286433,985.7692975593294,1000.0,polyester
526.1010988278543,587.693146617516,661.3320038715057,704.1379714876632,723.9767391962139,683.6612420626997,polyester
363.3906852295759,389.36431043278697,413.0369968463506,452.8343457582291,463.0520313809498,502.6363953313884,cotton
394.42340361218595,415.8024300978401,458.40127159896065,485.85951338401276,501.7103812398109,540.5637178081034,cotton
817.505437987812,959.5826984792014,1000.0,967.4662486007792,947.4705849059584,1000.0,polyester
367.78103928143145,406.12467654613124,432.7502184056536,457.40777597145495,501.02252279014965,519.7326201960111,cotton
388.8327396426652,417.3049190660909,454.76146364343447,487.03276228452023,517.5843302691667,534.8285682895657,cotton
195.2524677402404,207.5999879878995,228.74936166307074,234.99861836844417,251.7668480686396,272.08220012763417,cotton
188.27576274441574,209.97073498647936,229.82073106772177,237.33969072620764,253.24930489531639,260.5963267423664,cotton
791.3779628694195,839.1606040590087,887.4972162718224,1000.0,1000.0,994.8435058836262,polyester
112.65514726785705,97.52329399641214,95.90873088073268,67.14457822483074,76.6692707096479,70.40032575320645,denim
109.33966957354782,99.98321772378397,79.71002290527119,88.6055100924735,82.2456389828717,68.9195826062334,denim
864.6534782213657,931.998539914144,837.831253804143,891.855898478432,954.0821970695351,951.5411543600592,polyester
101.61168901629593,94.48570380044532,90.59214767459812,79.39794708160153,72.85320217955145,53.016999329701186,denim
98.08994826910353,87.0149830475862,60.56737389280366,82.90503082380577,67.39860042004048,75.63481796791686,denim
200.05929527398254,211.27630557128114,233.91551414110316,243.0343698284644,254.3676615444762,273.50152379999275,cotton
103.79601890905144,87.8733228992209,62.44858227890084,74.67432508696689,68.8762321066186,63.60219002482751,denim
634.9004878209996,722.6416587170474,758.4335935387741,735.7992136372786,839.552033873238,952.2857240599589,polyester
69.64802989396793,77.3707895771425,79.4229152326312,56.43837064233997,57.88357935547905,55.890786332426714,denim
379.2155449058797,405.5454096588566,449.92044114201144,468.4331632387198,499.57887803186105,527.3015791774985,cotton
559.0945109739677,613.9920767633695,623.6308216366199,701.4742913645339,693.810540633512,773.8536875928553,polyester
75.45196238401581,68.09060313104328,66.3341049301332,64.05361210415555,54.66352382519644,35.800988984349374,denim
362.07447137136893,396.1321427491231,425.170164365826,449.730207218476,462.32961578446344,494.71383118192773,cotton
108.03358295341447,83.54120821939513,71.99226810387789,66.94480127235863,63.040916064896905,56.835668358304254,denim
884.8256006414325,927.7638619709195,997.2473746890755,878.9528224957638,1000.0,1000.0,polyester
128.0549066155433,96.3325396562804,95.07586287995812,69.17597141055269,91.40102756803844,69.36268994763252,denim
87.43010562918921,97.45345912417146,102.64311954345686,92.75400825779924,65.65615418719888,48.65544379790859,denim
715.7873066042803,703.9849905396575,752.3062463566436,767.2917927081273,792.1054392778634,896.6038761932958,polyester
372.57653228842094,410.0835245882125,450.8037736780137,467.40983807829383,494.0284989117351,517.3693166101181,cotton
804.2534019207484,773.3104026838771,807.7424438780134,869.0137289409857,960.742453858813,993.0563528067374,polyester
949.6398613544054,986.0509569628144,997.9784980805331,1000.0,1000.0,1000.0,polyester
94.56619213814596,72.24832309070607,70.7173590191629,59.12764872462052,66.99752915367255,51.48941822244041,denim
186.00018453855418,202.53586294757204,218.79815343415964,239.8337149777071,254.6087055454317,264.5220058450633,cotton
109.95328039132133,78.88577283646399,69.14518833276044,69.19790859499321,60.856653009561185,38.26318107264174,denim
99.84032939922001,112.46056330389183,109.73927162254122,82.1523955401529,88.58322606963014,67.48702524286766,denim
640.1836005818695,731.289707868542,778.4341646534045,817.4845389156169,799.6837920374348,803.9031953659377,polyester
71.5841872555162,86.14050440209394,62.51027353521878,55.751409796256745,57.03827085110319,41.20027725491099,denim
603.094832672415,714.5242287179204,690.1439210305051,691.780552012062,723.9628412400544,729.8258969952769,polyester
392.5340457847243,434.1173834125885,463.9741580947936,502.3630400393871,516.3118025205072,553.158078502484,cotton
77.29827726571474,72.49979696664259,65.6386692843739,57.327950274647804,48.54539414288464,32.67046424912937,denim
390.376627728667,413.1383315516746,444.3820296649788,474.51513831640835,503.8910515590499,526.5407059281077,cotton
193.97436753885964,209.20324219420883,230.4438744477606,241.04743942048793,253.7698960904109,271.39388687282724,cotton
400.34305843827343,419.601445429032,473.32593349192643,494.5773587015522,523.9356099507037,547.0659333875707,cotton
77.1388532257556,59.496334979369756,50.85963122522965,62.13031167233078,49.47318067541011,43.25801654138423,denim
834.2908914687054,886.8832226992266,926.5024329396796,831.8288859219446,893.2897898663355,984.6215833252287,polyester
571.8069928810858,615.3606902162028,581.5611303885744,647.7595539162382,692.4417072070668,697.5263726696319,polyester
905.7591733136574,905.1442735921507,1000.0,1000.0,1000.0,1000.0,polyester
193.92251187368245,204.1500025137659,229.33405295682653,239.12286169192035,260.4750847063616,270.4488260736975,cotton
706.3304667706625,740.4922703793272,801.597354401005,720.6272402065626,854.1658169822165,814.4965531273045,polyester
845.2258801971676,856.3323102045241,924.3951439774113,965.3313217377165,966.9043396332437,934.5804922505275,polyester
193.1912751874394,210.64342600009235,226.22011304206663,239.36885846528594,258.6160862454746,276.8379833865586,cotton
98.36088602633406,88.43435263652438,80.29144324922468,70.8415013794446,84.87019934093757,46.257042839228994,denim
395.0803370581312,427.57644593973305,449.6093109378249,487.3470627523586,506.5131329106808,536.7861130731086,cotton
739.7035491167712,764.3741936415266,746.3680693748832,736.9865769668879,774.1069709284445,933.0953097870048,polyester
707.8573465507798,657.475818718242,700.9443582172902,750.3097165836173,753.2432545901175,788.4762794800367,polyester
191.3246289049912,207.77453755457952,225.28271329184906,232.21298494976213,244.64679548071723,258.67747602784357,cotton
112.1750899794126,120.85936490627478,96.63291600081551,84.46379460519475,96.34276617093643,67.48678512055328,denim
750.4896418614273,727.0762524184266,757.6320339493107,865.2457281237721,926.9788963193593,907.2552803366799,polyester
370.70072394750747,406.5845823528175,437.2568141140294,472.65552130453483,481.6748552205003,506.72344940998175,cotton
649.6382639334497,743.1299860416657,749.2514466942905,813.650825862748,799.7212804117095,727.9406902924442,polyester
81.91860814986933,74.04256814609118,76.4350437276426,43.27240865160968,50.94880024816496,59.91447324731848,denim
593.2846910848386,742.0915994810515,734.6158519282391,789.5825563925398,788.1612881368916,868.0152806795581,polyester
362.47984143554345,401.1091179645722,440.4971128356181,450.55370942803046,481.7811655726035,506.17074292052837,cotton
715.5686953308676,843.966793333461,887.1909749908793,938.0942423201783,924.3087675225249,1000.0,polyester
72.74435269517465,58.26649933844325,56.10823978666268,72.94377496860521,45.67516267790285,35.13856867272469,denim
182.06834466013012,198.4015528706898,216.12933767868304,224.84788016785032,243.32904622800314,247.0881440319168,cotton
354.6484196140714,391.03611467181895,428.6917561199651,454.7065764401491,463.832785574478,496.68699775325865,cotton
192.14857470747205,205.46188749254603,220.73291554086103,234.19852670663462,253.73839410857752,267.20578644766937,cotton
87.65315285405224,86.12055993355003,73.8191263601963,67.93630092725975,57.05942205298923,34.59049852101863,denim
609.0361364346264,714.7337200306488,654.6656361146086,774.2832677235791,672.6684493092912,707.09024421035,polyester
379.55544848450785,413.9984584914649,444.4407527491442,482.07138285246305,493.92539561057094,524.0375041679052,cotton
63.20403208692346,67.399310216951,57.37773498027509,64.09489124292605,51.354602533870526,37.18250250458139,denim
199.03020390638974,220.250349554483,232.0763179550843,245.26215436826038,260.12954176417895,271.31871590876045,cotton
718.513224213331,702.5873807094353,721.383331474966,759.9832796911605,816.2531688371204,903.2514505759826,polyester
120.15999385921491,71.03741137692526,100.01678204098671,70.26446304477447,61.61152207472466,55.03752318449925,denim
392.0445331981933,422.8468299494065,472.71520484773635,494.50100874333725,517.9358857736544,539.3591430613135,cotton
379.91741536855506,426.6993746422403,451.03536809888266,486.1228901432146,498.9418869881007,535.7683420766557,cotton
100.01829704983086,97.29326932561102,89.94635618297886,74.62293527457167,77.86606208706775,52.74960540021102,denim
86.42696828429632,64.3830535063875,57.333510299807955,54.80333852231254,42.850974652395934,60.94516319827602,denim
367.1343748466508,390.2678741087055,434.547929302529,455.9859207782206,479.6149925712248,504.282788034698,cotton
630.8229321250459,631.6942512499819,699.1357892800169,657.5409276660532,662.3762654791093,697.5762186071339,polyester
369.666496300145,389.7455190897616,430.789703492302,451.6463487022998,479.0453711789236,511.47647091164134,cotton
567.819659656127,702.3549466666283,634.1290017844517,667.6496841927644,730.9856392428915,699.7006019675665,polyester
600.610494333293,694.2579891874964,696.7605519794016,711.1231681691036,825.1109272519296,733.1236963519622,polyester
113.88413076194358,94.9184300727012,93.66553541499738,76.53678038792049,51.71694567346236,58.808564899249376,denim
374.1002536365336,404.6737762701133,433.9794022504584,451.12094428647936,488.02039061121,504.41752382435476,cotton
105.47555023066771,100.95898077055408,80.77674862348803,82.15028778241346,64.58991181759585,44.46995573574253,denim
178.6874966451446,196.51485908360794,215.0411278246211,227.64050424876484,238.7112606862875,250.59525522046252,cotton
900.8718814540141,859.9023113016694,881.8738558445442,945.7521069202229,935.4790891925154,992.1819177280477,polyester
800.8165988390457,804.1425573668267,816.2428963600831,811.7090124607745,878.4676238092153,939.7966379007972,polyester
116.18544220003518,93.79306254280839,95.28014418746159,84.54519913698547,87.93834265233181,70.22488356906716,denim
184.73094875905798,198.7717780268758,218.02853788915203,232.66227321025227,242.2818405000717,254.59949798400598,cotton
401.9232985621538,429.2483131881881,458.3369690381023,486.1861829145952,519.8999586562855,547.8145059665619,cotton
202.95370486962904,213.94292300674897,232.03380592295935,247.51998657694844,255.1016430125281,272.3965176110817,cotton
182.93111894842815,193.75820377979923,214.57926263590724,223.9530596140669,251.01129863945314,261.53046874492134,cotton
388.70236595540183,402.3530340046043,440.7973710162056,471.29352771771823,504.86539800742065,522.145714451636,cotton
96.36624454846539,64.90280968432663,61.44835091842868,52.76441321577938,55.361412989410596,34.729398835524194,denim
387.80949204016645,423.9789279861342,456.2373273008939,485.0451120207253,500.1358269401681,541.6850383517866,cotton
930.8827415874072,930.3894792975826,920.3284362325937,1000.0,1000.0,1000.0,polyester
106.35091671684204,83.57059796235116,102.92397019972205,85.47403633178385,66.16283781784435,66.66325463228905,denim
373.05004651360207,400.03964202643346,431.56227588109033,462.82631758563804,481.79689297389285,507.1229976982215,cotton
109.28591530688425,97.36538822157355,102.69792320230141,89.95304647485052,55.656836888262106,66.63925939620574,denim
376.77519364851224,419.0104700043277,444.13140782048737,474.33798654721295,504.378845914427,520.1039938071526,cotton
723.6254641708052,901.477128270883,883.5726729222297,985.708729714549,1000.0,994.8456441756276,polyester
594.3840451274672,611.5222579826166,689.7148741827364,653.5323102937131,661.243451005014,666.8776719141537,polyester
631.1968308553346,769.5785428182704,698.6820571951826,853.007679565784,865.5097225328192,852.194972334528,polyester
77.53770672402611,57.37847179963038,46.27008394852946,51.178652468895066,48.56931720008493,60.971596199008125,denim
89.2586140015957,94.8001498217786,94.94587742586471,78.66960980168302,60.70122132063212,44.55026099474938,denim
100.51923520332701,98.55932197721013,98.85104982033396,75.79481987348561,64.79134788315837,61.220178954651125,denim
935.3459253195532,876.987853189201,889.2438908873783,870.3344746481324,971.4331609290292,1000.0,polyester
933.968869637566,1000.0,1000.0,1000.0,1000.0,1000.0,polyester
107.48375345568638,112.28977086364873,88.29277620228278,86.3509971999293,88.60157330641312,61.23894899801098,denim
840.0238421589121,961.5446567952598,953.2254786426831,935.9852287289342,1000.0,1000.0,polyester
387.77596435855156,424.8381204254323,450.0664782877343,482.1247555003342,508.874824564754,527.973923880057,cotton
185.18505740125548,196.3105778411072,219.55109327420942,225.74623961745445,240.19623192920744,250.8912833611781,cotton
861.2439858590548,994.6224416967387,1000.0,958.3712943124747,1000.0,1000.0,polyester
105.40002957662131,99.88146352877303,86.14459096218219,82.97716483569857,71.31463747607914,68.1310169440376,denim
778.9765131688729,922.5255976510272,870.0376341262202,856.6200712848362,927.3110270769344,1000.0,polyester
384.577691208107,420.30258519298167,455.9074581551203,485.63717966020926,509.30143468328595,538.6995356772519,cotton
125.29030817093145,109.54295140446426,85.6197448066353,80.49307253803521,69.28554206436824,82.09991080501433,denim
394.31086277460423,419.28110838449004,462.8403491975756,486.65816156696695,514.7348761032102,538.52897069322,cotton
137.90258749548028,97.82545572936382,109.95083145627116,101.24809596869221,97.90197174005081,74.58226262554912,denim
95.690451016593,105.54128555142286,85.9609271877177,81.30847051674412,51.300681371915786,65.75831075211846,denim
193.95445417095502,209.78989276603886,232.02228833566377,241.85360906668515,265.2329947170393,269.49749819294453,cotton
396.94027532048005,410.82249122862663,460.64083434365017,479.91199383750285,505.4891251127256,526.2306053944852,cotton
124.10096615070682,100.09151791774492,92.70291482701181,94.39404829130267,64.1944134808179,56.20167239890902,denim
381.1491125697872,415.34966193333145,437.10789976653416,461.473505648616,494.4302019577288,515.0214187962404,cotton
395.76520683681434,422.14315640359814,466.0102396439842,494.21996462665163,512.364204456999,550.8442056384743,cotton
651.168035312919,668.068112142845,608.9378949524868,661.0841785745879,758.7840465429949,756.57785299742,polyester
935.147175896826,1000.0,1000.0,1000.0,1000.0,1000.0,polyester
79.43825226567292,70.98782847523862,69.03042074456992,72.87526954352637,37.91487031886804,61.714069744627295,denim
932.536418586849,1000.0,1000.0,1000.0,990.0503167650851,1000.0,polyester
113.9095407623235,112.18655552562555,75.70527691945826,77.63839176661094,82.35224196884603,47.04657103787805,denim
825.866495448856,957.551808544434,924.6728120727797,969.5623892197718,1000.0,1000.0,polyester
783.1170414550254,851.2972204386632,813.050094062767,879.122208623518,905.4343538017512,1000.0,polyester
684.1182539910941,700.2443290726759,764.7344577992714,706.6248092346017,733.6431057584737,891.4103330349161,polyester
620.5155835666515,637.8258119950142,703.2493012655733,815.9374903607612,755.3511575541941,814.402480410498,polyester
511.4544445670052,626.5382737760502,623.2044305964966,686.7007746088418,657.2158404398924,758.5779944734154,polyester
382.8350453295186,407.13114278390793,448.23262810287196,461.51976178483415,491.0109533592829,518.7226244847137,cotton
718.7416135748523,670.6456452907714,805.0685307454805,844.8290817320725,823.4063112574984,942.6605600066445,polyester
96.90580081749873,77.348259910843,72.95772137909978,83.76544098980384,63.872225809063366,50.63508194077081,denim
661.2518492391737,708.3888301900997,707.3395311127189,725.11514687995,783.52378823487,774.645815595848,polyester
107.65891375680128,97.7335688774626,89.22425221035297,75.51589476616965,72.95032474392292,70.12884055826578,denim
88.29884118975527,77.40661998355937,68.98650352860012,70.47222807040721,48.21714211079336,56.514211075178835,denim
825.8356430639814,842.5335723086104,809.1431960835832,800.0451854534975,968.2203147642115,1000.0,polyester
186.35277454584133,200.62528919443315,226.0488718905429,230.17315529637654,250.6666445443748,255.9265581288769,cotton
718.1116310773363,778.0552267331225,821.3895022294649,821.4450598324568,899.0216947785543,866.8925204098275,polyester
389.3939087749886,415.8026338494658,447.95369554112517,480.18434471787424,499.4282296272158,538.7194634499281,cotton
773.0048679476096,931.7186695753508,913.2579988935265,971.5153216596791,1000.0,1000.0,polyester
88.85933047479513,74.51795879796433,69.41815973532897,40.455396028971734,69.99228440200426,58.887761599531686,denim
546.2244117786593,563.4435495401788,620.7287552268076,644.8599126208435,721.6741848881402,728.1902439099354,polyester
842.4085660707531,924.6804267733727,840.9913695266687,982.6060813775355,1000.0,994.6652895171984,polyester
118.07365329531828,100.08095252453441,104.41645330205799,81.62528976666538,69.35862054918451,65.97024533801289,denim
387.80267075531765,409.74686618862,453.8461887362883,490.7238572030312,508.0270485282043,536.0944994596953,cotton
195.86130178733674,207.0076493803034,232.9748662459737,243.12607643902206,257.28071927422627,279.07837587878424,cotton
109.68950257472363,105.83775066938802,92.01835901477976,81.91647290925697,57.3518298623937,59.9139136298614,denim
91.52632382785632,73.86838541534692,84.88688280041667,62.984018133658665,73.76897460719475,63.6491429787486,denim
810.051643900812,771.3363167375979,909.1144124469326,877.8844799830392,881.007546383813,957.6189106694385,polyester
132.6250918122343,117.27024889529825,112.83053557794582,91.56215609668703,65.01413597955191,58.582054602994674,denim
89.16110195441138,78.828550985515,64.00386101388072,58.07289841726121,45.76097170841803,33.40964997266907,denim
110.7222257530872,82.11999887743247,85.0645822057874,65.98929877173273,59.96976852389312,64.51613979493968,denim
639.233371946793,698.1368969694448,707.8541185908628,741.5623145591298,737.0585530013025,812.6737052109706,polyester
75.35249569043077,82.69228298657013,67.20571704992908,63.01950388690762,36.071356082702366,49.96598465216581,denim
118.17572213052489,83.18863946613381,102.89052308688122,92.66702625084542,61.54146476418178,67.36280931280815,denim
92.80266193704787,103.46311615271956,75.41326103457091,78.3155203637874,74.12307194822687,55.979790223651136,denim
95.08622728304161,76.96772061836441,91.3186294298627,70.34748275464354,62.161572017108696,46.65255468654761,denim
189.03949566927102,203.50290091872438,221.80455971472736,230.9722103060319,244.43592984249253,258.71479640265704,cotton
906.6599956513046,924.7876849997683,884.2707405591085,1000.0,946.9144177071939,1000.0,polyester
378.5516579427557,407.5176698296437,432.74756951771474,454.80200420698225,479.19015035246406,501.5821610816401,cotton
389.75714783151705,422.70434985974225,452.82124611804636,472.5897562361213,497.72625326542106,530.0994103563424,cotton
186.38187384577046,205.13975176207381,226.65983741599567,237.87274892447212,255.46606712682689,265.35982909634066,cotton
376.2529245065414,404.2522624485193,457.0786762309156,470.29701693522816,506.15643076892934,537.197885785972,cotton
376.84319490430244,404.2843012574313,432.40522178884413,464.76547231672794,484.73792494499236,504.99987999269723,cotton
192.8955085434449,208.05333332705754,224.17343792157868,237.44730231264379,248.51135861555477,266.2405303158079,cotton
84.39293863046147,88.4615856857922,67.21075467425673,92.19026206971,46.60819723099538,53.426865344022836,denim
86.74883050362772,51.506704315383836,61.37034736631732,57.62790091077156,63.45756118448538,51.73172456232018,denim
857.3179153391882,828.5178480468581,982.6937527532765,998.9194995747118,1000.0,1000.0,polyester
118.30265694551395,79.58599366247785,86.73193727391899,91.8063539514495,58.904411043058325,59.14844905021065,denim
97.11138609418202,86.06860839992213,62.90558425025587,63.536637749791026,71.07804939371097,45.58241102403111,denim
84.99829659402415,68.37086889093416,71.88563135424172,56.63751718027061,49.39504682048551,51.376950940297235,denim
106.42385654895605,102.32969571062915,69.88147019629943,81.93409219806303,61.788639470052196,65.45452342962234,denim
709.1968474871802,771.4562564259842,843.2202183510441,764.3151260012421,931.8390301629437,932.2583290248269,polyester
88.145517713852,72.91934027377329,73.01003229453661,73.27888950011966,86.47364886990694,65.45513842905109,denim
191.37127553883772,198.58011952140706,224.4885268299295,228.59191815445104,249.41646600888285,264.32642784144485,cotton
87.94267913626801,96.11439532383645,92.68228119376893,78.17261625009812,57.75657797385693,63.46425993654831,denim
695.5008148613229,697.3123580052652,753.4533213001929,780.15263860293,891.8904378289415,852.9084109421659,polyester
399.62872286869026,427.2034503071456,461.6596137134198,492.78133751403794,525.0268650768476,532.3499521355336,cotton
360.10319111970136,400.06938015891495,426.5401494754403,451.20740942854,466.7195728593433,501.6032325999328,cotton
626.8159702639616,655.4099528149854,666.6509530079998,693.2642701301203,755.543431289467,676.1375835435338,polyester
123.49185673963261,115.51673190167193,86.05802814228574,78.80236119886226,96.42705671294507,62.620402778229376,denim
727.7250440836506,808.754166806919,840.4568310888159,876.2988414688073,973.4479141516068,898.9068240782531,polyester
74.04365736926388,87.90307016126195,77.24091803490556,55.10970068018131,54.38281881298432,54.64129409565574,denim
388.248953239852,421.91622214400695,462.6837585479015,471.0971760405939,507.8532870967578,544.5014905814309,cotton
127.5919533389647,104.59941263744565,88.54279001962765,70.07590311309951,74.88430203103793,48.11950057690788,denim
868.1693928453941,862.6884043180655,881.9878658897103,904.0884864183814,1000.0,1000.0,polyester
116.01620024607523,90.82299766361737,81.76108502441002,75.0670980349884,84.11165482194384,61.32360423356689,denim
801.135521276639,886.845090847385,969.4582192920301,1000.0,1000.0,1000.0,polyester
194.97232137716077,206.05469038848668,227.26131400390355,243.78886683327752,255.56654367322452,270.3653809374489,cotton
391.16911746073947,411.7168092912121,455.61156004472207,487.4217775914348,493.18923604607596,523.0756491767386,cotton
379.7059641538725,417.7765331344409,461.4173135154139,486.49233881955706,518.8260716958443,536.0496348772082,cotton
82.99706701386096,65.01724200953976,70.70503324806828,64.70355157078568,59.1267288498078,49.58606429660471,denim
101.13350731631881,110.22012382858318,97.54476584778183,89.24748681339618,71.22171759892933,66.7397023287608,denim
866.2263587224771,915.6188951379582,891.7267051580649,925.1518801051633,1000.0,1000.0,polyester
185.81825629507992,202.34722894775666,218.91382521502462,232.10890612786932,247.48203066829004,260.4572078408521,cotton
696.4766526476732,846.4025295851403,829.3829018409912,912.0458707824137,900.1857392145414,859.8850846589752,polyester
101.49047274899122,121.973285101503,77.82086048382648,76.79665034382128,92.55925048326819,65.48024896556645,denim
108.06841794856192,105.11464280105018,79.16785756449325,92.59761722598878,91.19663013970187,63.404733265054354,denim
190.89461169965955,200.90378516660618,219.8919060153059,226.5397786934809,245.7885377746469,258.9235874621996,cotton
788.8478290363116,814.4785964897771,817.8888719983873,931.1258532764394,1000.0,1000.0,polyester
186.2870743609323,197.22206960425487,217.19832316365347,223.7884394191532,241.76738078093499,261.49785745188814,cotton
193.6735676242208,209.42102883126043,232.97969831563816,233.34046725022537,254.30466207097433,266.89134344086887,cotton
90.06221695641945,85.79463171888109,96.38892556437723,79.51212715419965,70.54505928201064,54.914512130524976,denim
635.5180672632691,597.7733767942271,587.3649408150808,669.5989149586301,680.9790805194012,734.7095785553824,polyester
98.02256289537006,87.1911723983526,88.91466657558486,69.11324825686509,61.479062073139616,64.42300342747528,denim
80.67739722366646,81.54242249330356,60.468414630793816,71.31611518474082,51.90702517106466,64.91824223935504,denim
762.9912985024429,954.0180251492808,927.3273331254404,1000.0,927.9185262727203,1000.0,polyester
186.4750511153566,202.72003618642142,221.97878923998746,229.09081062670361,251.14601920581953,257.6145255771154,cotton
105.09182361284437,83.19336516480507,64.43881931631879,52.12779452465435,57.36158195954152,62.53179621235493,denim
112.21409076032606,104.29155948672687,81.45963446678171,85.7608526443166,66.50260390154376,54.76231064245668,denim
387.36489680097526,406.4163463654249,450.7447972774511,475.34496305783415,498.84430063404517,528.6394282319982,cotton
98.05564308467716,93.54194750715305,82.81192381452433,95.1244530458102,60.73741781454717,75.51236061227075,denim
737.615821939722,678.1900910715564,812.354763510078,836.8787133482226,918.9936510698723,919.5499638807106,polyester
388.5504813520395,424.79708603906613,449.4649072963117,474.91790046269904,511.0983038572192,533.6505559350638,cotton
578.7616302789115,576.8743412722648,608.1486656499119,634.47442991162,666.117262493089,726.8363338414258,polyester
786.4595579149461,847.5754233571233,853.6748949383081,853.3422012968576,810.7269860055708,946.6990719994853,polyester
195.42016922499477,215.76042556229717,229.06350958528535,239.9049498618052,261.92505801518155,266.765463714983,cotton
890.7636409681824,931.5777976206189,893.4991667215734,956.4336770925246,990.7030064164624,1000.0,polyester
110.40346916052417,102.21101937071288,74.06221864410662,82.95538826244373,53.36806957441451,57.96117665596386,denim
201.10981988202911,211.53916865234743,231.86043105175557,239.59279196479028,262.4875520007375,274.43260688374784,cotton
97.45256917263998,74.23503991964103,92.07840841066937,87.05281239555647,64.06990447678658,64.87401473938,denim
191.6829984728815,208.81769719747206,221.66685049218057,239.66288033985688,251.7120033203816,261.6788227951595,cotton
830.0208932191343,909.0833008040464,788.6504345317828,859.662696289311,867.1324049680828,923.8691456517096,polyester
58.95753540941456,49.09042772964354,64.05322172684028,59.05316435434996,48.06912648408749,50.63598813423421,denim
106.76523667790269,111.02797679369645,100.96970080179372,86.31099942423138,53.75213210548027,55.427088588600625,denim
376.792365728141,389.0608418685831,433.61966799705624,462.31228418042184,480.6129341341333,512.612965209039,cotton
362.84225504506134,401.8440841026677,430.58366715865384,453.50912197140616,482.94841406305915,507.2688640883838,cotton
190.43272770843427,206.03061838507261,228.651451306133,236.93745060845882,242.59453956106537,264.8046947699939,cotton
83.64836289952505,57.28210355376262,75.69572434188794,58.81403318611767,35.51779850643965,28.402201376465314,denim
108.06874469719574,82.05734170206306,86.62286865895007,62.05729268618856,54.07197867155472,59.798277014322636,denim
926.3484162808544,917.9585506211835,918.333541469535,1000.0,1000.0,1000.0,polyester
757.1747767585169,696.2664608117568,841.0375249174626,837.1877315533561,890.209893924312,855.0335199249064,polyester
193.12098161087707,201.68468428794193,232.12733872870388,242.7524265418852,256.5188506565299,259.726545040723,cotton
672.1603928129811,680.8303643776301,732.2187550855656,659.6767390133921,722.4005946552521,842.6744616622107,polyester
73.48381114404124,63.43062674487123,54.315455910992256,64.05319818508428,46.6982634809753,40.17776259304409,denim
912.0390841158786,801.8435145057708,930.5309932789377,966.5614270306279,1000.0,1000.0,polyester
577.1456761584731,669.2549123280648,627.4642281207188,681.5929505132846,697.7496957383679,762.1799958163375,polyester
180.38633732945135,195.49078179724083,217.3105283936469,228.53114131682116,240.29836347446872,251.12014855621126,cotton
90.93525919348441,77.58884460443093,85.53919610617305,71.54571681808868,74.75088506959146,59.07373470556734,denim
99.36899475065229,100.10720766628933,90.3860680902416,76.52432861065213,60.923566941571586,44.7126080266207,denim
389.2993938398544,434.07295634028065,452.3602944488862,494.03686351026465,504.75539839894554,525.0364020222662,cotton
67.45293013356047,71.08823792308907,64.18306565271055,48.04540554849089,48.1098091589278,43.236687504305685,denim
393.30171087653906,426.79840452438333,459.387278536746,489.5007178673038,505.2169427335188,535.277033043007,cotton
363.58880727025445,390.33712349542833,424.80312770405857,438.25606815658085,473.28995659525526,494.4253759558352,cotton
666.48344649662,667.5257438809695,683.5981013367795,657.4032420715492,736.5366514733406,788.0335063913413,polyester
602.2158450355756,614.0167085420624,628.296531851799,692.3636899490473,716.5398955839294,695.7927912050899,polyester
114.0166010473619,99.36503724957167,102.37619821252669,78.6756047201823,76.80865298952676,80.19420891399012,denim
367.98465671740377,393.18023537549175,425.597006048433,466.42092224029506,493.6870596046564,512.8760891616465,cotton
790.1825187780229,780.042213967465,904.5984499167942,864.9176814174174,938.7367270130319,1000.0,polyester
180.75973044210505,200.27784111255752,219.91391083439262,222.34533573800798,236.20977729070788,257.375226236508,cotton
90.12025652521487,70.04323676041595,50.54950033832472,65.72097054699867,61.24961377255083,40.894632081865005,denim
194.8058725392269,209.69609774022305,230.4034486242808,240.09996254731388,255.65470838801954,276.2730640366676,cotton
110.28766259002703,78.14520453560058,93.13908740992565,86.10034944440102,72.42406636194656,64.33123785113186,denim
110.110446674975,92.04587779690765,97.84880258960602,70.33379809294316,86.95926818679105,63.1144578269143,denim
773.1167889935156,782.1098785596746,790.0274022843269,871.728248350952,951.5558512564777,906.0150937725724,polyester
104.26595507080933,88.75360884963693,86.58007423376947,64.08679246392308,72.96530931713183,53.705620267014964,denim
187.2548773088282,200.9966611057573,217.49288978975224,229.80742426974732,251.08362203825962,267.4530278157027,cotton
372.15124299304443,391.80088447505335,435.46759326794654,457.5614814939259,484.61566523896465,499.5654455377608,cotton
90.12164256966967,80.54660409423153,62.92708152540552,62.46568766524646,66.49827249875382,67.45699461589022,denim
202.53386855563863,210.32110942413112,230.62739801492057,250.5230407353661,262.3724930971391,279.2917713612695,cotton
384.5183432624862,410.77757058633375,453.73776026111057,466.38127571865135,500.87389380918705,520.829438223002,cotton
182.81899637763163,192.47247654417941,213.802265031878,228.39431271638952,236.33737936585703,254.6900429020411,cotton
647.0154068647894,633.297326643936,645.1294833015567,765.4824849289848,737.975890033367,802.1032239344144,polyester
194.87025899678332,209.55111183859628,233.4057265570926,248.2294227787131,262.3815362526914,270.23285689096554,cotton
715.6546648609437,837.0504008799295,862.9506584112654,941.877786648724,923.2993735333836,1000.0,polyester
360.56466814376546,391.12236006296285,430.31834557884736,436.3788579054218,477.9513320615447,497.15671044982656,cotton
192.77037221496408,209.51070300790113,231.866769749432,243.45813360322472,259.4203389115804,271.91063052665623,cotton
185.9674562511095,207.44617647602507,222.54834913583744,235.24301621965392,245.03711442355177,260.87777529455735,cotton
92.89072948299503,93.59595662427117,63.445215291116334,74.89627616621674,78.86500235527251,65.71076509011773,denim
877.1216243720214,946.7382615389504,891.8712966680882,1000.0,949.9845575422878,928.0930680742379,polyester
389.7094471373429,419.3505494737267,448.8156434089627,482.01564696581323,513.0903165957816,524.6163994638551,cotton
110.57235426905949,95.50922675369004,94.40348547341449,89.34714142878855,65.91120500912024,86.78458679645729,denim
934.6078485635192,1000.0,987.1455668347378,1000.0,1000.0,1000.0,polyester
191.09802254301113,200.86812282402747,219.8597348150101,233.34646305509924,249.16649442400973,260.0953691717823,cotton
193.24153071229154,209.22211091822194,226.1853323420609,230.185142401959,250.68584415018998,272.54351378680053,cotton
381.27392209094484,411.6166749580276,447.46741767430876,467.75141394101325,500.33391165460256,512.4312730712224,cotton
655.8062814168288,673.3266498411169,719.3118726993166,672.1669880396912,672.429444691207,709.0727457560264,polyester
379.55423148469987,425.2772030872569,457.7994373739516,468.3705020013955,500.7376486337752,512.7124462148771,cotton
958.1023955167609,864.3044597826309,1000.0,934.2263626793961,1000.0,1000.0,polyester
116.98452549733686,95.29118097859676,99.7592446142188,100.32849295919218,71.00371679297255,58.48115798818051,denim
701.9891709218444,719.8819966612543,703.8315006590718,734.8923427505237,762.3440237324982,814.9401344348701,polyester
93.08476577962954,86.14166567324123,73.23755273240641,70.68445575701784,57.21784969178486,52.453809460999885,denim
79.99699988335666,72.23302839190417,63.122223365038735,62.184855358446214,60.25769939502199,45.71157221508008,denim
772.5313661494274,887.8928546211504,945.4900398718406,1000.0,1000.0,1000.0,polyester
86.66576529041417,69.51009893068687,74.97369260844232,73.78800986332108,38.52497439096722,59.19643958710103,denim
181.22051987088034,194.02520116738512,218.4836823588742,229.9764280755895,242.70124219113902,251.7034174035375,cotton
875.6921527087212,999.4715319069682,1000.0,1000.0,1000.0,975.4967741725278,polyester
398.47792965146357,412.4760438074372,465.1060210271006,479.5916546762649,517.0098299783193,530.2134382964931,cotton
798.8230411302062,856.7597496009566,1000.0,1000.0,999.620947154264,1000.0,polyester
638.8983546244926,652.880978257028,660.0531514186853,730.4341650688452,668.4288180045115,732.3457327733491,polyester
392.0512704976421,426.0576944575004,461.5800006814535,495.36604947340487,519.9422484994888,541.1170891235325,cotton
612.9261949741756,629.6192034014496,672.9782202973921,674.6782107193865,783.8792298432783,831.3125453285908,polyester
757.2385840812829,901.9607675852288,931.7817451981615,915.3192448348842,895.8605073997242,935.0704711101881,polyester
98.49592287189841,76.00166168201145,84.48475083373746,73.44237062516653,59.741336257708234,46.73068421523825,denim
84.58684340220015,49.55888534560606,63.923534091716505,48.80967563941294,46.92623765936604,45.37331436520133,denim
95.08426932075514,94.4060982993462,103.14495492267348,71.98640108378508,61.147198665553844,53.5721660377147,denim
382.03444862016977,418.91585778998393,448.7138156194915,482.51591199455567,495.06177267943,541.5155515127077,cotton
538.2484794738781,616.2957316573346,665.268589163314,602.7677291395255,697.2558198704127,757.609387684838,polyester
187.05624184475099,207.62340203731574,223.3110922948874,234.06713828371426,248.40560232259602,263.3338116666862,cotton
100.14635630919341,93.96161146338034,93.37176655676757,86.5424306661614,74.83711709552178,64.57156440779679,denim
104.17249452088517,104.87181001015921,86.15740753627679,74.66030047406994,52.72546009337161,39.13831255495021,denim
394.5791003744178,431.6949738500459,459.7524282240312,492.80476856931114,528.9128645440766,545.0601020435341,cotton
107.65353432552828,98.97584121612881,78.57969154760718,69.86708073071667,62.17927955715193,51.04425416305997,denim
91.30929244775055,83.59008495092341,82.38011197045978,55.65457411178774,66.24504645474312,45.91499862357826,denim
87.44490848529685,64.83987261687746,80.00708963602007,61.79474203047409,61.26783592781081,56.86528513896183,denim
96.34988609923676,90.29153354355645,64.2751720700307,87.43792705780027,66.53517013600407,49.78684578905524,denim
96.25364077568092,91.96490024914551,84.78631338862694,89.57370228559503,57.61058999548521,61.39232742773977,denim
81.39220598898456,83.9894401546145,66.73315355302137,73.47607893578333,56.97670710225603,44.423603613956104,denim
186.89776580216147,195.62226575220612,218.98062089622636,220.01069697769103,249.56704862036662,252.638413273044,cotton
849.6357425747861,882.705245288088,889.6249266348731,997.290488187256,1000.0,1000.0,polyester
708.2729392605607,857.2894048355057,851.4751182831958,921.1990762750704,810.5212240636665,918.5349095969392,polyester
115.90473409160232,95.45474242633324,88.094398432516,89.97786343136332,69.6730705125428,67.25282492772452,denim
602.0242934482825,660.3344005860162,682.6104276770383,686.7968260926282,706.6844842494423,688.3114442734473,polyester
693.4386831025404,799.083806638365,869.9180667451031,856.103237605728,895.6828189109567,832.4383037609234,polyester
709.954302726083,717.4083337194864,712.9319733488722,732.6546755035031,713.8489249126637,740.5618755120704,polyester
875.0436073611236,910.0589175517827,929.3361681277638,884.8207129859468,1000.0,1000.0,polyester
645.2423472311289,644.6880364580668,636.1326746480768,633.5797782970247,728.677951702428,700.5455611534876,polyester
591.7820625732437,614.0294998304887,659.1286967871034,691.8019765869136,714.5778209229888,679.8107900766908,polyester
125.456637161149,85.27254713022978,82.89505175598474,79.64168332061666,63.88441889930161,57.91903214725561,denim
187.540455589573,196.25063239594886,216.30688399355327,231.07449208279237,242.0357146217532,257.7338912111761,cotton
94.06497382274972,68.28509078739093,65.04587936560907,62.82992674354753,42.032232726895,32.931806375117645,denim
71.89398700333061,94.28517758468534,82.01012986683983,54.91415677236891,51.7756097170461,43.25538597565289,denim
63.53178151963675,45.60842089541581,49.4828256936553,65.54728311018611,57.77090719096808,56.795786990624606,denim
760.8603909745055,839.3303899842729,910.4595618139978,882.0800800912397,988.0863323483279,1000.0,polyester
588.6256981421279,671.3534381297407,652.0886435627331,630.3653755771886,733.3308725114026,722.0563932175412,polyester
919.4587936975009,922.744965300555,1000.0,969.6716153504829,1000.0,1000.0,polyester
175.56487113089295,197.06376696036043,224.80271585537804,226.13575431133935,242.56926565416867,257.090014136144,cotton
113.91307185599618,109.63087290205992,88.89175190821607,92.04897127166484,77.11766903358648,68.52259335631165,denim
574.1300403609412,580.105244138673,683.1187758614403,734.6319470262961,687.3511873373058,736.8244145275905,polyester
846.7772000157217,840.5834773287936,853.3048699093773,857.7643583053001,901.8565916588342,1000.0,polyester
91.88559719368776,74.40324716256178,76.62595230901627,57.387885789812785,64.36348576433815,53.27313449424702,denim
582.7905354958039,621.8986410900219,672.4038559882196,684.0200356033301,725.9810899690302,743.089196604045,polyester
86.94239879244192,86.23650403886732,69.15180475559288,66.4959958810124,70.21897082599091,53.39788468213673,denim
184.6872440017399,202.6714553990708,225.85333895614602,233.0113032679367,247.71095251825125,261.4491538784971,cotton
64.08827993335765,75.64544269470744,68.36108340720591,63.99564656156978,52.48230890687654,45.811764405326315,denim
183.94948192839038,195.8666149782347,218.42230774653666,221.58841644155757,241.63591077055682,251.00645508442187,cotton
198.27521932881473,206.90343977111763,226.98845627957715,242.575092934406,256.05066616805635,275.7657529563565,cotton
696.9767339559531,613.7597286743213,766.4994682831798,721.535673812116,761.7012580959547,745.317605414094,polyester
87.52966726103767,76.31511382083876,78.7855777377715,61.654986260971356,46.60315694066499,40.770250881724415,denim
379.8323731043581,407.83663240942155,444.33500238448437,458.97067573215855,497.0187942889309,523.2418118604282,cotton
185.33409696695517,204.58674172906856,219.21967533974194,234.90660646678757,254.49252656606734,258.4881730363369,cotton
97.63228088139047,73.317563605613,72.05892047823501,74.48795880596492,61.64108361348048,46.620893077556794,denim
177.64256764623357,199.28934428567578,212.7191919218553,220.78138401640322,233.75363687550578,255.2273448711601,cotton
186.60429733699564,198.25853181608625,223.11865111166534,228.31872055600937,242.42018030105174,265.8645015443417,cotton
566.9378542717388,518.4092379969935,597.5881806788173,630.1997367559245,724.2816588184686,626.0137804166999,polyester
386.1458185674979,412.27803300313474,443.2743615555732,460.433735751635,500.73241437071897,521.6079981861049,cotton
184.81588868079717,198.25977834633804,216.81218464623146,234.42177765857116,242.08283810859965,261.30276911712855,cotton
185.85010185027988,199.29425526180464,219.2364199824361,225.53348251086598,240.36759913857898,263.1840014946738,cotton
92.67446688469619,75.42176328424542,58.56761019552202,54.90042104833267,48.30902625942848,51.06508833643617,denim
192.63665527767444,211.61273569657678,237.3164264861875,248.70810072948993,258.31857245991256,273.5602899758309,cotton
701.4240502693408,719.5656256418105,698.3066935402178,717.937174310736,841.2558476527454,834.3480012125436,polyester
376.2187267528714,396.9104240138196,428.9313663087563,452.9753184616786,479.15927329727737,505.88893549566313,cotton
184.62137528062937,200.01100698822336,225.15343017705104,232.74459379524677,249.94358817480347,257.2269278956746,cotton
93.46270138620966,83.13099345711174,83.81634935412663,81.28988182585252,65.47125634383654,42.6899373122735,denim
396.8218599718071,438.71831136254485,463.78797915531834,496.4253723972916,516.475493132743,538.9879502168878,cotton
182.2888644449621,200.16277657622356,218.67843124513988,233.4264653817088,240.12173449084116,257.46203566630106,cotton
79.43969127954676,62.77432925679715,59.97201497733228,64.26252274551152,29.766076491216715,45.34450142608959,denim
719.1481865382257,773.5835101029256,875.0294282947089,850.7783052497516,837.9422511912267,874.8356497095583,polyester
111.76967688890493,94.57006476379543,90.37307683715937,62.2196145467097,79.08117342848105,53.579355404404005,denim
104.62547674610612,105.52652856308303,92.84912116390353,79.81275608396828,64.60175792747239,44.931450070936364,denim
770.8550356277568,926.696918420063,966.18869353358,856.4415615987674,884.4972156212194,1000.0,polyester
113.45734652461375,109.76317398042445,80.39378403022388,76.41397575238639,71.57163218053698,67.503937445459,denim
659.8459970507812,764.787588455413,766.5846363187507,767.1255420244255,817.8261614146811,926.118373128601,polyester
187.3464708637385,208.50100965722996,221.13576243667916,223.84538885113156,248.53964923772998,266.5712062244155,cotton
184.22571855680206,196.59617307877855,218.02416822638867,233.44515009977795,242.7418367370004,262.3635723829213,cotton
682.6408658738743,779.8147689878613,834.1411865508932,922.0118433776245,858.3057374357853,825.2075530946094,polyester
397.8564559220012,416.41763400746527,454.84107108674755,484.2274679918134,506.61320538271656,526.8009553231329,cotton
90.14173481375236,82.8403117705361,85.18411328148153,60.047527059215106,41.276934574713195,51.71832434257285,denim
557.4049600207392,642.2953903057471,597.0737748205014,738.4225762495404,773.56124653817,791.4938849671074,polyester
185.83016200722244,200.9931353380875,218.51155537121969,229.38164227908015,244.1991132958782,261.2842477161728,cotton
190.25092816748162,204.27707918536206,225.95337154907423,229.16839324523264,250.53811787827814,259.23761430494284,cotton
391.07359786329914,415.18304121511346,452.9718739058941,469.2811401583424,503.7970206171403,537.7241768099169,cotton
379.6068802346546,405.9283521746601,455.81873416832394,483.5791229850849,505.42810981745953,521.4735363838643,cotton
102.62447237333987,92.32527263992326,84.77069931471334,76.95471190107719,69.7898716475952,41.51808000147685,denim
95.31713312590372,83.1250667016631,67.78514189346048,56.20107000057901,59.62317470451979,56.59356882537655,denim
196.30321130844092,214.55671850476196,226.16734756245287,243.8146248395427,262.20039689240974,267.4612314656649,cotton
672.3877218773392,648.8947435099432,755.7398467450713,826.5287907875609,790.3081574613014,852.6566749287116,polyester
926.3097731736959,890.5831829759599,1000.0,912.2845248088508,1000.0,1000.0,polyester
108.96793938268873,110.20067386193878,109.28899022089756,82.16351161565869,74.51055823833177,61.69625885472961,denim
776.4431342750414,880.6269957001708,967.6809251120347,991.4717374316875,967.5933629927548,1000.0,polyester
601.7945331129738,639.0321688811449,619.3933290349597,689.066364252357,771.1866570205982,741.2442229272576,polyester
768.4015529195669,798.0158276283887,744.5927119258282,810.3160126041487,846.5728082567325,983.1047490572126,polyester
184.3712927888387,198.8090516660853,224.29612541917226,228.51610048011295,241.01682601352607,255.65041874261297,cotton
813.569762358011,933.0953913636599,915.1842533676978,954.3029976504664,1000.0,1000.0,polyester
935.7223878701868,1000.0,1000.0,1000.0,1000.0,1000.0,polyester
92.15100313380293,82.0930674413337,77.92416252146838,53.096219933468,51.99409161771694,39.26076086119498,denim
388.30704605841754,424.4707126016604,459.72798077876917,481.1557726680503,501.53783742711585,526.0252996462694,cotton
514.7537208539143,537.714407527303,554.2266898883158,607.7432612171795,733.6191985741779,653.8286318833472,polyester
579.3242382745806,607.6344196173311,752.8757329206085,707.9265897901824,791.6315249028519,834.4399127160037,polyester
109.90305574573513,107.45698597604525,90.82171190728977,82.45499431750899,80.32312152290999,54.14152782648111,denim
525.9136983267183,609.1099557717806,550.478642827509,661.8577603012155,736.9462090124417,750.5089732428801,polyester
667.8725502517501,776.421636726489,887.4694977296755,886.4407230266384,835.277483487002,1000.0,polyester
107.3363829608162,115.39332881650634,96.21282831527866,77.62035806066191,85.71404701547988,77.4358556620864,denim
114.05008470198273,88.3127904541837,76.37150608333597,61.29270902579807,57.521843295218154,59.68261543422538,denim
196.576526714378,208.58866208927873,228.90274221489526,245.1203639711866,259.9821681677995,270.1426742436425,cotton
97.80023046263057,82.62173210097659,67.5172037508913,72.0477745072116,63.072785657482186,49.97524034200221,denim
200.97871982893707,212.22600412223477,235.10182248309138,243.05834135448455,263.82994207710203,275.57030732852166,cotton
64.23988668601059,58.93196210019505,52.716614622247654,56.446946085919365,39.89737536679294,44.393082252505415,denim
96.39419207460024,83.31092779831636,84.07353094181913,70.56205135844631,58.28840395911045,50.482424444076315,denim
621.389874956566,631.5068446758236,759.1959075389531,777.0519968865709,726.8050206035548,856.4385102208928,polyester
629.1200897044474,677.9834246235,743.0862187761176,757.9962596614542,816.1523041490608,831.0937008467622,polyester
186.80931762200757,204.5368135880119,221.99092207750724,232.99250211447017,249.58533695402625,266.31211399968095,cotton
562.5524291717741,685.0242095452794,658.5748979696464,785.8985163553245,683.8576356522273,703.5248013557234,polyester
839.6904551502636,822.4344941904099,907.1563284008394,849.1418162345902,1000.0,881.3910553171647,polyester
682.1118868801398,815.9148360750467,730.9007992245934,873.5323241800384,893.6792011705236,898.1997906733332,polyester
198.35709722131278,214.30546168215142,226.6038040056647,237.9102071910492,251.80223227439566,276.0509779316748,cotton
81.09972789187047,64.59271482935209,39.93022675374411,59.096544078894055,54.71870038323679,46.32746289798322,denim
190.9527369527489,204.72864421877745,226.76905561440225,229.69011150297766,248.13845850648636,263.60149691987635,cotton
183.30010350815272,197.11562631250797,220.4921245112468,229.06515525202173,242.90739616239597,252.87378589508327,cotton
180.58119454653084,195.32867838891283,217.60225606191776,225.0684098377341,237.7628584522353,257.9265834953962,cotton
74.20352166264342,75.6378572845395,61.89181718576377,70.75598059468653,54.803675788264826,61.470902229109186,denim
100.4664879684311,106.51848719696993,95.8796484485247,61.2898802972363,81.24935874105759,65.80055909120112,denim
820.9763554453036,853.6969522503712,831.9518277128371,914.2839551353509,894.4320890854085,1000.0,polyester
122.40389754551249,113.0472797019688,74.29385201192075,81.50813186340652,78.62593899188434,51.37381852266098,denim
127.33530146279965,112.04585989143739,84.64743005801245,81.81444940310978,72.51573108495047,63.70928793394306,denim
712.6829829348043,759.4071294599394,772.4931058525592,829.1009163070887,732.4696443609984,907.4769897662314,polyester
185.66767480465063,194.383896497559,221.17524128554726,229.68543224835872,238.35049547006895,261.7335670701255,cotton
84.21931333561331,64.67402385253476,69.58444467885138,65.36683891063086,43.35833172896502,47.238446159162024,denim
391.81809099683437,426.28752959621863,462.8558535309147,488.8536309387194,504.3146730547654,531.3670730389558,cotton
865.9013181174154,845.7160958049075,876.2241178398076,961.2099380857959,953.0756981434303,1000.0,polyester
82.99357791383763,100.18709700913595,63.59051505348947,62.71497238469053,61.61849809902749,42.55321804894556,denim
373.68450173780764,415.14637322699605,428.75523247796104,469.4396066340716,490.2085134360131,516.1312813676764,cotton
380.3551621913892,412.4120759421639,441.14542477755236,461.800861319944,487.3281111672787,516.0487177270272,cotton
375.4010874862546,400.59663776407115,434.1542500500705,462.21336076290487,493.9326131402757,506.84251651942134,cotton
109.84594517672541,80.80373634947702,79.90072959773198,68.77284841839864,65.89686327523162,60.094877357685846,denim
370.51658796814706,406.55572248053335,437.7082016919001,459.7441613477384,485.22000028766774,516.3133874845697,cotton
73.60618795444975,92.53204543193439,58.40801354996201,50.02060107081344,62.409048051706286,45.94742820409135,denim
788.7423685910107,838.4922013315916,913.1327260431303,848.014296950966,877.4751997405112,890.3298751248675,polyester
76.6850223025299,73.90980244079772,81.91284873121258,69.59865624922463,64.1323095226931,55.650598868965524,denim
191.3551405415058,197.97195010589877,220.71350469469297,230.34852545044618,246.5677579207675,266.20334136493005,cotton
815.0375988985579,928.2260594272894,895.9728850716808,952.5827675396936,1000.0,1000.0,polyester
822.1735314920484,918.7857110552197,828.736890249234,976.4025912907833,950.9728744323957,974.8485872182108,polyester
120.8013645817275,98.80922281476518,84.56160020052148,73.21146676859776,66.53966656816796,54.51536611724637,denim
393.8021115226429,418.79838696630827,466.7871094856205,485.2207685776764,515.820583775511,541.8890362725059,cotton
87.11285095743635,59.81955881830933,58.26505944650059,54.226609584911664,51.223688143587935,34.37382995673797,denim
386.29573487734405,410.386812418146,446.5919765985872,475.3556000231827,489.1548927127787,529.1938959184713,cotton
777.0990189910858,767.5580822930017,870.7060466560905,827.4090608768989,930.6235189552905,897.4739134003187,polyester
89.7785786994583,83.26671354800098,52.44929503968136,51.495005778933724,27.716232246215164,50.134783831819476,denim
782.2872935708778,782.0084261796612,804.4492299559261,903.7707433841699,927.5967237003047,893.081687754484,polyester
384.12593238040205,426.0424015206739,459.0578004510708,494.23505928377165,505.228746399453,536.3323460467402,cotton
365.4008786207938,408.1996318182552,432.7406894381709,459.37008362707826,480.4373628718244,516.3430205635876,cotton
379.6319797807585,416.47017839472414,457.31292527318055,471.7826532483059,511.03701702636187,519.9382163212059,cotton
379.22052338181464,405.730064084112,443.6574037453222,465.68160393900337,498.56807340305585,511.14489357336186,cotton
387.49356796250254,427.32596168882793,456.0255865330326,470.15949656971816,502.60997466804463,539.0555361360103,cotton
397.5857212917641,416.41502147692813,449.373344931351,487.95245995560043,506.6485130546361,526.5430903934863,cotton
784.9874949337769,993.8387535812993,1000.0,1000.0,1000.0,1000.0,polyester
187.6959331585298,198.88104230536663,220.67004384064933,228.54144615543794,244.00954687573028,261.0230382185117,cotton
99.16494521864561,64.57388959924047,93.97135241535025,70.96015577600846,51.40051439398549,61.624952099396964,denim
184.09113222196305,198.02599692260068,220.54617133656276,226.89073667015063,239.67087569329877,263.1285149222222,cotton
772.9111837888004,677.5990069783459,818.6637990868442,818.475596489376,885.4128942749409,926.4301048722565,polyester
74.60082947942166,71.29273104026782,67.82905755047213,54.49747308308945,38.76928868282584,36.3973003928779,denim
182.819934055844,197.49155745233284,219.2498413955652,227.15862585899117,242.83151703906788,258.6275178357647,cotton
618.1179098222094,601.3360044594176,659.9660037158519,629.5896544592725,640.2617365855552,683.6533533479642,polyester
87.06854759451055,86.64668778112386,75.10701121796363,60.76896067397465,51.18730989191049,40.436515091257576,denim
367.3329170385579,399.1590863775552,430.09827160338654,459.4425932843465,470.38481433815855,508.17775041066295,cotton
703.4945992411995,793.5445965096485,779.0061697064493,818.8950885130653,873.9578756509343,807.7750445368298,polyester
377.8726692503479,401.15257185867137,439.82921697965213,460.1336926756206,493.7061897698705,528.5899926037075,cotton
372.2673926593521,389.32662249096205,435.28112240201904,449.5541470509,484.2815097364382,496.50637430747406,cotton
375.0237941804784,403.82962578659027,432.14849326971887,454.69969499474365,478.0058783573283,518.1940958361257,cotton
753.2946270925578,802.1572363417199,878.8102845885985,903.87928121528,969.3534983772362,1000.0,polyester
191.8373718746449,207.6541548281377,227.2470240862547,238.35015913392886,246.0829056274846,267.5842009909953,cotton
202.251021617556,209.33339321931584,231.44547824651633,241.814184517767,261.54191740468605,269.75045759644985,cotton
78.66629971330275,62.81652183173801,46.297417251521495,61.574468527317876,45.3270952262969,42.07206807063101,denim
376.93077662254836,412.27073912107346,443.8577898938914,471.27170091199616,507.2815463496374,526.7536295018399,cotton
745.0331511245693,726.5255410495292,846.7048829070307,845.9965002974279,819.851432039065,978.2574135803502,polyester
183.16835345735927,200.40226773839433,220.6977902877802,228.02674558597138,242.0072656725106,257.31635390931285,cotton
85.2786790023475,82.02859576470298,56.32533207318214,54.66215644822029,47.824263352397644,35.98109158683134,denim
644.9750895341107,649.9325209180263,687.8499845221934,791.2947943863868,734.6511740215276,769.9915273168905,polyester
84.83435584998291,84.51653989178538,75.78653587770842,74.50930774103065,57.780535684800725,70.88402511518325,denim
389.05339507366836,405.86571726042223,457.435646003472,480.85567590106507,491.0071033571591,512.9848964215673,cotton
379.94476086171943,425.5154873701449,447.57227913020785,475.2144736914686,496.18133829884704,517.5563121440177,cotton
760.8794186715925,894.2755751391527,989.5328726690965,920.3327471829183,923.4315641582655,936.6426227994921,polyester
193.0265689820276,206.4767623245793,220.7106977127023,239.53052350249033,243.82273276564308,265.27812080355477,cotton
719.2096098012076,703.8743405606624,795.5442854140658,884.6630187250073,821.9571013468529,912.3957032542914,polyester
86.28713368086476,74.59143582934071,73.84567632530258,51.52523740237192,43.52872214478122,51.1260029420121,denim
195.53033843086254,208.29711843107825,230.8243941627251,238.24543201091075,252.58630016785355,268.29457311734933,cotton
784.5222919414463,786.7162150058227,965.1599342108814,994.3871867918053,1000.0,1000.0,polyester
718.1012056994501,845.4933372235236,888.6778343215267,949.4783881220781,860.4998104044346,863.2972975991277,polyester
190.80702414566792,207.24237093773942,224.53260994357996,236.63273874907463,246.73170079857834,264.7731290995491,cotton
112.07864119013887,79.54592669788785,92.60244678299033,63.51804519154568,67.09065918214691,61.09634167926675,denim
381.52141300671263,415.17715561796416,451.49380881242644,472.442535201924,485.32775784564245,516.154548094567,cotton
189.3701252248921,213.1241741296565,232.42718185064868,244.06018040092565,260.9531494844357,273.62396438812783,cotton
381.595059926045,411.07355240862455,448.80705902818113,480.6370857477297,500.0832267693949,542.0639253575252,cotton
201.0626210678089,219.89604044420923,235.90052233793892,246.0473992563538,255.73488957975135,276.0197358497907,cotton
593.4028757027614,694.2336537363796,604.1409080512169,715.7132118483014,774.0193994033882,825.392605951179,polyester
82.61056439650469,70.56149646219302,81.12917163152689,65.9364637304906,60.65949968509658,41.193685380001234,denim
565.7129490467865,579.2254956344302,661.8625904634355,690.057572556975,677.2607453048502,681.5206755177251,polyester
78.8638216119831,58.81611185745854,56.247169784442264,65.38159995026288,48.05520176963357,42.915320498409166,denim
375.88139979183785,407.73803223575777,454.6127098893938,476.2695976616211,490.18946311820343,530.9881174531391,cotton
191.57760826496724,204.51213813638674,225.94248389239658,235.3295330068607,254.31933978211234,272.66784420431486,cotton
934.3811308010819,934.2945105014921,1000.0,1000.0,1000.0,1000.0,polyester
96.35521850784296,101.45038694908534,98.21947446208108,84.30664375493484,56.63424955814128,55.299826043142936,denim
64.55266624529831,62.28636596217011,60.29813622510301,56.22308902647271,43.19140327955818,43.30444451001787,denim
387.27548688821327,427.65386685118455,457.31660575192234,499.88922808506845,526.7286589560817,538.1251910310983,cotton
386.18301453540204,426.9175002665342,462.459604579641,488.7789570261133,500.4171813992355,527.7150733982944,cotton
377.43070287126005,405.65231778503966,455.21323084832534,471.3953712439999,493.6885004616149,523.8803531078187,cotton
366.507460206565,393.1166217768737,440.9064458439346,464.5623906784186,479.1537708608902,507.175370654106,cotton
101.24572682837515,85.38172704985888,74.9981919310065,82.40279642452121,53.34114144346917,45.1780661477141,denim
561.0606843880947,604.5354213210838,560.0038357461436,647.1993351157321,687.8409154085005,630.9381444239821,polyester
388.67634624536834,420.2004670772216,449.23402238883773,488.66616942986144,508.783732837251,524.4017942601765,cotton
403.0894576231332,430.0487001982904,465.4621937345724,480.7087092572355,511.369838547636,548.4860108581572,cotton
195.9413636068689,210.61304689587146,239.36386400193757,241.87820600813427,265.77010727251803,274.9409707677457,cotton
92.61485684000684,78.37215973469297,68.80320963756867,86.61520923828873,57.993101869399744,58.19242388099502,denim
407.74304983633044,437.9316178172791,463.2458185957967,484.06385110716474,520.6055707460387,551.7586746667554,cotton
802.7615172317865,740.2657452747404,821.7405186988852,880.8057901006921,943.3645138353733,984.9859985623547,polyester
108.1307155396039,92.61947114861381,75.4262878659727,90.46584333225641,72.89975664267364,63.98089762180603,denim
119.78239678065513,107.81817958655914,99.59562311598344,73.37147320127653,70.2825861696453,67.83913736163163,denim
193.81284477983107,205.4068740895013,227.44118393029115,235.5714045711165,253.7264409363136,267.982552430069,cotton
655.8397087269178,666.822300433517,616.6888619160483,742.5186360643331,811.7531077917946,703.7482858145086,polyester
188.86478431023477,202.73108468885218,222.7571823658873,227.83786389119595,250.44846244086645,266.828312046994,cotton
98.64102778672235,91.6843942937456,87.70020724490159,81.64985371973673,60.92357799590301,50.3390887840308,denim
115.2349830748092,96.37081856921486,96.54433156594882,88.69735215233895,72.83962739099596,60.926426481579924,denim
779.7320195571576,809.1344128186473,847.3886842187298,843.8669441083211,865.3421274448372,853.3450887154523,polyester
640.4249248217177,666.6816260389801,760.0204908173972,723.4245401848817,772.942465117121,789.2610119521892,polyester
607.8275870502526,623.3039430399134,667.3473661380291,731.1709695865319,809.7228073385814,812.7060333701731,polyester
62.325098838782246,66.96111127351053,70.30997448932118,59.38423958207205,48.906443199645395,46.97702490226938,denim
957.1594134094482,886.3264090140651,938.693869901774,939.9341292118227,982.3070012530885,1000.0,polyester
399.1513866906224,438.70130814281276,462.3635859611043,491.1786416813488,527.8829887893752,542.4685434297543,cotton
370.4465729877929,393.078286647424,431.2343222905512,449.0601696714859,468.3283403200148,491.47228246007006,cotton
203.1328706881158,214.79516889846053,235.4462052476181,239.2628629623462,254.4840298302486,272.7899958896729,cotton
386.8246837627882,418.5710495930427,449.34806809683323,488.47248555158654,513.3922842195105,530.1434796630688,cotton
858.2824769636155,842.6603653690814,866.153014983946,1000.0,1000.0,1000.0,polyester
119.77691532040878,111.61694989291237,100.24047232726406,87.72091079512742,75.4276683154693,71.42074018472937,denim
86.88209151406804,78.42225929912311,65.69265052107124,70.70961707076953,52.93509947804975,53.305202767735906,denim
71.35168387409082,74.16056052296148,62.871330019983425,64.29518839970802,51.24211867221603,38.33450720191639,denim
723.4125832063858,688.4243860887989,824.4816747431133,827.5229733554288,771.7761055911241,795.7486006133726,polyester
80.96964174319214,65.01889757427864,74.31070786264459,57.28954393221585,35.33056303970922,62.49885983253918,denim
603.4891388723876,712.8982296168958,665.3814342651085,703.4210334454751,828.2111547447734,858.9239516229453,polyester
864.9659983932964,852.8363744936183,809.4812953569789,842.7448520283881,985.2811124791601,1000.0,polyester
783.981524071059,867.9350934447444,999.234580389763,1000.0,1000.0,1000.0,polyester
374.7822267543211,407.67615966832034,443.13502375428004,468.83020752810904,497.07146833732367,520.1773184093901,cotton
117.78794004056579,93.12952793712374,98.955504356849,64.95966097550833,79.07492853383009,67.56078320063739,denim
386.6381286115419,424.3264908173279,466.2045176221231,496.1301820073476,521.9868743788032,535.2701064367482,cotton
388.4270495415467,407.1637741256263,447.57031974410796,467.64265606628015,492.255409699901,522.3269333944615,cotton
82.59352818985084,56.760015156783886,70.14878273921751,58.759446829580824,42.61214819613094,42.18704941525204,denim
85.5242579357499,85.00812507017248,73.15883584463309,74.27127799207345,65.46883190485252,49.69498013068503,denim
89.99442401536321,72.16889147037163,63.71361390727519,40.816845957453125,54.31262386884066,37.33912082344263,denim
117.15239614442649,78.55897061167144,92.07866794629213,75.52243297877241,61.105585370028535,53.46576575868226,denim
74.18313809618317,72.53933058987676,67.82016986388636,53.11867957700768,30.950823649601126,42.31131953649631,denim
91.29577534856917,84.31273110353011,81.86337171470409,69.78584097132224,57.24634109341716,60.68821158617946,denim
75.05159360809127,75.86089847762838,66.9271224295774,52.431643517963984,55.04983825322636,40.953908823740655,denim
107.75778221849171,95.27557820457747,95.09530470390791,72.7113585079118,74.93853573496773,60.66617579474738,denim
94.6633701818321,87.68863642317766,93.3071092785463,68.65405428830331,73.19567314699148,71.1342727323884,denim
76.77502408929742,52.95330233056023,66.12714168610013,52.12675379110216,59.313660895896305,46.75918003406526,denim
197.25164078382224,212.24504283918859,230.8796150173673,242.1379361141444,257.79206425969426,274.48630100336857,cotton
125.76255686829161,114.72134352487957,88.55210628389796,86.13241506126253,69.49573062732509,51.308374228566635,denim
596.6206116639448,643.9324707657092,612.9948197916,669.2159859936819,739.9987534718448,672.2477546650019,polyester
543.72871971807,635.6505010809957,667.882512244298,661.195805278638,688.7129701781837,832.4906077658358,polyester
745.2143809133448,822.1803251581932,940.68448069763,843.8989143030028,959.2872814697207,979.0083563182064,polyester
377.81774420250406,408.7121890269524,450.0250896499246,470.1171725454708,499.42491368345105,512.0087915459609,cotton
728.785410748975,837.419912608776,940.3956316556279,1000.0,918.1502999398328,1000.0,polyester
368.50004028856387,388.9843754198167,435.0696561650067,456.1671890689307,475.76420303451175,511.320111556759,cotton
105.93549934498625,88.8975766015371,90.13254846354963,68.71491443744056,64.60612433945633,63.370353999655336,denim
122.11509254495985,109.80993838608303,92.40951521286961,96.6422624450026,88.62145640035473,60.41401680485985,denim
99.26751334930572,65.61535103776019,64.95172260561009,67.31141658986168,63.40819887897743,38.99306832826292,denim
840.5170407994015,961.9745666712788,1000.0,1000.0,1000.0,1000.0,polyester
80.61630359538863,60.957606929687266,69.31017080214937,65.84520518769811,42.46226089777632,34.36733303796673,denim
541.3944265365079,554.3395515714033,611.8220464166156,667.2592259614469,759.7062593465134,708.3405645886639,polyester
72.71886196768757,67.44385158034007,81.5032304531109,44.33032633208741,57.725289635717814,41.27074726746068,denim
103.23713871237688,84.10352539928516,101.73202709430737,70.89601950396604,66.93887290044071,52.11837327400549,denim
386.18344792079154,424.5401412858666,456.2162731069665,496.08066005499444,509.26397529963634,544.4708074050342,cotton
195.58853500014868,211.3870099498775,232.78285992223832,242.86464046174532,257.7458425431475,275.74933974019746,cotton
694.5348851720656,770.5218301972309,821.8411948552886,861.4968361618736,815.8838984472145,916.3102746832669,polyester
751.775190105564,759.796820033684,818.7095695244237,853.2894451876886,772.905566366804,887.4005242767837,polyester
74.09508970158113,77.8194053161667,59.88748909068813,60.478758783940854,71.8107243286496,40.56280668671153,denim
402.04607192426,429.3436678453101,461.2716012779849,485.8958472968422,522.554858777908,536.8076454144204,cotton
191.37372255613195,206.9723962525871,223.2007799722155,228.95197086627527,250.16297838853546,264.73461043569534,cotton
91.52543699091407,104.07878074016125,85.7357927350579,65.45668849459048,58.50341959081017,56.40235725992921,denim
857.6260869316587,861.2993585059315,842.1542861737819,1000.0,949.4410135474029,977.1872367148779,polyester
916.7681868066799,961.0999202281048,989.7494282581324,1000.0,1000.0,1000.0,polyester
369.4373691340869,397.51123297845055,428.85173548926144,456.85161938587515,474.6327367802097,504.21953243477145,cotton
71.63250277491436,59.2216877930849,52.039536050693414,52.33929451897523,52.095145844794345,51.83720499378839,denim
75.84843420644894,63.99228479193061,66.76675283991268,58.5510911652324,48.69359212871403,45.01784028266193,denim
907.7244138365631,942.7496652092049,911.85076136938,1000.0,970.5941238544227,987.776009918263,polyester
99.99581063369757,88.5621531850273,78.1354407811397,72.3033979542348,71.62942992913051,55.250073713171986,denim
356.99611124695997,394.9238418786407,432.2099501012178,456.0135369649874,474.98241115198476,501.7457508054616,cotton
368.1932713541598,404.2748032950164,436.01721523244385,469.1900999627592,489.7616053817361,502.5275042573937,cotton
112.47857880008887,91.2784077889041,90.77310421986157,79.95447132401725,70.48674595512482,55.35417170980182,denim
95.24165363795376,75.93257133430411,61.502861751324595,57.81279679463877,62.72314016835853,65.79373758047282,denim
389.30053954142016,407.35192702053126,441.54859306717,481.450058059147,497.73393973191924,535.0024949260155,cotton
753.2264140541581,725.2476454468913,758.7894223924444,888.3629388647115,786.7187888738555,894.522488671598,polyester
191.73816536408762,218.00621428154452,231.44245969212835,241.88608615410388,253.10825388369213,277.4773757893733,cotton
836.0851989649999,777.8165319302756,869.1467747540003,950.9603746790715,865.6713972717616,1000.0,polyester
118.88902762259949,103.27886771321828,88.31840481870364,86.96665955690678,68.00797525555349,61.56619357882033,denim
101.51968764525303,71.39416749033217,94.24337748514904,80.29317201742872,71.20394511021767,45.865113915394524,denim
555.7283515430584,624.0109586884291,559.667542963049,634.3118769297844,617.5599288218149,732.9934048036077,polyester
110.47449193387264,84.14005053572684,105.96898809853357,73.91844789369053,52.09632274180221,55.70910340887498,denim
394.54450803206055,413.62121505913075,442.1076462299808,481.7643163162758,510.16347391663925,540.1538199290221,cotton
75.58075198500325,69.53214083061746,57.82116189055108,68.51479706130166,55.01237473265486,52.34621137064234,denim
819.7215186213947,887.1912672989771,867.4105164408827,1000.0,1000.0,1000.0,polyester
718.5780702710895,742.5106394265424,869.2685924135665,972.7579850676287,938.3279673738007,1000.0,polyester
535.9031880426612,599.1721668507565,661.1554190772532,709.831861414843,784.5329377790111,787.7400486957758,polyester
382.7460014919858,425.3926350294117,452.17838393444123,469.66810019392904,502.6460204599029,532.2604511830534,cotton
742.2246401112794,763.745265001484,934.7737983445792,909.9685920461932,1000.0,1000.0,polyester
763.858561499746,813.7140944545431,818.0455128485416,864.8170641814489,905.9540017185,1000.0,polyester
65.19585275689022,57.025082951769534,59.903153533411825,67.2362150584652,47.55680552518608,43.346382703860726,denim
710.5524181430908,664.023984091921,768.0860444051631,693.2804954892672,811.376349478658,852.4447844346936,polyester
365.12958841794097,398.03810938471474,424.90673725640414,463.82410381296927,477.30017464371963,512.4425179964276,cotton
382.1669218268425,414.5378437816919,458.58827400903044,482.96129042532294,509.01156814936104,525.019509402247,cotton
389.6541084360052,412.9011885746444,456.8366875549963,468.59614889040125,486.1355073477491,534.2477647240055,cotton
139.41922446500791,105.18122077380049,83.91307813890185,90.79423856056586,73.38780515280918,57.866127022116075,denim
786.7772647188623,918.6845336390232,875.0239540560794,881.5020022005476,944.2502771329084,1000.0,polyester
73.71585050714931,83.33443430949283,87.38936161697127,59.842426746878964,58.575849296709464,47.58082756259321,denim
754.0212285940748,833.8708612997937,804.4204593347413,912.1144746447571,882.1267909584878,952.2714195456971,polyester
367.93126549243846,399.9882138634539,430.2407970109062,454.7858074725152,492.60966350671094,497.9917698778133,cotton
201.1433768511021,213.72087570304956,232.26998808039116,248.77489357769005,257.42449758175815,275.80807839421703,cotton
116.64852424734798,97.43165582275354,102.2610297503338,74.81628275011765,61.85366131601984,64.36662717331751,denim
815.2941516413266,784.8085069804193,901.6523779606254,860.1982343412747,945.9153611139685,1000.0,polyester
100.60695563007525,94.51024844090833,86.3119806577111,72.00522927853305,59.86068652269675,54.66222351843632,denim
97.9158564353326,66.01725106922952,63.70581282841118,60.33493438114517,75.26447764796178,50.56952574661239,denim
735.4721380012877,857.1935468490311,778.8382325010826,827.9403906904884,836.8884400835032,957.9579660975319,polyester
91.8705820514279,89.92014622867714,60.67661823161945,62.668857266854545,54.61984600006713,59.6702522942927,denim
183.8645787285526,201.85731966951911,213.64973831173762,226.94903819312012,237.49813544420897,251.74739406956954,cotton
776.2149887184162,825.4420131799576,869.8315919493663,1000.0,1000.0,1000.0,polyester
821.9130489083453,984.9594806271186,952.4579129137234,910.5587533548276,1000.0,1000.0,polyester
91.27040258853778,92.34397135527783,87.35340651812734,73.64354480900968,73.70961761632186,50.44405557948629,denim
82.97730274497512,73.63240744988008,72.25362217705585,61.1027188625895,61.43057020288528,39.772987465378044,denim
122.8474923480794,122.30620738176259,93.35943304418468,86.75093448373296,96.63483598132035,61.87215002478489,denim
667.5297199992436,685.513804053612,712.3795930177188,802.1844865969989,711.1218941377131,847.5039720910205,polyester
91.302459298577,61.38567717290048,61.440529399808646,62.16701488632491,52.49768698294936,44.69314585033366,denim
369.9933961984849,413.6072873165755,450.1291921389583,477.8921992977535,494.6198302182962,513.2036956752173,cotton
88.01112093223587,81.8572067650373,96.35927142840076,76.36257213106589,53.27499415656652,59.251762714558865,denim
679.4953915116881,757.6811146123518,809.9592435597132,806.2528901749027,794.6409340495168,926.188688886327,polyester
735.5714581350134,798.2046560604899,729.610989720009,896.1822418822022,826.7668226642663,954.0590185253516,polyester
183.48184450074024,196.82190428143656,216.15561597121814,224.7576191552265,240.18954227009493,257.65618993261336,cotton
565.7910615322332,650.4090415898547,640.3967651283366,734.1844845157611,709.3008786309608,755.7767371517631,polyester
189.38724619351098,205.09432665951957,226.95812045561587,234.12346201877304,248.43306729824562,266.57098959540383,cotton
374.5951038802603,406.0811992438112,444.16410676123064,464.97394261370107,504.62596828060475,521.6526843157933,cotton
519.3072944934371,646.1938220731518,611.0874558445203,669.6177228834273,697.6183143834068,669.3920087151224,polyester
376.22154220976006,403.38810049572146,452.6519730082419,472.7911338791422,503.3457344642643,514.4449783723908,cotton
867.4247674354348,962.8614549874367,1000.0,930.0196159650002,1000.0,1000.0,polyester
703.8811734588786,751.4100101986243,736.0679455708331,759.3106244965448,872.9425045796847,983.4510020099136,polyester
395.126595610311,414.4264025363781,454.75193511402244,476.4880190899034,496.31089146272166,531.3066866665966,cotton
95.7855213158701,95.94253934483787,90.38428070267061,74.94152746188963,79.13402368819456,56.97053743038655,denim
734.3388078602798,884.5222028503518,818.2994812954216,986.0857359262293,941.1969660526992,1000.0,polyester
620.035819789543,662.0312976193209,671.9041972259323,666.8558634345171,754.0355376348926,772.833354235531,polyester
728.9588400614981,704.2889543539204,856.6897459392953,815.4185038830175,837.0399750302715,980.3953486133747,polyester
366.73579172083095,400.2022951430824,431.27429614904406,457.4327367088019,472.3301205741366,515.1433639869533,cotton
195.78798946275757,205.23713495599813,229.4691202107191,237.4329812002753,248.65945351531798,266.8706751349873,cotton
183.69412302825816,208.46796917717495,219.84370611852728,224.1454470071696,244.9274076741482,258.5506943777108,cotton
100.22233810969482,95.54926143853328,67.89289269924159,58.339494740090046,74.1032669490949,56.806426348271756,denim
95.87498711981313,93.9019030116339,86.96185888706815,80.41205232541314,63.79102699884382,61.56974730965802,denim
79.27020885845505,64.40834216158618,44.60003469647689,68.46083298806457,43.46848367026036,45.69556564135754,denim
796.8871378959697,942.5462470882846,932.4756273615285,941.5417132225169,989.5203312661091,1000.0,polyester
99.8802039059428,85.66562265906978,60.3052925524834,48.90504382483212,58.47813615168426,58.08276050147239,denim
188.5443246353026,205.28845246633855,220.7785978805281,228.89310417592333,240.1218743685736,251.98509581304816,cotton
112.53677133169661,82.88885102850803,70.60180223346937,62.47388847395587,65.91961393840904,54.834615129902915,denim
197.39260916523276,217.54425588612827,229.0042861679583,247.3778856464697,259.600545048674,270.82225297637086,cotton
96.16897236733901,79.83038514324963,75.0597428120647,65.86783465151444,60.23056279774348,60.238340994615456,denim
65.77526426685912,59.92737094822566,45.850838480824336,60.49557187641312,53.21339834175934,48.069623970616895,denim
806.9153477382513,840.1880025227397,887.9106522979408,824.2676784450097,876.7133731692118,1000.0,polyester
108.07131731523918,89.92081919984933,88.0398140546069,72.17075730396388,51.64238871587148,50.82936593502945,denim
76.57372524437493,89.67717632482214,68.68674720127402,71.84292698139275,72.99957760056256,63.68671054436752,denim
76.65926402338452,59.35056831991815,72.55116696789726,49.25138833442676,46.87558548838021,34.377036535238496,denim
392.9299863734048,418.11985267548766,468.5885529479289,495.2416439953655,520.3046366314903,530.9973398021876,cotton
70.69831439876768,56.878241070878545,65.3264628335359,50.50784162780499,59.29601157149014,41.9879686778904,denim
136.54829477461385,107.79166430570373,100.02854737115817,83.994750562776,66.20742056834597,61.91974811746629,denim
385.3817817826864,404.32546553765286,448.63808888560993,475.5377344122508,507.1108110384316,518.3604092650085,cotton
579.4330357279962,642.9312948807643,709.9926572829403,656.1314848889074,708.0252962164263,735.670499633037,polyester
97.30888312492965,87.29596341181208,69.05993732464209,72.48331642771821,61.901698941631885,25.875745748219764,denim
780.5827847381246,772.6150283750237,853.1883894309387,965.8552471088462,999.6369483133732,1000.0,polyester
108.99645190972586,78.77541159670162,95.59606610897967,78.07849631607469,62.23785664945256,58.10071237508812,denim
377.92638507804094,410.9911515389772,445.02454070600294,474.7517482385939,498.0747300410797,524.0038838785134,cotton
398.2005086610153,428.41706105398004,458.276282382124,500.9277129336518,524.9336158599659,539.5554007119722,cotton
89.02226001330042,96.05082999155431,87.45341959116439,74.73860701442128,54.58704304465026,62.46263362308808,denim
188.2844818513235,208.34642098208772,223.27776403688364,239.24376195471507,250.6332907370765,271.84174282945816,cotton
84.09611599412642,78.04061670304891,52.19045439261465,63.52460386255218,55.58069138533369,46.50491552461474,denim
198.0332728754079,210.18171589373793,238.23233767233322,237.15019746871985,257.38583942447235,275.84446902252256,cotton
82.03400485356747,80.33290624418987,72.14770408082262,73.41993302510002,63.91417544891254,67.21202948782118,denim
88.23542644694288,87.04429400045443,70.20713328813926,67.32596716764111,69.0382705644602,36.12147521965053,denim
850.6166038369155,986.8028047909377,1000.0,905.8524723573323,993.4277909053966,1000.0,polyester
191.02634478348244,205.54796034195434,228.40016438557566,229.88028955754555,247.70440821100362,264.10905077409154,cotton
357.8931258182131,389.9452412530273,430.93403198965746,444.4318832290073,475.0103297111435,489.44881232114255,cotton
755.1608814070805,808.9276386472764,884.3211758673016,1000.0,1000.0,953.5566476250774,polyester
562.107147503146,513.9700050568223,594.6047930999165,589.9101655691677,635.2819802644278,686.3340197213097,polyester
178.8314803999052,195.2062332752884,220.51078390047834,224.11637281281898,239.4377119465613,251.7573045017312,cotton
189.1946618512465,209.4607155641937,226.493432637918,236.12076083434783,252.50004532911152,261.4603482516736,cotton
103.07121301234777,83.2376743103782,77.89041263549932,70.29394163903793,72.01065840181604,63.69251175807692,denim
196.49807957814193,209.24374322946053,233.91131769169576,244.76986648998312,260.9236471433211,274.0269391087364,cotton
788.3068724544426,788.7466132508576,921.2159127738149,1000.0,1000.0,965.7767456373471,polyester
386.3043052348929,420.9800633000036,445.12346991809403,483.04197290599427,502.57723684215307,527.1430008602304,cotton
383.6566437551256,407.6136394267734,436.84553722964114,461.8915139212413,493.5301093942863,515.0161727348104,cotton
800.0571564910202,813.7559015270657,953.8760156762252,836.6070676197611,1000.0,1000.0,polyester
367.986068188103,395.67837426711293,440.13524020890696,460.9224326567008,484.59176672662943,507.96271158029305,cotton
795.9895157487293,886.9079116763843,944.7183541505275,1000.0,1000.0,1000.0,polyester
70.88199110599246,64.17660149939707,84.52660528639743,65.73771470011823,47.046561115110606,45.65740498495679,denim
100.72185019672823,105.0980339528222,103.66133103657347,77.55381918568442,69.52982703571779,68.37839792315712,denim
187.1464391793133,210.34336436319572,221.36880475498683,232.08887975996478,252.59405644875338,266.7974351797039,cotton
101.7567616014157,78.0074920340083,88.32259986775578,78.05131508735107,50.96752078801586,59.506265589762776,denim
200.15848518202694,218.21665534988756,231.83252311158572,244.95768489812824,256.68354095905084,270.43004837135294,cotton
93.28708974001384,101.68984787012084,70.646294541813,71.91678108860371,56.2457011426465,68.43243232683231,denim
195.8279402679715,201.51717127817503,227.01060079896723,235.65573667643548,251.9688177073261,274.1495408598341,cotton
105.28561466656843,85.0409964885223,82.60745866848055,69.21569196742168,59.48510710413408,41.137926842139706,denim
99.93136756600198,91.48985167905245,80.69955584416486,73.84762426217492,72.3916898813187,78.21551376594329,denim
106.21693759991369,88.16633318547129,89.79496532511658,81.12537873966008,75.06556032091034,64.02215114625156,denim
67.88579683736081,80.81039330759215,60.77774193960949,71.42030754851598,47.15013224882484,47.597773129964644,denim
81.64441551368924,78.14942857235397,64.81666083050084,58.520267834374586,54.304101563825995,63.510314501786176,denim
400.23545429435,430.09583506409405,469.1240764365558,484.8537819166916,510.27785745235974,539.0562896344633,cotton
638.9551706980038,714.0169574109877,782.0344854119608,828.377950872384,799.8038620449133,869.6009489687065,polyester
676.7288891202448,644.7081429145754,741.6357449922085,820.8599877587588,750.5242896121699,876.7962611171868,polyester
815.0273112895412,937.8488263929229,874.9209775462277,985.8131397474331,1000.0,1000.0,polyester
882.1236418941539,918.6848181475459,952.7435357427556,1000.0,1000.0,1000.0,polyester
747.0285793498125,821.6279178268496,939.7860228236689,842.7589854142213,942.9403633799502,998.9589090555014,polyester
76.85341482747876,63.14551220142211,80.49147496797684,74.05251600584437,64.50726489171886,47.88458658276643,denim
369.9104627833722,398.90873369053793,445.73746469834873,471.71404427158046,487.18451126517226,519.3459705575693,cotton
180.53607229914414,195.11592916386897,213.21944867970782,224.26147342471555,242.60802057209884,258.09912189564955,cotton
96.03461570072608,88.10012708078085,70.32887415137722,68.20499292624172,42.99789208345641,41.54936704491959,denim
187.12960135526492,204.11287685467934,223.89713194641197,236.82057515860706,248.28422932671404,271.5697208021934,cotton
97.47075446911913,69.49741645046164,72.5919738372079,66.54634597358294,58.4094515404591,55.00868866076666,denim
94.39695792262529,81.55938138081773,59.61293579746027,65.2323311326151,50.804474314712955,50.097664167090144,denim
597.3044724294151,594.1942874306558,649.8896761788797,594.3444050747869,763.633869823615,665.6112765773556,polyester
642.541543000979,609.6433466215416,720.9744872851392,719.1399635920843,775.3159746796462,782.2681113956149,polyester
132.74593062946764,101.24498273523095,85.90701589485066,86.78537881351305,65.31587468970089,69.45580599925871,denim
192.8325758161125,193.62496046445156,221.14611917849834,230.82409197149627,246.27480468558346,260.8305518886498,cotton
187.44920945767487,197.35903653515712,217.39008541661062,223.97831384914147,242.1582407741408,257.1954544363322,cotton
198.70769689474167,216.93546241211794,239.45367685984417,244.91257061629983,265.12293589526354,278.8600881902491,cotton
382.3525938538506,403.2180223607602,452.39024020111685,476.12586662086306,493.8989957500858,528.1726133310729,cotton
712.1069399155675,878.6201887447205,953.6684476166554,967.878495411404,931.5360513817341,924.210670764101,polyester
637.1201223578171,692.5719540752494,792.7327096118197,738.7019658156861,752.3729598441475,844.9407345983291,polyester
82.78768789574147,74.04805726123364,55.64544134605803,60.72228011111024,38.271823216112836,43.965441935305805,denim
81.4213374634918,76.39108316882576,52.415812920331746,66.8330476225541,46.30911057212213,53.79893795829992,denim
647.8115671930817,611.3765950854881,640.6661399491867,676.3061972311948,784.3657117696932,787.4698578254865,polyester
799.7898717536872,863.8695363303217,945.6533756267254,1000.0,1000.0,1000.0,polyester
194.6706990980185,214.47867890000637,229.52676738924526,238.85347546946466,254.93280729010735,278.6995877471381,cotton
188.87274152262202,206.5254104879689,217.36745168959501,222.95704474804526,248.63182186843562,259.8086094172452,cotton
112.92982020816422,100.53618204392279,87.18134331098047,78.8379199750282,71.66486372543906,44.248079181946494,denim
70.68440021049722,82.91438417851396,80.64000583688542,61.72779848849186,43.99215818469324,45.138976205948794,denim
121.60021646314247,88.53375145966343,117.98023281510619,90.40536133067755,68.21388098581122,58.404561318440756,denim
190.89186928010275,212.51163596074443,233.42572199833498,241.81072849694596,253.73995672218888,273.1793889123621,cotton
542.0908354479118,566.3909384769809,554.643683827722,663.0226292827656,657.3228453595815,665.557456497427,polyester
179.28823171772623,189.3381255491687,214.55437422788503,228.98106727545374,232.3383611084417,255.61139096758325,cotton
80.58345757203718,94.3502466329495,72.93855280521663,80.66087367017244,63.101666238879794,55.39130233974039,denim
100.60513107805556,93.22852736195527,98.35513121751673,76.48483787097159,71.01040735068796,34.00100200209964,denim
106.75182276188235,106.2573468834437,101.82326764008938,78.08349173414302,81.60383384340868,51.87523728415215,denim
389.8796771734091,415.0156763837736,446.5011618714893,474.71321755577054,507.48714742262604,539.1049271251794,cotton
62.68368041261336,70.78605298057863,72.62643570479926,53.25308738243949,50.59320045549289,38.860329828345044,denim
370.1376868956517,387.8337011762922,433.4561524868207,460.9247236664106,480.6416074218671,512.2972609488379,cotton
745.5759767969223,746.2904739513688,888.0541880315418,840.3147693378232,978.5437195623691,1000.0,polyester
647.6989111805223,655.6295044419846,747.0463199874513,747.2452346303191,729.9236585749834,838.1172646661952,polyester
736.3093426916708,824.3320411747463,862.3890643734213,1000.0,1000.0,1000.0,polyester
380.9233933323788,406.58274877378614,429.87015145648303,471.64009170213023,481.7342872037074,518.8723384711077,cotton
194.86646090867006,213.1842110288632,227.43262306663382,237.50238975089613,254.29562664361433,268.98722629910327,cotton
98.93939685750642,86.75692811174551,74.04527035356658,67.69042849750537,55.765843915859115,56.20888642676484,denim
784.1906779825798,844.8046330135267,784.3898501520616,865.1611724688569,1000.0,948.498620105529,polyester
183.15727895567215,198.7055023101691,217.1886952122345,226.53143107451834,241.1557081903076,258.37094687506345,cotton
78.85150055448642,65.26747398991553,60.913753149130606,52.87663514340025,57.01505587374993,53.062656387706305,denim
612.435756281713,746.4426851582416,716.3977157378193,754.0334250023775,743.0980401693784,910.0700745649128,polyester
78.95187027441874,92.19229669638663,64.07443513675898,53.62539056832539,52.196752557596426,34.38072193849236,denim
366.0186409495555,388.7565234863445,420.4394344933524,460.10480407577364,473.549541178342,506.9369190839334,cotton
795.6574587047428,984.5602628668873,903.8956822815354,1000.0,1000.0,1000.0,polyester
190.46774735762688,211.16741766618875,224.85414007548744,240.05290967619158,252.3144494402942,271.1487205883122,cotton
901.3335133699533,854.4462411386818,937.1923157551103,897.8390636136396,1000.0,1000.0,polyester
193.28813097714422,214.19998641241955,230.60438503748392,239.70774245476403,255.45006500415528,271.2864722851985,cotton
86.02290108271505,78.62365281814758,74.3744185921527,48.30267541034176,48.34911422893545,61.258494995285574,denim
390.6330110795224,421.10875622824153,447.21646973266814,477.9601351888381,496.05960557285545,528.503634701334,cotton
377.879186995603,393.2028596796497,431.7839916649763,472.2286391967246,479.03461743969336,516.437764216418,cotton
81.10428812533044,65.69260849869622,59.523003808971914,53.19061372146763,53.01222100224747,40.4816114555587,denim
186.13184165931588,208.42495377846737,221.29443139086644,241.7244855257165,254.57691717852958,265.5410695991591,cotton
188.38903217080804,196.1962958015324,212.78233678476016,224.30666042719906,247.50720227603063,259.56268445748964,cotton
197.56728602187044,207.710828545501,225.65792799181415,239.69150654330875,256.8429358068246,271.23608211761234,cotton
124.52100251539105,107.67345442848928,80.020382305145,72.68301587121408,76.4111412141472,60.06520839081091,denim
93.68418694861549,82.72059013198442,73.38314560174096,73.47644990660531,48.5094529285275,50.79077273437885,denim
741.0440998310636,768.3764374548358,765.4124604637929,814.9318832961243,856.4941022488722,822.2194810969528,polyester
125.11999610432859,95.91156411797273,97.65644834107817,83.58848885138856,80.04590245770702,76.88683138788313,denim
374.7028489456071,404.79771425714904,441.24153236092866,472.27884174032226,499.0376461787738,519.2304285497473,cotton
191.6059040193408,203.70807142009554,210.59935689557224,227.98322543574002,243.05355451178536,260.17992326568145,cotton
79.29831106639591,61.55187336037905,64.3353554274248,52.261317844342145,58.09761763091707,47.700562270578445,denim
382.36343821473434,410.37548828132526,439.48502500380187,460.2379702658633,492.7795360771751,509.4516703231381,cotton
85.25326091790866,76.4450192547796,72.47213530802895,64.02995456278177,55.34104006405077,43.6550080639688,denim
127.25345361849243,120.30371088783046,88.84098325485283,82.14366907272873,61.458965765547546,57.81037867575805,denim
743.4731628365703,762.8976237259897,795.9836979920844,827.1842753251124,765.9621221070142,859.6637103908251,polyester
85.83347115745111,82.07752890595948,80.6317980177947,61.87586390441221,50.98615207617398,56.99224844490646,denim
188.0818260711035,205.02799492670258,231.12463241236367,236.18378389260187,251.37387567947897,264.3810303262043,cotton
882.6865819488784,969.9244439379196,951.8635440137065,1000.0,1000.0,985.9691707332073,polyester
364.52315595507736,389.18420199878227,428.7252458382692,457.8795930847552,476.0520222763971,495.2264020764192,cotton
74.82848665435404,73.23586777405112,80.67173091360458,60.17886454696075,65.6325969244476,42.21696176141556,denim
82.52381392675558,70.76470766079694,62.47621972431503,65.73396255909972,45.97569798353369,43.13731780908466,denim
94.22082814437373,86.05701246114455,80.88090320954258,74.2057467487737,70.62934922123355,50.99859115281106,denim
115.84691448406056,110.4583350604332,89.15235004633362,98.58798041795808,71.63347685504229,61.956282486500385,denim
187.45568657023898,196.7188374461843,219.4846244726603,229.41063437948392,244.25378934572322,253.62569348897873,cotton
76.86040407344808,81.47221958017073,61.65886862663763,57.10610027978111,48.29173069943954,46.84673826736772,denim
199.40538977287383,215.8891621662131,229.7439301019842,244.00665038876102,259.0676669092534,276.19088334690576,cotton
717.1996562959257,768.640887852847,786.6816143001258,777.5700494164137,791.8290311845815,902.9125079036953,polyester
609.80560956546,603.6771684170993,611.8939430042598,692.8678495760777,676.2396145515743,727.843244480815,polyester
90.49863328174915,71.05445005043828,62.07439838153369,67.98396845868567,61.9059060255325,49.61162932876559,denim
89.6497535835722,76.61453352705568,65.08702600901391,71.03488541432563,48.87529031326572,56.74460727814705,denim
107.2532849706079,90.76161621968161,92.20881945400842,82.34090398797592,65.09253117922832,54.30047849844693,denim
403.5025331598551,427.9714192945119,456.82467334902776,480.2026986302431,518.2449480838804,541.8572131493685,cotton
126.6779060241039,92.30239484398476,87.3843590509436,83.89841586632605,74.39525444375441,58.84142774089702,denim
88.0748382321368,81.4947265963368,61.153791695574746,44.23647632057759,50.21470109596177,41.167796653479975,denim
105.77062630688734,90.4607584047869,94.68567222310094,95.22708540465486,85.12649469950647,65.70688062453978,denim
584.3355800652153,520.3015310068942,634.5703455368033,606.4846573090558,678.1250055565038,702.5036658060822,polyester
112.0771685709325,107.87696887583873,74.44515382568447,73.60471001211631,61.98285273948998,66.81114577710092,denim
180.3556890048236,200.52503970392684,219.47764787703116,227.02993475904498,236.95540240825517,254.14320010027595,cotton
70.77334340335072,75.57546983150593,72.8528702950734,67.96473936454923,40.74330545913304,49.52137150261821,denim
599.1316758249376,646.7726717569292,681.3718678525763,688.9900305293687,767.606653232546,791.5995695278009,polyester
401.6792623033053,432.3024049687653,471.9204705641035,495.41171218701385,527.3750816550461,544.6585841258513,cotton
103.52701928372723,87.76633659138537,70.08143222115217,82.73453067830664,62.03943537046964,60.206815616464,denim
191.6113210719486,211.56696740167985,233.1644440450882,237.8086466412667,258.28849647357197,270.02023619576016,cotton
63.78775294007459,87.694987031195,73.9378804210532,77.81400071263286,67.65742383400031,44.256140509694724,denim
734.782039524386,854.6966053236878,919.4991427713595,882.0406416717415,838.1265033265016,938.0158330014502,polyester
752.2148210958192,737.9907285282485,774.8890070585643,752.3364284948035,895.2995025300737,892.6420919858215,polyester
183.07024175971893,199.8146282739042,216.5193631136338,225.7226954376972,239.74093184813233,251.7534287962815,cotton
589.5482469891276,622.3825237966673,594.498374516798,723.0088828564592,718.3470167560099,742.7549702573951,polyester
366.7312451352987,389.19891457608384,429.58015053803774,452.2829248716524,473.2303236591007,495.61521476713153,cotton
697.2827470153013,740.4523153298692,854.3163984134126,877.9623237518905,986.8837688204433,966.0104648398127,polyester
67.52495195162228,94.80231290868103,94.5866902700562,67.92082761183977,61.21487153293935,48.102523037523035,denim
852.808537115557,877.5235086176841,944.7312742425692,918.2721308513857,974.026207616894,901.6950766347436,polyester
136.8059062078356,109.47236560818999,82.55570154562005,89.93168535981881,79.22707229815842,63.00674972656933,denim
94.64288774186652,78.53183330109529,70.08953066702051,78.83864938785366,67.77253673471434,46.85001433985306,denim
537.7399222006604,625.3749484248502,603.5958134705538,575.9232040145465,756.9650478615508,662.3151986365242,polyester
665.4634455823575,731.2040104111682,838.4661481127577,872.6975963435361,856.3013480155793,958.7948937872765,polyester
109.35330823991815,83.42958566626292,75.2537713586744,84.57312791790287,64.64759814217723,74.06502738517645,denim
866.6237445233112,756.181361176538,879.6929270258469,958.9272305528192,1000.0,1000.0,polyester
532.5928261011334,519.5824839074305,625.950155505813,675.9536242139368,686.6770105705617,639.7599597985295,polyester
199.57489828494317,217.80380030189417,231.3417072143874,249.2663536712813,260.44068670854267,279.2725844046605,cotton
656.8202399540351,666.4237051397148,657.0936038704956,684.8197316762823,711.6777415642857,828.0024750502072,polyester
86.12804138798094,68.54652486311072,69.96019925004803,62.932576270647345,59.71765070395864,53.31972152248494,denim
93.65434217522898,95.91052550677753,66.86681806827981,83.5683588818528,57.15285818661065,57.47886475943287,denim
193.11858937255764,216.1466061642523,228.7685098877217,242.88797490387623,260.2397505842614,266.4597265103433,cotton
682.7930624142559,708.0945255282736,889.499071985888,825.7871246585081,815.2426528297188,860.9466436925403,polyester
96.69358773176312,105.46871947016517,69.99443045654861,80.29941947634867,70.96731943613264,51.37215110872257,denim
108.21864206253929,118.21671289521476,93.03932002535078,72.80349011345508,75.47069684736083,49.52456155335408,denim
79.92263445175186,91.98772673925005,80.20500017252057,81.26241622318878,70.48034841396634,50.88021078351697,denim
370.03000418764435,405.622585860625,438.24090744942595,443.54398104426036,473.599024041105,497.2605726402838,cotton
95.13023158972015,108.29647740508207,92.96864982527418,85.71685331958673,64.52902041631258,64.21316674421774,denim
614.0507067417145,587.3873869112299,704.6162383078283,749.400676388268,720.922188685756,835.7150965400788,polyester
115.15587991826867,94.39653302950141,92.74409635822455,82.0176628117541,72.93802509822063,52.82733607889587,denim
187.6279038589297,202.61592220768577,222.72760786897294,232.23301500534694,251.0042232297433,262.59594579850096,cotton
93.93255945776015,87.39356794139806,64.00955685243584,79.64848901192332,57.36975502732775,49.783415665793,denim
382.3508434764318,416.374932936353,443.7120820519352,466.42049678258803,498.2677816164588,525.5020359268491,cotton
89.48772905843003,79.74184813257584,67.36203292551585,56.2551270828323,56.47162287160905,52.89547425524218,denim
977.1975807700023,876.9713462406747,991.4305050241794,1000.0,1000.0,1000.0,polyester
186.45562942351827,201.89668873597688,218.56021450580792,231.4481298381026,248.14338777417683,255.45485010656168,cotton
674.8969196261254,681.426546159485,777.6885124067701,860.9525934079667,760.3030983844201,892.1292120692301,polyester
102.3965061169952,73.3832010346594,78.1990097379241,73.60824538971362,62.08982863340281,53.539541554898584,denim
193.4811402863792,206.25764300831517,234.0088474305515,234.79105995171557,257.03657257282606,264.9301264141196,cotton
65.89425638835154,75.76477663169113,76.38660380024857,57.885596274858216,70.03273856601581,40.57067618805473,denim
92.57841111009013,107.67568775506402,89.87558371082118,74.76863940071344,75.01374233399724,39.35699335705232,denim
737.0546115879655,852.0613108958895,967.1113051510135,898.3449990290688,944.9501334589467,1000.0,polyester
90.57937635759384,86.0187352182074,69.74127111833016,56.58812619662011,56.823805325406695,51.49012631884608,denim
651.4701509789139,768.5565454704334,684.4788496090453,818.3083110666532,881.7572232253851,922.3377101513174,polyester
380.48867222533994,399.0223842647208,440.99432447567995,457.2442960220979,483.2010932536021,514.6733534183464,cotton
832.5577776122028,957.992945028153,943.3696018374371,990.6289666814855,993.782673881873,1000.0,polyester
359.48600870153155,394.931534712997,417.6216855229425,438.3903156285707,478.76582942608,496.2471468480875,cotton
76.86776189790459,76.74215226193633,70.41664062398509,64.6127072956165,64.80941764266835,41.35455067635618,denim
107.49196379643017,103.60128040226087,107.25162095230631,90.66984118244262,78.54970600678506,68.58396118364308,denim
387.5620554045572,410.34308780071325,438.93664865884654,467.76963873562164,499.31078033096196,524.0894435417282,cotton
108.04454862883516,100.4479210980036,86.10729090613167,71.82758290789121,49.218013662007216,69.76784013109726,denim
122.17731958872027,93.67955002122496,74.59884094065845,77.49843625406767,71.62822982975382,68.97390164432653,denim
115.49110585193726,96.4664319603868,92.68523038464132,88.4448086089647,66.03096339866066,65.0002512312751,denim
130.36769042606312,105.65247623773516,77.81676742039758,89.82962726796714,68.28395141739479,56.818552320665546,denim
103.21593884861947,93.88146136499577,88.86767783718571,62.616791527886484,59.363976087097825,42.974128850419504,denim
364.7477243849304,405.89055921575294,427.5798597952504,459.21594150121285,480.6571360303744,496.42496996823263,cotton
100.74513438102827,96.69784865466461,74.97687491271022,75.98922344291051,60.136177315483174,53.92394302478959,denim
587.3253558793328,628.987093004718,725.6212069021093,631.9552486712633,793.4286296680592,807.4393913670983,polyester
107.165529822333,104.01315944010337,98.64981724884157,77.98725107213286,55.414730573253244,50.773738980180404,denim
812.5285233709549,784.1438254334254,797.010056320635,894.9121239382752,958.841213680825,861.0691940022572,polyester
194.4052876577485,210.2052355418494,228.90304760770184,240.07254310982339,258.65579329069703,267.02813679885014,cotton
103.68465169850032,113.63635552659657,81.88219487184135,80.46098016088266,61.261740653652154,62.81825316783018,denim
114.74334072386488,112.69989430272929,96.30552015099205,75.23823050997842,78.42425582571644,79.9597816784165,denim
812.8382590766302,748.518610464668,888.0416120375427,994.6618690756982,1000.0,1000.0,polyester
568.099766404788,643.7008449465227,572.0693823599432,585.513024307286,695.6408634811708,667.5796559920908,polyester
363.1889325171453,391.60060778976987,433.6445965501385,458.0874118836858,477.379228994897,508.50467210150293,cotton
399.3044353692507,419.67999375362444,457.7604620991042,494.5599368445328,520.4751855230751,546.710454393747,cotton
775.3702945318856,801.4242059060431,899.2722250151965,833.9243666766607,1000.0,868.1686607379502,polyester
605.4893710553918,640.4661505879498,618.8577189570568,737.3733459097635,685.8868193527635,751.6132642649059,polyester
96.98669462427063,82.41907514118591,92.61096520544093,70.5694932889755,61.4608976008064,49.05126678486506,denim
86.00017492455648,97.2511903543845,89.31989713739446,87.90890366656495,64.91835297565098,52.04038183793374,denim
115.08979058986881,84.51904398037496,95.50563761661603,63.279226630559535,78.78983944364516,74.39584720643829,denim
104.22757020885254,88.97224447641503,91.3213050055622,75.15021185080535,68.07518719274334,67.06807784473963,denim
116.67362735490242,78.6111187931796,85.90052682371902,73.51579090190234,78.53042894703498,54.896045047207885,denim
94.84608515339369,86.2663401438323,72.3278205919344,84.61507872930763,63.70015225964472,50.07712909436963,denim
646.1608318576043,704.272224465628,697.2986820292582,828.0231413014149,777.7450498032198,834.5558633962303,polyester
510.9967694630772,604.439285914402,639.6939868566668,667.1294782863142,662.731477767417,716.6544465148253,polyester
92.9026779909085,69.98294299020989,80.6749852657323,63.85487661319702,41.2405746753854,60.56961996581904,denim
100.40388956421017,59.679777582311544,84.4833544476394,74.45817636484433,61.47356598703903,46.5871669371348,denim
128.5149928294183,94.16172523089733,97.89747104531266,93.88936499152236,87.36314440554196,44.13133849538725,denim
851.0549715786184,815.8696748077153,838.225585308872,967.2794489717951,1000.0,964.7221316832387,polyester
107.17571536666817,90.37265189480317,89.08528147419831,66.37992118027489,47.826443235752635,56.671221411684314,denim
108.49068913504922,98.53197901434743,83.84994389662663,78.40936922034025,57.08828906347024,58.788092677037326,denim
598.2383637248413,602.340167008018,678.1499315517674,754.4914407398403,720.98837519803,733.6807222334209,polyester
828.2572219204341,813.754663727158,917.9718297183564,1000.0,1000.0,1000.0,polyester
599.8969171946678,601.1297547010582,696.7940734166798,753.0804439860867,706.0362737235376,774.2559145038167,polyester
356.47263882303304,385.2070045158343,424.0469205147277,455.7595641502291,478.5288349440724,502.86746807865694,cotton
789.4208279249932,766.7837203994295,927.2506043793841,917.2158673500252,865.4388724367933,1000.0,polyester
811.7402388020662,825.5137168096888,809.2020054532966,914.7960251491942,835.44874940871,900.7203185866474,polyester
585.2101127779715,587.5992742387499,655.3932861755624,712.1564436004346,722.8559366985722,674.9681539559789,polyester
192.01931141107758,203.67231618903924,231.03472202488086,231.70697193772708,247.73129828918047,267.014090183886,cotton
649.7240066163994,692.836725618777,754.2040938217126,730.1717844354456,798.1178780050126,836.6478095625091,polyester
194.15650745210382,213.1825495347907,230.4287992450567,242.93056228514297,258.0247133944663,274.94728694773585,cotton
106.8926964733418,79.86942897439219,100.10095368049295,71.39513605965918,75.30514037085916,66.89036060496814,denim
73.23408908028166,67.81842569518693,61.559499146405706,65.91433745336127,48.545394035956484,52.93754239907245,denim
183.5538294994458,201.42605236515405,222.63287498865753,228.13775394179962,242.83499232487847,255.5532270318078,cotton
923.4991701015744,936.08549358204,857.564181407341,1000.0,1000.0,977.7869075533774,polyester
714.4352342051571,732.6512180907156,810.5941858094304,691.9844247935692,781.7626475397241,776.2424843572062,polyester
392.6908358576971,414.4637926268787,443.2504024596382,473.3198642043565,504.74611876795257,543.5282055991001,cotton
184.73000750224224,198.86504346436098,214.66564417738766,230.27924207976562,244.10334278180605,263.13004687291954,cotton
99.51406559286582,92.34892605719611,88.40976742136473,68.57196280758149,68.0837949655137,67.3958367538273,denim
377.74022778386563,402.6432649924056,444.5645121167946,473.7222220295393,493.932084159922,500.92070649308823,cotton
691.5394746343081,688.2373953248215,778.8005971345522,811.0155470385394,854.129730818118,765.6037087783612,polyester
90.47825073795715,96.76948483444811,77.32260850578152,57.99746387379787,50.240238140480336,66.69826297338685,denim
629.9686383303144,703.6651249170283,773.5344853897924,703.4663129735596,819.1313858081811,778.4245354771078,polyester
84.8721704591655,79.09520347972206,86.36707704942906,64.4156923951435,63.91576114257862,71.15699988512182,denim
104.04657069308915,75.65294234954241,88.05722844687051,76.50065494929729,75.57789166917854,29.521366572304082,denim
179.12693859297457,198.34178998650424,217.37530138193077,223.84438812596073,235.06899422712542,256.3582019499208,cotton
862.9717635576721,921.8135954859016,923.6206531692808,926.5641061747775,1000.0,1000.0,polyester
194.17003360416385,209.03128611690227,230.41037663268355,244.9529542388234,255.68871328586283,264.6965322120957,cotton
550.3704033263971,656.5246236519797,614.532012452805,736.1837812562088,709.5112517344911,696.081645835278,polyester
743.1105526983401,849.8017412349947,831.2631159622186,912.9947302856473,892.7436047170935,862.2692674507682,polyester
652.322480769623,740.4803192724646,748.9725226324857,743.2667551793037,832.471794387589,895.5843249201175,polyester
77.92691826983904,65.37089894845916,69.27992507798639,52.745645592118365,55.700782058395674,41.33447339694595,denim
652.3702322199111,679.522537725418,654.53154998046,692.10208860487,728.2538144263748,745.383020392626,polyester
83.78673088830713,73.91255251815002,57.480048912386614,73.1216916055936,50.23610729482377,45.92319113399485,denim
583.9716900476338,582.5439871845033,619.0775265232032,757.5687144202559,706.3497585383047,696.7709510446465,polyester
188.6363316665694,199.2802941247046,222.1442928102275,229.2661922061945,245.85026724324743,258.025874653828,cotton
598.7251211518765,607.5629973992001,713.0212102017492,718.2398972271081,682.0867459337666,825.8888266348739,polyester
104.09752359912238,108.38201050973476,99.2358006911285,79.2989573520405,88.40549900565082,62.47223381622692,denim
93.90966459044645,85.49855654417429,78.18082856842929,70.19453435290741,59.09418564661671,36.07828486835185,denim
183.2234296695373,197.6043786538949,221.64531269097606,224.16848512077436,241.0172619147998,251.80639235798228,cotton
94.33437638021186,97.12059776371885,95.30501751027464,96.35367904594837,70.23180049552435,77.00174457845607,denim
555.5166358825769,577.8469390986385,641.786508508685,719.6553172017276,665.9221488219642,750.0142945300448,polyester
184.59015353487186,198.57033395080725,219.44737240886846,233.29079877261313,239.97581256567048,261.6020248759125,cotton
664.532419459597,765.4314217366268,828.7623503184292,843.3574907620504,778.7576606730577,824.5606414639701,polyester
106.11774048080326,80.22977901174899,85.48011762287223,82.22352853946958,51.86231531365809,47.00657181766531,denim
188.08022320787524,202.07835148306157,224.77101084163704,230.83080258806024,246.92942203770494,265.13549425243696,cotton
538.617908951617,557.1794252017986,569.2129587090368,661.9052036454851,708.212690493632,729.5142572837682,polyester
648.2390116730277,691.7007661319385,832.8635169050469,834.4483780139092,789.0410836348107,889.5937960627989,polyester
658.5133536780017,782.4444744827548,726.1946777514411,793.8492437716995,827.0076511996263,946.3719173698234,polyester
391.7274132704783,415.92261011403565,460.13188835961665,485.7044105705335,507.1341253437658,531.2945682400913,cotton
186.8612258358615,201.03029863420755,221.62353090114792,226.90760357046034,246.50792462811665,255.2829345098099,cotton
849.978310831902,771.806758788204,819.1673296150128,939.1292034770486,1000.0,988.3828881522688,polyester
784.6567850620797,929.73782410707,932.2220161079168,1000.0,1000.0,1000.0,polyester
736.2666605602104,729.9843138912252,718.612415890824,799.5380825969715,790.4584862576311,736.7678319677925,polyester
719.2740216860486,720.7395220442676,732.1576665821772,852.0141186780729,852.5080777972875,919.7463643392323,polyester
103.23284854003198,97.73901399002477,75.12045641145455,75.50541918737241,79.58321388848508,82.82085122907907,denim
548.1449062370931,609.8943178314782,641.5287854939911,607.2520980596403,660.3120891051929,681.8806126937425,polyester
78.79561426860626,70.2525005118762,70.14469572820559,75.83968512289573,52.0075165589347,55.37536685971794,denim
392.204570146468,418.560517617459,456.18213648621736,474.2570861130777,499.75940058522053,533.1066944826205,cotton
99.09327912519828,102.13106236183229,86.50933024646591,82.91143032080414,81.67715095629688,59.303702998894586,denim
386.69590805742206,425.131645231279,463.769320335182,472.0171953115792,514.1811668074976,527.7835774450037,cotton
125.95724378643172,92.96058846244988,96.93995630572824,87.76346558315574,61.956223367756884,66.15769235447215,denim
910.4810008560801,950.1352640244967,843.1643496993055,1000.0,947.6651123866912,1000.0,polyester
866.2854139436033,1000.0,914.3681274466674,932.5499686303217,971.9688180225478,1000.0,polyester
116.5180191189099,92.82502279445393,103.10991874024973,74.81247567438305,78.22222048727257,66.27165083015763,denim
391.22945310881437,414.52927043125794,464.15420408321916,477.8538915886049,520.4626757283462,527.2993248172049,cotton
201.2689465153286,211.52404553420087,234.88732096449857,246.62493362607938,266.3650273723948,276.57362846686584,cotton
93.7500692356594,78.09548136313586,65.04997331752493,79.58387651876167,73.6290975860429,40.95560688973325,denim
741.522155195723,811.8825064256885,857.0803875020079,867.076799739272,984.076452026321,1000.0,polyester
634.2337345580072,690.2388528431402,684.3255532955117,706.576957444017,735.6401353446684,783.7553056265417,polyester
83.18657223668606,87.24035747978625,91.3486345191952,67.1737515394329,82.50383284413573,40.10244318404961,denim
101.99572758215359,91.9452146394983,91.02013230463169,70.56660347960009,65.85412929731619,55.98932202644558,denim
192.82799567341118,206.42668307177587,230.57178865934776,239.46666402876775,251.1354022727737,274.91023790411134,cotton
948.1942871173902,955.9524244536586,980.4219212263155,1000.0,1000.0,1000.0,polyester
843.9262049324329,731.2357092893883,793.0561528682161,818.2644730982037,846.2887795490244,929.2046867258485,polyester
82.00982871346048,83.77250908416546,81.79272238678173,74.2163895342434,53.012825766443804,45.09457497159078,denim
192.67689246534042,210.68582791851844,229.37755213984957,243.20344588166515,259.94654793578155,278.58486282835815,cotton
783.3925203600543,793.3658786142665,868.8558069830017,965.3677695910815,1000.0,1000.0,polyester
127.11745579758592,86.07961465940839,88.51168644473906,84.10377810563016,70.81718404193158,58.86189776005165,denim
59.230488814676036,78.0249428727967,50.58772674560388,81.69461433999847,59.15627257211922,47.362089994456426,denim
114.50661339755133,95.59547109385485,103.76702122313408,68.02620146020247,57.7330053488125,70.20459989772284,denim
374.2603257029193,416.8736085206555,450.53368366363685,470.54729967754514,486.00159392891453,526.2357838448729,cotton
655.2121543543356,740.9906284645607,772.5203768085987,717.7001894583652,758.7381471570562,871.1089660235451,polyester
358.1801760029576,388.1726775695305,419.9788862702217,460.9941266642884,465.148459357778,499.8608114355977,cotton
102.93098563982474,105.86874594118109,95.99036063192818,75.59654379771145,69.23172579852844,68.97755340828375,denim
107.49808699624886,72.40719690500201,79.95698113376054,71.73964470958848,54.745842254892665,56.05729904716872,denim
892.0434274086209,895.2207422294242,974.480955207947,880.884262901597,997.627798684449,1000.0,polyester
545.3763343499609,574.9908963087336,581.6042766424704,610.1200677984417,693.0732513243443,705.3682340886535,polyester
194.8716576009621,200.20213767358206,227.61980523279888,235.5746281699054,251.89046448110557,260.333592080152,cotton
88.49007174067143,65.4613603735066,80.58815794993197,73.88346055033797,49.06344527064051,30.75730283774527,denim
803.2293500580321,797.0860549148006,894.1170458906261,983.2757492275389,1000.0,924.5324927000964,polyester
864.6763576899176,1000.0,984.2548936588745,1000.0,964.8427761673815,1000.0,polyester
93.08567487934083,77.42676460381722,83.0210503911817,74.7813778943521,64.67388994169606,57.09001147118161,denim
72.82225232837315,72.45882186394269,47.058262451672505,47.387587930660814,60.64953845633154,44.326441304376154,denim
75.19991774427436,71.59072141906118,74.37298019720423,49.09263146523061,56.21980571722002,47.56311916054485,denim
804.2263375805254,901.9719062611147,946.9840922626049,962.5323069993977,1000.0,1000.0,polyester
94.05519875079064,98.81978231447167,97.03526320791079,91.4169877422838,67.44741318968781,63.35542442263778,denim
197.6157028826955,213.99594544882558,235.57817391324406,237.89534583935045,252.22883304982687,277.3335113648715,cotton
376.28255533868173,402.7612343677803,445.388749975683,467.67128144066805,484.65245196293756,516.9508102570637,cotton
650.6881602125321,729.7156909261965,753.1885480225837,807.7108998409226,857.5514465387407,868.5762013403206,polyester
83.78217386105803,85.05384691559524,87.36348631065627,69.83233262114193,57.86372005507785,38.385082278974586,denim
884.8663194341079,877.3581297914396,876.1880261406673,901.9001810742063,999.5430360868663,944.5821522429007,polyester
592.179995807057,657.5125946017392,610.8704734011169,739.1944700861636,715.1638298195228,770.7726952574877,polyester
931.3287709168375,958.7453346576347,999.4158551643859,941.8169881573056,1000.0,1000.0,polyester
503.3267441692816,540.3247580881248,567.5408625738263,661.1799435821101,626.0519101128983,749.0838563557002,polyester
514.3686204374363,604.1602418489931,613.1434028531611,643.4106064160983,684.2826412771435,666.8919462790224,polyester
363.7840753794836,398.4644262257101,430.15992900538726,458.07574997898695,476.06107348399235,502.0941180471531,cotton
111.95434784417282,74.99650256632333,95.68948172815037,71.61071457388466,64.5852140396929,54.54708378224469,denim
656.2842534419918,630.9747325204967,670.5230058987536,727.3589388537882,771.1484567123339,809.1682098021187,polyester
391.69846522739397,416.3114580841109,455.0646749661252,475.6156146990842,512.2661851502982,528.5562636292261,cotton
203.095852812792,212.6785458298831,233.14234153041266,240.18736614277694,255.7366613322235,275.1693994277438,cotton
565.4410445136481,581.0782207719371,590.9605948409242,602.0348608666521,646.8189190058779,660.2087502193777,polyester
613.626013382348,647.2012959151459,684.8994756308903,646.4602971733179,663.8433547824123,738.6196796751024,polyester
770.5590429429811,705.5758449763537,729.9253937417411,827.3470373153225,935.3548281137923,964.5226823085162,polyester
374.37223645839896,415.1182385649177,450.2035834164654,463.6667549425886,504.59686656949907,529.7227088362685,cotton
731.4985017484888,855.3201026450419,787.0828087261168,964.1975064243086,985.2740682657472,1000.0,polyester
678.5463002358405,763.8641762424227,769.6590128453555,700.7958325163437,823.7330238275197,837.2442715314412,polyester
707.051176762758,822.8512216479029,845.3251904235927,803.6399109239005,887.2187551184111,942.590787820549,polyester
371.51772368497416,414.6683907309551,439.64721903340507,463.50311565709444,499.6105619122157,524.5281098557223,cotton
386.4550750415466,400.95665590556104,448.94788478297914,472.46255765363014,487.258268642763,528.1685011544956,cotton
747.1282529883762,902.024785044167,892.3045603035107,886.4944042233863,973.3081055805364,1000.0,polyester
94.1367630267911,75.9391021393375,80.8185730802587,69.84886422030812,63.97852102362768,65.6685015103631,denim
390.3905735173638,431.270933301317,466.2736596854577,488.3187083839702,514.9463772594137,537.1503008571543,cotton
707.7477288205386,680.8359978673584,747.5761642578973,756.5295755729717,755.7948978187907,875.743468976562,polyester
383.18613499377204,423.40419059075344,450.5587361303687,485.2727681911196,505.99338323610453,518.6342244029878,cotton
378.31806535728606,416.01686483218526,447.52142815668526,476.0822178102161,494.1924700919303,528.4339450933089,cotton
369.73452939877427,398.4286324501507,424.6650167950771,458.6821272751717,480.9943195779734,512.9750818354005,cotton
371.5547895602896,409.9957944937146,444.2735670858819,471.38131231471823,505.5873439306741,520.313913071126,cotton
120.47393719075559,101.16862913093581,91.26587543496427,84.90260917837632,64.13013832035087,55.723791018895746,denim
719.3739438155941,883.0030410817471,834.661795275531,983.440143225478,918.9443329986402,898.6818469401227,polyester
195.6037033175347,213.2410752342799,228.08007277353042,234.16402496747065,265.72611978421503,272.3739025678286,cotton
177.258403021189,200.00745720387792,218.01385003020133,219.26472204235213,237.91816500290452,252.23486749282995,cotton
489.1198705518953,545.8879536869248,558.9454934739797,643.4185456427284,640.1353721301739,717.9720301183639,polyester
87.78051139852018,59.32714155131835,69.77690999663153,52.63427081875255,55.33058375150192,53.31332807690751,denim
90.75527317448575,79.5783977354697,71.61911903373286,76.0085097782781,49.13403818741565,49.38956569945294,denim
104.65165304236237,111.01959040614773,82.28091534785658,87.3917560711849,67.71469681678798,48.7383321668089,denim
194.67218920249647,204.6096903989502,221.27085910715732,236.5488127387001,255.44439250676396,266.8843998565113,cotton
103.48213005624402,96.57940793799882,86.80011687382037,62.19033886948701,80.10559173386446,41.60607497182053,denim
188.22540574902132,203.3026932806819,224.1694419046732,237.4537194211109,247.73412854989257,259.07019357189546,cotton
753.3426245266571,800.796930996396,819.6383871522329,807.1974541914029,864.107514151913,926.03481503719,polyester
188.13119807271121,201.05130417521474,222.42897963282675,227.93508513904422,242.78068310698964,263.63491893678656,cotton
378.9074475804972,398.20885705728926,438.95204109138894,462.0365940311831,491.196270603888,508.41657395768584,cotton
197.7483949871206,208.56305010016365,229.33342480869695,241.24424475502184,255.2082867273692,265.621870296181,cotton
556.6118250999532,708.7148003807445,681.8381305609752,638.7053740982388,669.5230170990347,740.0946497173164,polyester
192.14508586400265,202.39892119241526,224.19439354094868,230.43773332044708,242.28053922544746,262.96675503429054,cotton
922.4985109661627,860.5109459142494,865.1743459416234,909.4586628702706,1000.0,976.6207570741917,polyester
839.7253350414786,802.2168298882692,899.5126932085939,980.8507536251439,913.2497843562693,1000.0,polyester
639.5688989023876,709.2818638915589,759.3078515345697,852.0587691827512,893.1669321492788,872.2017404560373,polyester
726.8022754566008,793.213634307311,773.6438394856575,862.38173960888,929.940520427484,1000.0,polyester
365.2939594233121,390.9321718002265,435.970347014909,460.68869614418725,482.09539358076853,494.6271264464292,cotton
361.5602044951695,391.7132441495656,427.92686212391243,449.1772831523688,484.27416396900577,498.1534962705514,cotton
659.6048155118912,807.8253507912593,817.3194985149207,917.9593558221052,837.3259114125527,1000.0,polyester
393.214485021425,429.89933735733223,459.494732995606,489.02857309560227,513.2670360043995,533.0216345242048,cotton
371.1385570366743,402.3258603154146,432.39493468997256,449.7609604195102,485.09919192200863,498.38296950555633,cotton
590.6166161839523,604.0792864653497,636.9853717390829,621.588525129366,676.9151571897078,690.5478075889412,polyester
394.85437973791886,434.4827364753634,462.78872827196955,483.2298170571475,519.0432662688307,537.7961152928174,cotton
85.48949011927861,68.69436916919935,81.81525788945378,62.31941014519152,64.62262746407721,58.60072071111365,denim
372.33523950413604,398.9075260719599,424.8677617434189,446.06299197261245,473.11000339284027,495.2384418736876,cotton
183.13818795129922,196.96392350678767,217.44063563766866,231.71152403501895,241.58465759238055,255.03515122183003,cotton
197.44497899819174,202.82754488468692,228.3047131757331,244.03968247638196,249.98004317150213,263.6096600897034,cotton
836.5110462579963,879.3688434121582,974.7412062526492,904.334202877725,1000.0,1000.0,polyester
381.6277646804336,426.6283238689625,452.98226922479387,476.9139781643722,501.95934333707345,524.5246314922781,cotton
192.1385426412367,209.87790231284106,224.42510899249785,235.45089771206543,251.60094333189727,272.40706919234714,cotton
545.9858471810049,620.2570283574439,555.6109957174735,609.3002151425544,664.1938057103999,640.0775835691069,polyester
384.27397603701525,409.78258391314097,443.74548524515126,472.2343838040579,503.4895559512893,513.8336488658757,cotton
783.7874417695069,936.8854478678408,945.0910983586257,979.5098612007439,1000.0,1000.0,polyester
125.72882403442046,116.57396552737065,107.92689917588251,80.89017675713389,66.19542403864602,72.98790153553804,denim
190.68643151662476,213.945308518632,232.4853148770686,243.16559877871626,255.30585538602233,275.0221749922432,cotton
118.68429985309078,108.40077107232712,78.3587188775781,91.06208725503188,68.7378268019431,71.88320495529086,denim
792.4433652486468,778.4570175231364,918.9999680134465,820.8770014956715,1000.0,922.0383039434013,polyester
72.7214685374157,75.13157057504722,64.15595772634353,45.29374997358895,66.0029119577861,37.56529802815699,denim
82.22012259034943,87.89845387247495,82.17213131694443,58.254910689556965,61.50476700393775,56.88235844086839,denim
645.4518603118917,636.5373007768155,791.1753051688167,790.2574718591317,819.0190003071716,845.7912648529165,polyester
88.28129077731481,86.33955907420356,64.99889466242408,72.02809371869026,75.70664795768775,63.93884778345801,denim
739.840703099401,837.7697526626819,876.6922255027366,878.6156164701905,969.811247908295,1000.0,polyester
597.3087825908854,678.6663080918751,757.3685118151707,669.1280230595304,735.5007865590753,839.7100801636707,polyester
674.2700740648575,616.3379135508475,779.5261728585517,788.6998649339528,844.7924709583347,854.1511040236928,polyester
667.0611448324087,749.2004797135928,696.6889004004177,885.8732090309986,796.0877889101654,943.1952884177703,polyester
78.06676203410477,77.46908823852513,69.38812346466068,50.277066413446775,35.21355035424523,41.13135425247327,denim
874.2959520048902,828.5973124316168,950.4234759524369,974.6162974485391,926.4426722421221,1000.0,polyester
822.7507479713918,1000.0,944.3678264222508,1000.0,1000.0,1000.0,polyester
106.79385153335122,82.37424254915487,76.2987345736215,62.00728050147909,56.066117229137596,47.5294148717013,denim
199.9765472765545,216.4791402041878,229.68201156723984,250.8536183904682,265.44642689803396,280.6970098662755,cotton
86.32337928045351,69.37347023755648,63.859373338145836,53.28793083535262,67.68687717372184,41.358941887026354,denim
586.6277192774513,606.2197842293175,737.820707131794,790.4852519243931,827.9497425858651,822.0897785685659,polyester
70.50654354245094,79.67551208338568,66.37127278294047,55.87468545335274,56.2932931659323,48.320629739207334,denim
698.9011005355538,802.2330124061161,856.5161672717096,786.7165133808882,834.4151371533276,938.0147235953068,polyester
589.1765538259633,695.4832538187635,684.5366774234885,756.3050484393661,776.8868969070783,841.7134410821955,polyester
110.6035880742524,101.59839941821443,104.71593446727361,77.36216215785744,83.80811074608421,73.31576420658287,denim
753.6938587410702,807.8633521188385,920.6380881122949,870.5554649448583,863.0919051131996,1000.0,polyester
89.72376861746832,69.24626404786927,66.00826975996377,41.43976645167329,58.409358186761246,47.085958722914306,denim
185.39873951255646,205.6569584189273,218.91656222242167,230.8640268908538,244.21810832375698,260.167683915992,cotton
545.4457148432102,635.1942306257904,616.1876338023957,705.1532391863997,760.0533089175698,788.5981063646984,polyester
755.4140671246084,796.3266050139783,837.4510740016209,937.2889662220333,950.8300327190923,987.610262454407,polyester
101.67335392663063,83.62637994510081,76.99545086463361,48.002495996982795,52.8808058704137,44.758635464371345,denim
657.9073095263138,730.5727826300781,785.9296229017411,780.6855947685432,934.2678345032074,890.6157857546821,polyester
708.5931140280716,800.1080891106889,707.3511211827318,740.893336294528,903.2402895630538,790.45585441841,polyester
597.292639460775,699.629089563996,749.1652645831889,657.9325226787007,742.0370468060603,801.3874494530039,polyester
120.78702093148816,108.975682620312,95.61924000790684,77.22011404291737,73.11142769143031,56.96768006484898,denim
383.29260845729334,414.3498224601713,451.980450877601,481.1884845812458,511.135294014277,526.3843392241309,cotton
94.51299359944551,76.89983093927388,55.73005714132517,70.14299667007117,45.101502243720546,49.27489665366968,denim
198.3932745242482,207.98161760072705,229.4657965718511,236.8825911053687,256.27985196848493,271.00034154571523,cotton
362.88195030175353,394.68108558358796,424.59429948203314,455.5792458826243,480.7998270406295,510.0082091271903,cotton
601.0834450805932,518.0310561510936,605.8563929622974,683.4951049962442,669.837118096936,625.4292943614886,polyester
88.96991654630601,93.46238964002039,90.52573304934918,83.72692193013167,86.6823006001072,73.51118006916597,denim
201.53533822825912,210.1099808292952,234.28842414883425,241.4972858744148,266.15769241501306,280.527652439949,cotton
103.63397272791588,97.32786095537996,65.49540645341102,83.05374825838084,61.791716574674474,63.85731883762383,denim
386.04342854395003,429.93774146622246,462.3933833414775,482.5670309962722,507.8080208003713,540.3123945800288,cotton
374.63497257633657,396.058390492889,431.1861347411406,467.49349318463726,484.5317185227275,517.0934611786276,cotton
82.96464467840514,98.81942093340723,75.53928225336762,70.36077551156917,75.88717229825632,55.983835799961064,denim
905.0835234660026,880.1824905196661,1000.0,919.4178146675422,1000.0,1000.0,polyester
609.7806855196021,702.1869434475857,675.5000639673423,677.6621074746054,794.0644762711174,792.800180637977,polyester
101.48845716758439,98.83742746616198,77.0439093016853,65.54714123932176,76.75541900456135,56.01432750081371,denim
91.32508930605357,94.88306183507069,82.17182305698311,87.14486096536264,71.09046532339379,65.16058928995824,denim
568.9484501452017,556.5507868877594,607.6486360593376,632.7323598691446,634.8022708965192,725.3910977525804,polyester
374.1102284962207,398.76217770023044,439.8275574833354,461.47077557238447,499.2311228510634,519.6548397788389,cotton
637.5277425537714,683.188279257243,746.1708286531174,811.4314950689625,745.3172563993419,814.5707215039685,polyester
381.7417618252976,424.45001657706905,458.99670814375577,484.9323213444353,511.9590894860901,524.7005812412096,cotton
111.71413668249681,91.05003383304533,96.48056301928422,72.56125802103149,75.10284356090858,34.993027423652194,denim
650.6340894350446,621.2348919519324,666.6038539071305,693.1792325638668,807.4296845905649,759.0338671501905,polyester
194.82157696465194,213.0808874832141,236.48601493537484,248.42879629521394,262.99517602675246,274.90843053133347,cotton
107.15237235443023,88.55706113843786,98.69377037513112,79.00823488603554,58.10446501886375,53.008854468684156,denim
694.3218732198194,830.3556546967073,850.9201809590721,900.2846405787953,918.7453510771738,976.2788558422986,polyester
80.15962796578017,76.92992291850123,76.94905965009694,50.71075867764753,63.167145121536755,60.805758952062455,denim
118.27555278678469,91.44941328602508,92.22765778323873,78.49073762606535,71.41875497935983,71.77745967877969,denim
733.9160072092116,731.9875307327377,752.756247444209,829.3248221391954,792.3064495689763,915.2025346131019,polyester
362.82488035629586,391.16295067603244,430.1601038028427,460.08563392622375,468.1001574599059,504.559895387463,cotton
658.6236767587354,778.5057165560692,821.335902522753,785.0689398061081,785.8906035122407,844.9576830014872,polyester
190.60575404415582,210.68945117450332,233.1226180022797,239.92978515574657,248.42411594909214,263.1694786871572,cotton
125.76425110131254,96.73627955071164,85.86577157013618,75.36761168538756,64.30174064408446,52.822791523667554,denim
65.79680959537136,52.19189764618926,47.210452053476786,54.194476606298075,50.55065662945378,40.03045595949013,denim
77.43088376396672,83.96021720336601,76.65719253120255,53.78475700697969,45.89054605920459,42.03049563821322,denim
93.9079835522882,80.34157864996888,72.70215638472716,70.02858780059479,63.755349978400794,53.46328168408694,denim
127.68012453228249,104.07383485273192,96.17096247217623,76.13841617052734,62.50564611176615,78.61299261689454,denim
94.80800159196845,94.10113810126361,76.92978220346312,79.11543190485735,50.38511211161368,53.331442651672816,denim
80.96919674533706,80.64227834319844,53.45558040338238,59.44256247599135,74.56277370090885,54.36371467650636,denim
819.783334356411,795.5096883270044,904.5565184676309,933.2055383830034,957.2611108662388,921.4170385804593,polyester
870.3694415198207,1000.0,1000.0,945.4969836495326,1000.0,1000.0,polyester
906.960816350822,864.0011881139029,997.9470494307026,918.9776541161893,923.3949199496101,1000.0,polyester
195.73327224739373,213.022986997926,237.72586607078836,247.92805085932582,262.636433016429,270.2063446904234,cotton
706.3525889999762,743.1196453184481,752.1454881344631,699.3683511795339,842.5680183805318,891.0488588894101,polyester
182.9468074855107,201.3744745674477,229.25071721347493,237.83547947765592,251.55895550420703,262.2149128018825,cotton
193.8515308005242,205.63305292373218,231.0891740294054,235.41469299539168,248.39157579608604,265.96886410987537,cotton
193.60327759114293,211.30653406373497,234.6260374121375,246.81721937811614,255.39865310689387,276.4365177310259,cotton
184.8285574371641,198.63557896942768,217.20878725644116,224.51444714710325,247.52658289834258,257.6377474956358,cotton
599.8876610367611,618.3404036022569,679.5476671749635,646.5387297131543,615.1292474047639,712.6218204194107,polyester
83.64568905494424,68.76331468689403,66.75229176984266,74.0666316974849,43.94995543981916,47.13394863547524,denim
582.1392844603138,695.7930871495372,711.8256949706772,659.5324122940946,671.9930161042278,729.2789823287685,polyester
380.31574533059336,402.8801801107488,455.3105227405872,482.09458531874884,499.18965121164877,522.667516285361,cotton
88.09538234755188,82.29018893553251,69.36071334824601,60.73083852529734,52.13745534179644,45.59202736768388,denim
91.60353907743288,77.56013141791031,64.06614420959285,50.590585210833055,43.40144657812199,41.541107053640594,denim
794.4745508071046,926.4520258073768,907.2760313998049,903.833079911272,1000.0,1000.0,polyester
384.13489130005615,426.94588523537476,456.61702183440764,489.4474526484557,502.30971891947314,545.8572966047406,cotton
386.6080550292745,396.83360221290764,437.92202872343404,469.8882591827519,491.65184136695046,505.37332001210206,cotton
381.04419249236935,419.89383629454596,455.6217120957185,478.4027107175942,499.86382465237335,525.7036217881622,cotton
390.2281666023776,421.34707584400763,468.02147948157483,494.0010890495079,527.0256376476538,543.9482925137385,cotton
395.8548188395231,429.0269423928806,451.24108976675694,476.72893342200393,516.2148126609621,538.6570897485952,cotton
386.9961310619243,424.44237590844955,461.4734369532535,476.49058923653115,519.1390541338111,540.2382243173349,cotton
372.9554362602935,394.8481068532646,435.0974800007587,452.8136301069104,480.205786396216,507.96401409372567,cotton
702.1276282712956,795.6619040160494,949.4433280538296,927.2263696390416,921.5128000964735,918.5123075247998,polyester
122.41279866861123,90.4605139434273,77.04333853729628,69.56196134862225,69.2204097334754,48.795989319358036,denim
185.276328374864,197.01751336704427,215.61721811856995,219.7579327113821,240.17111116521215,261.017187831142,cotton
607.1081046376008,741.1678713014454,733.2710999150653,683.8610620211516,816.6434397915588,825.3062161007161,polyester
367.09914452097473,390.1593694268041,437.77484465929706,460.1901311988075,482.11902120249533,501.4753250001759,cotton
612.6764902735038,646.7006635334008,751.6848776144263,809.2580753709816,811.8074582189282,795.6823500930905,polyester
183.0794214180215,190.99403435842444,210.92193995534703,223.82076748315757,237.60391808197534,249.62132770540893,cotton
601.9112556553195,597.2965188169236,664.2144222530462,710.4085263497946,779.3375181699622,669.4336633492435,polyester
197.06990610533893,211.45122332242272,229.92516711859273,246.04845799427312,257.932868573938,275.3415743148006,cotton
374.5679197805965,410.38340923832317,434.90140807293943,470.19288684920593,495.51622906618707,513.1603406707849,cotton
119.65083633803698,99.2747246915789,106.97412591329736,99.76257622369442,59.09932960953917,67.8581425033995,denim
377.14924029158686,400.3278804256308,433.57346484893304,468.6544600937764,485.43436764336354,517.0307393100761,cotton
958.2935552329034,979.6399918361437,1000.0,1000.0,1000.0,1000.0,polyester
380.65040220916194,420.7161145763437,452.29389858077394,469.2346869261682,494.13192554201163,511.13888638300915,cotton
860.831930474547,780.9266448185645,839.8719556131254,870.448252225895,960.8157770738779,1000.0,polyester
183.54402401743124,196.54079880132733,216.3824596499381,221.86099949654124,240.0412525465682,251.47924874114153,cotton
842.2340684632281,912.7900235415984,898.6907328447725,1000.0,968.833115657483,1000.0,polyester
805.3236091961329,888.9499695912231,837.0048798387282,946.944638763732,941.5386719943281,1000.0,polyester
189.29444200417797,211.13338739681294,229.31663183941967,236.5641171913971,254.29928862615486,268.9793524635372,cotton
79.78210053707323,71.36706078408498,59.54151339278483,63.455946552125994,67.39457510056664,54.11337428904644,denim
821.8640479850847,890.375286776697,825.3148771028586,913.5823845536204,880.1354762591335,992.2195850927725,polyester
703.3335016203364,716.6439539101349,709.0168968909605,853.6514790742785,814.9616682229306,781.2621761181737,polyester
90.92524222586717,69.01235351040117,64.80623851290386,61.847557075145396,47.301609049078635,45.205481355344155,denim
501.8786950727243,529.141612993125,633.4391307763366,615.7157667085039,617.3102921991522,736.5804466164406,polyester
872.2716205839101,903.275301762252,921.906949542816,986.4386858301067,1000.0,1000.0,polyester
188.68835931908785,201.77554190621004,217.99264315960284,224.9796082286247,241.5598942760875,260.0154834058776,cotton
739.3563674477117,671.4012530642917,756.0914422098053,760.7005295620577,863.012240434184,863.1817342237374,polyester
64.1836764530259,73.12278239392957,63.927348827845364,56.86918597382497,62.33376989046457,55.9806079242191,denim
86.30228801303639,76.75661258490865,83.69356487994601,66.06776868117853,54.02145567944979,68.81608133414912,denim
867.7733412459578,863.8748455837498,909.046188690615,975.1254129836624,986.5093878616759,1000.0,polyester
377.31279667657793,421.0707381680191,449.33513815408753,465.3375785159135,497.6461738559516,526.1774694100549,cotton
579.1031846320824,603.54700244116,650.0550232764558,720.9576114556502,823.9354561284326,773.5855925667965,polyester
567.1253908826975,587.1147272805886,674.8981032805707,677.8791104028169,688.3295273891891,844.8560156805054,polyester
103.55357329933601,83.73109661536105,91.92320779067217,94.74607548123753,75.90696729596456,59.46530198830719,denim
871.5881717836636,914.6359910377815,831.2210362377579,888.3215508736594,1000.0,1000.0,polyester
179.4374333535691,195.1850534524207,213.6504616558091,221.6091411971051,238.24989654057825,254.2512369546112,cotton
936.3550980288351,972.3037811381004,1000.0,1000.0,1000.0,1000.0,polyester
356.27911788303146,381.81789634772997,420.0166530367446,448.03931260078366,471.75122089159936,500.17764003004766,cotton
386.00228839431355,404.16652439062136,442.7591337372677,475.52721729383074,496.67178920761654,527.7974243675606,cotton
193.57071786206146,208.26909074294983,226.81348735277277,240.64089294806493,249.2311220028295,264.48172594110156,cotton
68.97838789004709,74.12156700535223,62.283020827030455,58.66150699865432,43.85611543556258,50.80732047994782,denim
116.71666284896571,95.44533718971675,105.01287989457128,61.10883645542493,67.8421603583679,58.52075497336401,denim
64.14530864815512,75.50393361982313,72.4121596480348,72.943126306393,50.36601016999333,46.58141198864685,denim
91.49146002715315,104.37941259554212,78.52274128010808,77.98732025079167,47.244263708584725,57.23952806638503,denim
385.05673768267263,407.5789091546826,445.84137174514467,479.5468007919187,506.3717399401737,538.4456594418363,cotton
537.0030729627932,619.6499705040454,617.8371727926827,601.0449159907969,641.1220985123614,724.5244504724843,polyester
397.54716959377805,429.20434959455906,462.27432211782263,485.9524183652941,517.1394765901854,533.579518897975,cotton
376.6362940754186,398.58846389467675,435.62345120790525,453.0488088118217,486.49728566996816,498.61806016151394,cotton
371.8996625840861,392.29553811283085,428.2770164786038,456.5047318404242,483.13146173252335,497.40411242139226,cotton
83.98070130409607,77.2152162418369,69.9205398458636,73.82526858810066,46.55792492588892,59.31253527243405,denim
732.9799192385134,757.1265894795766,853.0887479984361,863.3696510930502,1000.0,1000.0,polyester
76.38826055216713,93.05000180755123,78.44602263596741,61.97618297730476,50.47699022705814,52.805111636238536,denim
372.29527125462914,405.21008220819203,444.0869917356782,463.39191537279874,490.6160000457424,516.3832010795277,cotton
864.9706339092395,846.4463592660834,947.8025757624191,909.8876836490538,940.0487606371282,1000.0,polyester
103.88976002374991,94.95263436334855,125.83754257087064,78.97596637829395,85.97168026950885,70.23745231837239,denim
362.595382564283,400.1973613102471,427.9887764483854,448.2470045293515,473.9014718444466,496.67577475784935,cotton
182.89606687336908,192.64356505970258,216.86791165599365,224.46712557774924,238.1480323469022,255.43994605767568,cotton
66.77064946002626,61.156625364529106,48.341340332757255,48.31673295376325,55.0573204250027,39.55994232415048,denim
793.8292643860237,779.8465431502692,892.6967347480096,855.3596002214723,889.2376342099209,908.9639449127209,polyester
96.43764709672014,93.4614736352698,73.84770362744975,75.07801442891787,66.73815978014885,45.80193966087221,denim
798.3075013190888,862.0177394754887,974.0469167773218,1000.0,1000.0,1000.0,polyester
100.38704324277099,99.21413966283572,108.77740461088008,68.24681949937927,62.37216265389792,74.96764414571747,denim
728.9613544275327,783.8470406297988,784.9828819688937,900.2136413942792,928.574719986998,816.8926754356523,polyester
115.51460503765686,123.95757903021689,84.68998156391754,92.14659991504334,78.10447732489384,66.977050531649,denim
192.4497117579824,205.5621609854222,227.61473424951467,231.07340886345818,247.75948535380982,264.31460671838863,cotton
586.2144347234042,645.4744186433054,772.4045277223428,800.6844555033084,837.3703030861,793.5775545078845,polyester
773.85635893359,733.5981195795619,871.4448842164544,919.5359545390008,800.4586078258495,960.6850924287528,polyester
382.53484734559026,416.1639953542568,452.7748739586948,466.9035792665641,498.9414719942287,525.7259029738395,cotton
743.2074575608848,792.8822795722356,894.1538159421209,950.2467696403361,962.9497656782934,1000.0,polyester
385.81672167218863,417.4456082941963,441.9463467751519,473.63691723288764,492.04960707670875,523.0174605575387,cotton
181.68745807149497,196.6960397029354,219.07636499804906,228.04119453425403,240.4887492863809,254.87713986636328,cotton
894.4981933665011,862.9771943586637,825.8464497831739,1000.0,878.6555545911359,1000.0,polyester
538.8398144740373,677.3291025516468,598.5972602708619,630.8063683458847,705.668086345913,712.2078682283825,polyester
394.3533088778942,413.96665171961206,454.25773160657104,473.2684140920117,516.6173142928593,539.2515790578882,cotton
71.01642728665142,97.12485136852624,61.91023692586657,66.98047859049495,40.635273952906886,53.35350887127632,denim
555.1333442215707,605.2081292362813,660.9129376250006,649.6483202768657,674.9110704762425,732.1171711485318,polyester
73.32092840873496,67.58672416014291,61.2372072479605,47.95985653391317,61.05683332440424,40.590269722051296,denim
730.9239376605433,786.6143777180374,897.2973408267054,922.2680867445013,850.8472391094853,999.7898773152795,polyester
73.27685516737073,62.25711189245162,64.98777552769737,59.92686518593877,47.51432721031378,33.9591394730148,denim
119.78846219006971,106.13841076497798,99.66502456813403,84.46998320646033,81.72024944343582,74.41573980165073,denim
740.8103219428624,659.1149032961404,721.0659401502071,745.383462454246,813.0187408416607,864.1878844526301,polyester
366.4721301421848,398.3196445596919,434.34488964375015,459.7016424453441,494.74117081865916,512.6945452964236,cotton
951.9725367328373,900.809389274123,862.1438460305785,1000.0,1000.0,1000.0,polyester
195.9243314293336,208.53900855210082,237.97484507241504,239.5764544248927,258.7841563547641,273.33140416472145,cotton
600.9917665547763,577.2243511337435,622.6383098037674,736.9167528983743,722.3967044836113,773.9273112509387,polyester
510.79257823959,599.4451104530173,626.4018853809955,613.819542856462,695.9146166123322,737.2578677633492,polyester
105.6218943523679,99.17472865293581,84.2152041185076,95.00151879750493,69.64448829025913,82.26446003656291,denim
103.5656257964807,77.31211187383549,69.23915287716822,60.74121108915475,53.04318646281263,57.99356155197449,denim
198.28725644911438,211.66372211068153,236.66435117671895,243.6700470957465,264.02221451626,282.22677809703214,cotton
383.9364665787925,432.68214497497536,450.44742355132945,490.08712274718056,506.34658153618625,536.3169927622498,cotton
182.07129457970706,206.30933536653797,216.2071434520104,233.03728077464558,248.8623621585504,260.17205464993634,cotton
121.5121064216312,98.45452207258722,84.136576927323,73.12904544326084,80.43148983119403,68.08812186067055,denim
81.81125385737684,85.92105611613312,68.17546296953522,54.42640126066741,41.11335108170073,52.0576973543832,denim
126.3576438504145,107.15875532227604,84.7370861861607,80.61441639289664,88.74329873318155,73.96054547541749,denim
397.6243883453791,420.09736473793254,471.4798874630402,487.67222451715895,510.10719209929226,534.5620582728207,cotton
377.25448097529045,408.8451837370375,458.1342088651101,474.90364318584363,492.3925120972362,527.9156903735728,cotton
180.43821929051728,197.99120139094876,214.2524019629036,226.72410803877256,237.10975077982653,252.17278457563614,cotton
754.4009038529496,849.3137100657323,899.7863968400407,867.5680048211954,962.7754030618014,958.200077004805,polyester
386.60154605834185,417.0765153942168,468.74813273833485,472.2012504536534,516.1084677664418,534.3096743504955,cotton
816.410819055729,837.6908065529478,940.7200834018015,868.3649891513224,905.0548947171786,1000.0,polyester
868.2180918104254,854.6677985588028,935.4466470113884,1000.0,1000.0,1000.0,polyester
192.81520111136385,209.75040464520083,232.12165554034553,241.98193985343352,256.19404474949215,274.4764427561599,cotton
631.8108189393964,735.3108349661036,721.3251660340853,715.5318739036466,882.7677635608837,914.7310336368608,polyester
837.4551396447597,736.7174289573468,914.5312689173799,834.7861212158962,909.2249927178667,933.5024636014443,polyester
196.16264124609893,215.2155969230171,237.7362395354004,242.4165026369077,266.15854683341,273.3839714177426,cotton
933.9705706652854,898.7893195663864,906.2759670640304,1000.0,1000.0,1000.0,polyester
904.6067998635323,818.2850862155045,1000.0,981.1226700941013,978.8470966299483,1000.0,polyester
186.02398731280965,200.67251855226743,216.56070944377743,226.06593224360168,242.96976705700152,262.98428341322534,cotton
66.1532664689292,75.54974554597875,53.661221077037,63.22546099163433,60.076665115528584,35.27057287001766,denim
827.001924999864,837.6737461117472,890.2210130655645,922.6586405181253,858.0057589178173,976.744187902174,polyester
389.63316541427264,414.8636186994142,445.57907757559946,473.0354397761715,512.2062605436003,530.8712967809639,cotton
682.5438140096975,785.9966066398351,885.6728757409794,892.7068806651513,879.5731614253549,987.4653844267469,polyester
364.9835093476203,387.19017193707856,422.05007530958324,442.6936280632936,474.76408650715865,492.8026282299781,cotton
609.8661425126329,685.069183587124,782.8230624657367,843.3354897854412,846.1157633499909,899.7094939904242,polyester
77.75652600810675,70.56028887691609,59.3929472370902,63.36092906685904,37.98086559647516,51.78808257163984,denim
97.03745780948576,82.82937712461987,84.27799111728451,71.26222292055483,60.6160318360738,44.362268509583245,denim
778.8161268992521,818.7881745741131,821.6201784991144,918.37783855598,946.0601349749913,860.8207914345986,polyester
87.47296124676697,67.01746496115742,62.36959825026233,46.31057778673232,41.6591389044984,35.739512431605206,denim
576.4954899447762,587.2165545972936,645.0603902874697,603.6500683466312,667.3017394715035,656.7198098517966,polyester
106.19559583415939,77.08744053933533,59.924796889134896,49.45737621974172,42.220767261126426,48.63932252016208,denim
903.0204944428654,961.2192151004132,862.7674112463974,1000.0,978.7971918581725,1000.0,polyester
690.2286058023703,684.5546551583262,722.1335392807736,774.9224292113234,802.6676976245597,889.0129326362273,polyester
199.91636841555302,216.977705008667,231.83119600615524,243.14704735727813,258.45751666415777,275.98084702659327,cotton
114.22546142834194,91.13173094624584,59.77218374154731,68.1198486727092,77.54992655289095,73.20250045085882,denim
396.079026891294,425.7311647383033,464.41415640445416,492.53981015629887,513.7226110294852,555.2070086104773,cotton
390.2082447589062,422.9263700174412,461.0867458047107,474.23163829871896,495.52517385174093,537.7079385172262,cotton
185.68239303347696,200.87235857169662,222.44938926175712,227.71476503026932,243.8580456925186,260.30897687121035,cotton
773.2280298288798,875.6452594757437,829.4170128664157,913.1913901458793,1000.0,1000.0,polyester
375.7975943342445,393.9525148234339,437.2847006308816,458.1875256286441,484.7260407410387,499.5508847307873,cotton
87.34576355797036,62.72782929209596,59.97033448538059,53.63943685141839,50.91616566684941,51.658420839479945,denim
183.96905881964975,198.985032329246,218.64495363417763,226.68407275906682,239.74299438401482,257.02029686704543,cotton
626.2311877964997,748.6515504333453,672.1554237723528,805.8082351909904,763.8906777147188,808.1679492294563,polyester
387.4206764668819,421.44118579541015,442.59892678268653,477.23241432698507,495.345090333415,524.4900115910323,cotton
400.30663294514886,426.11286478728755,457.0447531008033,483.482387298325,508.90302568768294,531.2168992439933,cotton
373.1202716847517,401.5754052347924,444.82786381771507,469.55658243683894,498.7454255300632,514.5087268848783,cotton
529.6000327005232,667.7909775652,617.271594303799,640.7141965563349,754.0449390889117,763.2850645558652,polyester
736.8339176835107,734.6495386187161,816.3844308020132,756.9358043801064,815.594394236202,934.4523796950599,polyester
112.66429788610594,78.2731273611253,83.90671237636832,98.3959665318426,50.597783396815885,41.12839055386175,denim
684.7274467093563,644.5872809966677,784.2039459083549,827.0087012942342,817.3645076123978,751.761421470428,polyester
77.05197398163085,68.92113376953819,53.210795381581065,54.53519701856356,51.976603934924924,58.86175744730574,denim
878.454815878119,889.9206395042908,937.1937250018348,927.9454247021616,1000.0,1000.0,polyester
566.4994883162482,646.5215414989584,642.0661469320747,708.8467234672225,748.1124580645815,801.3108512487977,polyester
395.75764204584607,425.4078790847705,466.008340492358,497.8385938180049,520.9618285307638,527.2352410805937,cotton
188.14633277804822,206.79261223841715,229.2761517192318,236.39192440044798,252.33462261967355,264.40326241334736,cotton
373.7359192030161,416.7215998888631,450.3380466656011,472.00256565980095,493.0494602810232,527.8040288454379,cotton
194.6968912836982,220.27353005143357,236.58949107598133,241.47481210869208,264.0152621495036,280.5827605680739,cotton
374.46792368822173,414.43022175698593,447.0941312838364,478.55687156299393,498.8692933795096,512.3387610974528,cotton
66.33160331971163,88.2622142714536,68.86086435740609,47.44045748698969,49.709791478441254,54.11795205055424,denim
382.39125388743855,400.785960580573,441.11336703512023,462.2690293877355,485.13164729140766,513.5400930991459,cotton
684.3726369235269,652.2805450112887,694.227509527114,674.6897348646594,785.3751014595146,757.128861507266,polyester
752.2748067227764,719.4341813652578,815.0653616382934,877.5477025074882,917.1869969061952,1000.0,polyester
133.45068381251212,107.97251767274585,92.01514697052711,95.53607912738829,66.47338573770033,73.81982058816229,denim
95.28287370895185,71.47041814533141,72.73719485719204,57.33966883440692,53.80573599084658,62.95528235682684,denim
136.01925516947168,99.4889542123278,108.94723883872072,92.06094728113527,73.20805431371828,74.11651104090807,denim
180.41336335815083,199.65215930418287,211.45153561836483,223.16978465881013,238.08907730605466,247.17353354456463,cotton
377.61658641563287,403.70460736913276,437.5895699782976,474.79412012513467,491.1467314685479,523.2713306270877,cotton
59.801067716611485,61.59375533419019,65.40110109806392,60.774087007662864,57.804465788913014,33.85512327943812,denim
94.89201246537473,73.43541051635331,72.98472228965791,75.163308038856,49.26513239905658,40.09737177709834,denim
766.3355358978828,774.6809170125263,942.9746240427437,992.7313432366569,980.6379624479382,916.2621460211217,polyester
104.39240719492213,89.60665555219937,67.53246108984037,53.47220803119916,60.98027053291589,44.50840713424219,denim
90.01645095626488,93.82576898138045,88.60687230769915,77.92444052904662,55.46637353559029,59.124110189449944,denim
118.13910361984787,110.94281749410064,87.33475714430237,87.07048224758984,72.26388455933267,70.65665999712317,denim
192.78301406638718,202.5346938098645,227.42039395580508,233.20592586604664,257.87256483711343,267.8565551288511,cotton
652.8315748724963,736.7903365527493,775.27815760516,788.4682454544336,714.2533790814441,756.1365223902462,polyester
671.6029337231338,714.2265790784827,861.7893653699333,929.7374741812047,820.2806170237806,842.1422677713227,polyester
832.708151423733,1000.0,1000.0,1000.0,1000.0,1000.0,polyester
730.1895784256639,738.1277840629523,762.0611896247046,793.5696495123686,873.2077556814663,842.5351436601892,polyester
762.094156135143,841.5121687181495,975.4270753515527,1000.0,991.2171309788692,1000.0,polyester
383.9679765211988,416.1885420641109,462.7396713589697,475.31357887264755,517.0885226859453,534.0326828610516,cotton
393.0320240650488,423.4649738702657,471.0979235235034,492.2218850065194,524.4373907884096,554.0992650484438,cotton
550.7506543444613,614.6413498169954,649.3363093941567,590.9269844603455,644.513824985995,732.2040949418184,polyester
398.5497938958284,427.64090033248954,470.0275696073469,486.5413928109951,530.7221383159925,541.2334846288273,cotton
378.08134133216123,407.3717454953057,451.77632298040135,476.22733255989715,502.14969022565055,528.4759627318289,cotton
108.12777825395426,95.17247885218696,79.76084121913394,70.36510753955089,69.38326741131785,66.3371961087483,denim
88.99559402375121,71.09810742069833,67.48354926350018,65.02205855527806,61.04682522784021,57.34513419674332,denim
717.0564261625145,723.8787684251688,700.0854733475614,839.0091017240397,765.9898293017224,847.1521239073511,polyester
534.1339019893906,619.0839186467459,610.590279113681,614.9989554503868,614.0249578363147,665.0787575657372,polyester
114.81387355246886,89.99727400920209,91.20928195952966,90.73168097084822,75.86965840103743,44.08471058460526,denim
393.71715071211275,416.1394651794323,449.01483706517917,482.3830610885537,512.5347807843996,537.9919298832004,cotton
131.2731347648207,110.32735136971887,106.5670157999356,90.8691517411627,66.92825238488825,59.349673426423585,denim
602.4975660547369,566.0646076212869,579.9422616464885,687.4021318420167,641.0660479873794,709.3272479356447,polyester
191.861724030889,208.7803313233181,234.8688907718921,241.36785642657458,260.9499002038377,272.3558742176107,cotton
388.71301978338033,428.3545206152943,455.25512665078674,489.16629987894197,511.5652324132468,532.3125715943984,cotton
78.26589471008502,68.30344277667722,54.27952486778018,60.50154030757241,49.53497940222647,32.921192146637544,denim
192.47190802088826,205.91436626048136,227.26497535816614,242.57891749827817,253.76355502032715,267.0409832033736,cotton
104.42151050973104,74.39071965053803,74.79142183468896,79.92416167795827,57.81729577113748,45.87779154698676,denim
132.22944348626308,85.97941819152071,98.34403136842693,63.97639206571303,85.20314368192422,64.85846951775838,denim
194.27412027047473,201.8989789075703,221.0321820232692,241.99437421886896,251.6892794231457,269.4367964827617,cotton
396.61336509730285,417.85695260836326,452.9657511799907,490.5919889565086,504.0157583864753,537.9183753734823,cotton
692.4690916929676,598.058066914959,646.0280534192938,764.2423694312359,728.5936413754081,820.8119063679103,polyester
96.19683716314769,67.08734692665166,75.49010927015006,76.74987579474268,63.3108369792091,72.2364511176488,denim
372.87927724828523,405.59581206561273,440.13858391306235,467.9966465487589,476.1470477121441,513.5968101943622,cotton
595.895011746063,608.8967503503765,654.5026665979235,751.031098486315,783.5610329270733,705.6725407862045,polyester
103.65933212585468,87.42398680443499,87.73087989772634,88.82647060374548,56.50275285040442,59.766622747247,denim
72.39668691515206,64.42392558440109,60.11131280835704,67.73186430123377,47.61608171059433,49.701384733230284,denim
110.58307357446064,92.10217330645027,90.02813026692064,93.4602182341233,84.31928130909036,76.01541596766167,denim
98.20044977825319,98.7704743349978,80.43844203501502,87.48510276920867,53.66221381487627,65.57552976385551,denim
101.71361519011813,85.16868032880028,96.95950646212758,69.06489293035155,61.467042421857315,67.89330075235692,denim
93.8504420314196,76.03840563073102,70.93828736031432,67.42363452729427,50.173759854381196,55.84967424784428,denim
194.75718624819334,209.49545360649847,220.11362996614292,235.75171975813439,249.49880946681205,260.6346973444409,cotton
746.4586270648299,793.2553048439594,759.7479133636675,895.3228116056301,898.1276689581779,966.5326382891118,polyester
369.72473680390857,405.9689386108834,434.86851341505326,475.32971496987375,494.8583961801544,506.3379979605367,cotton
641.0935179288051,765.0326853751516,694.2820460266629,770.691917514159,873.4064651146697,839.1996466019386,polyester
731.0566888324685,857.9692969753648,782.9919063106184,893.9768792671373,830.6530156450146,908.4009518688331,polyester
778.980081780609,835.2106662844425,896.3501131780313,973.8644998438737,935.8465550437166,1000.0,polyester
385.6764231339981,409.80136244317714,455.74547590127605,473.96928317106654,512.39763453502,526.2795052804407,cotton
384.4276363477816,411.5216451566388,444.13998481871516,476.4946486249398,499.21941728371365,536.8128948349467,cotton
675.7590408295166,683.2928838912997,688.8464285921215,829.2640838730935,752.0173418081814,870.6367511774408,polyester
706.8403230349234,654.2772172882786,805.4171682700638,816.3429182890243,722.4929553646253,897.8571718197962,polyester
399.38879630700694,423.04968767652616,458.20395417761614,487.7824776891957,509.3421574363871,533.6438136757821,cotton
89.79199268445642,106.88858205765449,110.7298509288897,86.80019595712078,71.88131365824236,66.13292572381874,denim
106.85502804591795,74.76273219061324,91.89128955328741,85.60856246974913,93.74584742152285,60.366012595809,denim
663.3212231152218,615.8778021834225,714.5091517551248,721.6185145647315,765.9758818426164,832.3414024924189,polyester
536.3598898529118,625.5348444115533,673.1955913537794,617.5164743569886,715.4021530419654,733.3242176756639,polyester
198.10739941664164,213.47991563307193,231.89296206321245,240.57338225179714,257.3215207649211,275.27977534993994,cotton
874.8036682972464,951.1432637916078,1000.0,1000.0,1000.0,1000.0,polyester
96.99352329517481,71.63878568701664,74.85411423427331,67.62067479107253,70.24035395366772,62.58351337262563,denim
652.9152911376952,664.6256976845775,738.2727428029964,654.1801513055752,711.7698193623231,745.5647060830256,polyester
117.52980256741104,99.94091249754803,122.83520045085781,98.18498739663264,73.81559031351375,62.32164488686145,denim
770.0954534411575,979.7731634968706,869.0866275833869,965.0755282409509,948.2787270710405,1000.0,polyester
93.43290553225351,83.73224273144591,89.6796568397497,55.77161626643752,67.37793232490316,48.20044317275271,denim
184.49616322932587,195.27256508466158,217.2175918886034,224.55416187250336,246.944418966184,251.10782141268646,cotton
90.40653371778006,54.97556445432108,63.528373363607386,49.018787154330624,54.1115307768782,54.467450055410225,denim
112.25656424149835,102.07888840852901,99.76712842655134,82.14205114406897,67.69196376178877,60.39215264360204,denim
751.8422337008411,749.4019093215893,758.6400043217625,813.2481754379778,941.3285715790122,894.2806992553407,polyester
623.5767656842388,631.4942827748606,686.6476668237254,752.1758788208069,798.8501141572891,813.106770846404,polyester
104.99820862823461,101.19094295510712,85.6392438491202,80.3330425149008,58.474145927400144,48.84021873242051,denim
376.2684331483583,403.8922972504118,436.7992509816116,467.97756426085954,486.4632139091398,507.4517615658626,cotton
378.4348222487624,411.35578419595026,444.26179153068813,466.9812996309491,498.6328419185485,521.9665203024667,cotton
189.61781764658332,203.32347094558185,221.23693535257317,234.15999774341563,249.97796976828656,261.0035948312769,cotton
609.1157344426467,609.3986617080704,655.1160138698467,675.2135376523205,661.7013388596584,693.3312687802265,polyester
385.9719510989541,410.1787362719963,448.61888134894633,460.8441482030051,486.5024396830592,518.0907240982231,cotton
77.10478839716203,55.055344477410614,76.02430659132247,63.259639455791515,48.68115290171823,45.553020343974524,denim
87.8951338859674,70.312164591564,50.71995205409026,58.149298558693594,45.74479665029935,38.51909522591472,denim
507.9147528463853,647.7947674437158,676.5684421222342,647.4104190326277,744.8080785024663,728.8740385490371,polyester
56.45463503763851,60.845795535885514,77.04285422425282,66.83142200036897,38.671795740800995,50.783008904366476,denim
393.5667940719284,422.08725397097965,460.132639673732,485.81062270132384,503.29296772007103,542.3499770422477,cotton
808.1139896432154,958.7878305566431,905.4842646598266,992.2227578886161,1000.0,1000.0,polyester
188.48807847592624,212.23042028296584,222.7678857399992,237.43394524793177,242.45348761839745,266.0914767062817,cotton
188.2291533349137,197.53729949173777,215.9973241998468,230.8180565000068,243.48814046118457,260.15756975738805,cotton
198.0486130538912,204.6545849160353,226.88942312885607,244.03797345923851,262.73309256596934,276.3573551002873,cotton
392.70908234999047,425.3674088263347,456.88509645900825,488.19140480436363,506.812859698567,523.876852703291,cotton
384.15698132198963,426.30506364768297,464.33432198932667,475.08191332878084,501.55498208611107,527.2098880159,cotton
110.00267520795168,87.32965477438387,78.64410806063398,60.54031951499718,58.23640906060313,63.61218159366846,denim
96.88382881608462,74.9454291075311,75.10470986868657,75.77798872017583,62.538344804792175,65.02135551599584,denim
399.79185251829546,428.0186127282284,467.73055084996776,496.8846693271762,514.2821268893589,543.0329587458027,cotton
190.0534361694091,208.56645056785422,223.0787286419071,229.52311951067935,251.73100438906405,258.7525725361841,cotton
735.6944227180279,803.1569036661126,875.926538098353,828.6333052809033,830.6328201276916,861.5521795091008,polyester
548.4739676622647,614.7892522030658,614.5822970926623,647.5914053324669,682.4241514493398,658.4527318559111,polyester
191.72869588872447,203.9230050963617,221.29143475075708,235.7310816516252,245.9822676990509,260.5078070681766,cotton
189.81831758487732,205.8170968436921,219.8573568250335,223.06633670137109,245.88660866874403,252.56251669541317,cotton
126.23857446339646,98.1741901890228,90.21863081557196,83.43774305475655,59.65835988794781,58.24692539651533,denim
391.2284991389923,417.2840494906972,456.5120710386741,491.85460605909003,505.8522095443072,543.4719831733781,cotton
584.758209879782,585.860047384642,736.7047410872568,760.2074823254891,753.331781668979,790.119184845019,polyester
95.83046865062892,98.19962413771097,74.95260417503253,73.00471174992646,55.95413197565788,32.20334484207186,denim
114.24358985422683,128.97858707994007,95.61647069007485,80.37699785146458,78.869861895546,66.94251766515836,denim
187.2837695674346,198.74791793687228,223.7825759860484,229.11329117416554,239.06764551705413,260.03236849448473,cotton
78.14844252697169,90.36356835116345,81.7040869557427,81.5794231908488,53.304296630135994,52.72237807079958,denim
104.38162997358917,92.12456782445321,77.43922834128779,80.72432395538772,57.07191097617668,60.79303009994518,denim
126.14360388054091,133.55831838724822,108.88625371311946,98.97836532249701,64.53561534219406,78.13444749910418,denim
784.6034275962976,999.2417018109041,921.9717038431988,1000.0,948.631454392785,1000.0,polyester
100.63658383298916,99.8102926324483,91.2126084683936,91.8535754260422,72.19750511834995,74.44193082676624,denim
194.53303402120287,207.83912621281507,224.58758400518414,244.25502474637864,252.4018265791432,267.77239235413475,cotton
540.852092438878,586.8902144833405,623.484950936575,658.7611544202138,702.5085347911448,676.8202954741425,polyester
76.7012318974238,63.993144077554284,55.58319408421252,46.89800002944604,47.66220216219004,49.88525843907567,denim
90.69177875998668,76.36562078809281,62.9525031873034,59.47853674680145,53.15846527069857,45.7183903150382,denim
568.6995502153451,597.2923821773464,656.4465700008092,736.0181381520366,734.0033314004377,800.8358785381504,polyester
86.27017252418143,68.60377722170752,60.76891684280214,63.81355748390451,65.59098676958274,53.21002070441163,denim
199.09682056014813,215.2095932162881,233.22309240281663,247.3338395597513,261.76066438401915,273.36693330292894,cotton
735.6479440913479,648.3077822140594,755.1446260483596,706.120530191802,849.4172404421666,798.9639715057948,polyester
195.43569448959212,210.07015148490242,224.94832167506343,242.55267039606142,249.66263879242666,265.6911071596151,cotton
120.98437434776682,116.9473614138681,99.53873783080954,94.09057450060321,66.71965527077202,74.21170866865512,denim
81.62509625490837,67.92661355280582,52.82569416799884,41.78978565526084,35.90050884234072,37.14125842573729,denim
77.0365417123158,63.78912754450247,48.73514423581431,54.659903891910155,46.81427124887818,35.81141383404897,denim
736.5052243268664,784.5739378905097,814.1325477638355,855.9754173096206,865.2754399702826,850.4042761686679,polyester
378.12238234152596,408.4369514427313,431.26580450605496,469.2576663059553,493.22407705296735,499.88413059253674,cotton
196.70656736528184,211.6487189377073,231.12527289976475,239.7347319413302,252.74019914201418,271.5710833370402,cotton
193.2463498823773,212.37327330669478,230.01147944900723,239.7841366493766,249.44373151309404,274.54907768179766,cotton
630.649351326197,669.4466505473972,700.8740124866744,781.0873007246247,779.8478978264433,832.7664936702485,polyester
790.6692654981582,752.5755162583426,912.617274141589,867.5535139537737,1000.0,960.3373985112908,polyester
929.2465060707397,900.4143057515408,1000.0,1000.0,1000.0,1000.0,polyester
375.5808504366102,403.6146296732185,445.02310029774105,465.97628174698104,488.5284020999147,509.1314727079893,cotton
100.89358866004575,68.08468120936024,84.89214126580643,64.543792114127,62.47375408285087,62.3196254126152,denim
879.0234531609384,948.9089028422906,1000.0,1000.0,1000.0,1000.0,polyester
378.6492910829403,416.9160331331355,439.1724078546372,463.7803348362397,503.23327031439123,531.6096752400358,cotton
191.72603520462638,207.876321630005,230.5646800543444,243.8900350082587,263.2510159985306,265.85442719618436,cotton
188.96763510471183,204.37452254798995,218.9078698179621,225.02899048073215,236.80324289950866,256.120392019493,cotton
200.73281183165963,210.42913854582918,232.849572581428,245.40451188584473,257.1267274363909,269.14338829993835,cotton
188.9732859272746,198.32265951009848,225.50348714410384,239.87813588752124,252.03447440200375,263.50493404891984,cotton
110.45173914953804,94.97943943107134,107.54425910164798,91.30373649482112,84.58842164104303,70.91870105681221,denim
83.002702406511,78.60865870854946,76.3163180264655,72.86372727089565,56.37281020961212,40.59601577764606,denim
529.9642052032523,573.6043740962745,656.2103364193848,676.7138920868299,684.2378249302251,710.1270553970642,polyester
178.72179351541848,195.06567223493306,221.13207200944615,226.94074177081626,241.1418953652351,261.26533321141534,cotton
405.3962245114486,427.0572215128372,473.3357698660571,492.146233597463,515.4637590150949,546.7591244030699,cotton
118.28228035989818,93.08861063496845,72.54148711310685,43.91085972622919,54.78002298449593,71.77363815362291,denim
660.0823243789766,639.7915965309053,734.3908094427625,782.5967403098373,713.0363554310563,840.8153167836276,polyester
770.7496937743592,718.6457089585452,862.9677624978872,760.2113269936408,872.3648479633649,918.5653260729085,polyester
673.8647023023289,644.1978351461091,708.4503477718555,845.0289723371762,800.8440108164167,804.7796998536078,polyester
66.59334924289242,67.00672870889692,72.12316428986024,60.92967958956586,65.66396616894815,59.15434642987163,denim
705.3415128080803,744.3034328727276,710.2067232532135,797.3476095842033,887.5938108925477,839.3123486743597,polyester
192.50481524456268,202.90429664948874,227.8032690608078,236.91828342267087,243.96020505839985,258.6237603214921,cotton
182.7883122822546,195.26125521687916,211.79191362839774,231.1103157972422,245.22012388534986,252.1292200247682,cotton
200.52589254064085,212.74784711871578,238.6371054623537,250.1715769365088,269.67956668840606,274.98609281263776,cotton
397.0589283847639,429.40112494689726,453.3881698297649,493.49021812956306,510.0972840689368,532.1721260571206,cotton
769.7594645627946,787.3470011446335,790.2671775193745,931.9459846164258,910.1877763239974,950.7458953985704,polyester
556.1828361361623,592.652291859901,605.2182283666132,657.4016874653599,735.2760690075959,776.9603000028295,polyester
63.710901730483144,80.67493843809672,69.10717249625371,46.290228757035635,41.65637167179795,33.26798113062935,denim
84.26567374108893,99.03511477189502,92.18152447845763,75.36714870837348,75.97874649339269,70.20718356041343,denim
96.20206795552218,77.00435837423545,72.93246992641224,90.40207210125195,61.532946016157446,50.74360627549386,denim
80.59526923781219,74.62229444286216,49.27674341270775,62.557782215201314,48.36012554892166,49.7657055105423,denim
363.5227158806233,392.64531763270617,422.0475002851191,449.82291227502526,477.092979040342,498.97184866627566,cotton
366.35895533012757,407.76524279990025,442.8551876583656,465.6745231519364,476.37322300925786,514.9068812572118,cotton
102.5153740945107,73.60361489655392,84.13884001617328,72.56560671636066,69.97670114726155,52.17382127550982,denim
88.14484973559557,58.828663508017165,69.0948942048435,49.472770039782475,64.41346663954518,44.45629358727571,denim
392.92885708628324,428.402017472685,467.6753759984092,483.642467864474,517.5084717173354,549.664276992173,cotton
112.57652233170947,93.86897448976386,85.31786011642387,79.95701369535327,79.7520215686869,62.85538407597937,denim
743.7980952348028,872.9047829157829,849.8601217867064,804.0140121563174,873.9508061989254,953.3728505030459,polyester
375.92864950457914,402.91926933426333,436.41271277908476,464.58466074565644,505.1978319906625,513.6479400504426,cotton
394.4508747293361,433.2296205818552,459.8022830065955,487.86737677618396,507.31611606557067,548.5212872451733,cotton
751.5353338153946,915.0062273576954,821.3977221257405,867.8897214418683,969.6860845022637,1000.0,polyester
192.9094066459543,217.82518350753787,240.9112783460941,245.72691330846843,270.87664447129606,282.6551476743883,cotton
942.4609602144697,934.2392243253402,1000.0,978.0623688366452,986.0806564130337,1000.0,polyester
105.37921564947473,86.80554670543872,87.9655788680854,76.07703743040592,66.38934468676149,58.85205941639899,denim
758.3318937691486,898.7590339798919,874.280851460629,947.5201990377034,1000.0,967.7439153472193,polyester
96.43438413379188,92.9852476956999,81.44708756415712,65.52922409145273,72.1714142462134,45.299675230248,denim
92.15759951266647,85.59917546807267,65.72762526937545,77.56071501660513,57.05325230975376,50.76307893255505,denim
95.8887808467196,110.94317564537427,112.3565209292143,104.08475050077223,90.26556610999282,62.656301336283306,denim
857.817424977612,842.3532654500449,920.573421836414,933.3473064479494,1000.0,1000.0,polyester
182.30012746281741,201.87104550735543,216.41323942809723,228.4428565531071,236.70052900752302,251.94872260148202,cotton
192.1684448338152,204.1509860916373,229.3940976639177,230.69802926572086,252.23987130850858,270.3964763966446,cotton
367.70815137719825,404.45456464318465,434.86615089847004,455.69480651463726,484.16079894644866,516.8320131733838,cotton
80.34836229431751,63.04807002920982,64.10626955810021,69.65465027750817,69.1594595360255,44.151638579710266,denim
368.4122464024642,390.43766602566683,428.9848611707519,452.95320948633116,474.20201386895576,504.5508141641945,cotton
703.2340397180617,797.1198177891598,809.599029532319,740.0997811333914,895.76313501643,852.7859325019471,polyester
357.0476890279967,394.02128722319736,420.1298043553762,447.13839978296346,473.6605167313779,490.0177547742652,cotton
119.37782849976995,95.80012813342735,77.2264445404502,64.72754616098302,84.77377283048008,62.35370869341882,denim
695.8508470063209,658.1462235766971,778.4080368763217,707.9342573159441,754.3812509733941,867.8373489791688,polyester
187.02582564073774,196.92629786243015,219.92231846656267,222.13127604370706,242.1251309190581,256.6967161271592,cotton
852.9549990523645,777.0738919107732,894.0738779144376,991.8763455085234,1000.0,902.2172308827948,polyester
105.75923109908716,72.76012299496705,78.59459320248766,61.656117284692826,67.62513850091206,64.28902486825444,denim
814.9076892232695,778.2839491807596,850.9637089456616,920.6564523092892,1000.0,1000.0,polyester
65.8005510912447,98.78795350266944,62.0953888835516,49.81838481831848,53.123103556235485,54.39472488181321,denim
113.39857794053566,128.31243166733202,95.55991162506778,69.29218010008398,72.14336827691365,64.96811106731727,denim
670.2548439872054,673.9497867639582,752.1209654204266,730.8815677468474,776.0094262446594,780.7387694372678,polyester
565.130697435619,584.5507781420484,590.7587359309882,672.3512738725981,667.9394805302754,743.7552850677041,polyester
184.4387936670386,204.20026711775446,220.88625285046763,229.8099431795388,243.877434875538,263.9768161824371,cotton
757.444469054858,726.0108758871451,813.4066968697415,819.2549284731194,812.4130275945989,818.1729528069783,polyester
826.9386045568378,811.0159769459749,807.8825829813019,819.2791901293855,875.8954190920517,1000.0,polyester
794.6280124096482,864.6019952705369,921.8779255519657,1000.0,944.106424345796,1000.0,polyester
188.4801738531937,203.86635821145973,219.77841561578947,233.32176133649034,249.85838155880606,260.76732431620803,cotton
824.3409744236637,836.9455090610252,896.1031884546668,857.8826726461838,1000.0,1000.0,polyester
180.23013447353102,195.91199056036197,218.55958439544116,224.93967808239697,240.41075076835017,251.74475049284288,cotton
511.8758905735851,579.937029973136,622.1199247890946,604.9849415234257,702.1258761260007,672.5104394949954,polyester
199.30504653908915,207.98373457554428,232.7927038489549,240.9841593045789,252.46786504414953,265.5958550901056,cotton
646.3189363256014,644.9642535047027,805.6974312589822,769.0359577562833,884.6009868034159,840.054379162819,polyester
106.37234486918526,83.60143566014914,79.63010277928737,65.85773473996542,64.46485524955706,51.86906685144565,denim
58.864904202835554,74.85393524373204,53.13136981805505,69.65749213641762,42.9410825479547,59.94479036417759,denim
782.0811924517166,818.2882171235436,903.1468889764233,986.0876763837849,957.8139896637472,1000.0,polyester
560.1737976845241,653.9649646503376,639.1127399781461,680.4600324517163,660.6553187709668,671.7297786007173,polyester
183.5491020116726,194.3749158094751,219.24883890731982,228.42228290685617,239.66833586608462,254.03041035532092,cotton
97.76782984595644,83.61541265063586,60.58461259624544,69.7731166625265,49.170728626344655,64.41094056829695,denim
109.86530075214024,98.10495324284116,102.4321827778017,77.41711274418465,79.4256203324122,70.79951962020331,denim
518.9893321485813,536.0267364568416,560.0243033393238,622.2598469423145,604.1224443273035,714.1954499478736,polyester
186.59752048763278,198.11354648973574,213.21904948916037,234.02308553359993,237.51786771564673,249.85621442540466,cotton
966.0518454827245,935.0341768163104,989.2432215054997,1000.0,1000.0,1000.0,polyester
82.50914410640623,68.21134494506624,79.8240776453312,65.33845084291765,70.81683669305816,50.24002709119645,denim
382.1600620122652,426.38640835585375,447.68219803726976,476.3069151891697,505.22241534283853,534.1518507258751,cotton
388.6257681334334,422.60153088111775,456.8863097991198,476.06585380477856,519.9736649751937,552.7026804288223,cotton
200.76841092429967,215.2197227228294,234.3013427130653,246.01405699650797,252.10537735688044,273.95550718828576,cotton
106.27013024423034,74.77138288005726,63.09081163736964,73.30226853014287,70.69412422113822,52.266037448930774,denim
197.97209137907,214.4136455154544,229.577154938013,241.16962471770452,256.68383354598916,271.2915341152259,cotton
393.94542379149686,424.04324080869947,456.45837982014274,487.97653678994163,504.7770766943458,543.4369725439255,cotton
84.59304206649989,82.6723392198282,75.51235450618165,61.84994579615969,73.61035485975115,41.35470985512133,denim
830.747998479871,960.7380584231232,955.1832432331721,963.2794487747216,986.457614022886,1000.0,polyester
588.905149176525,575.8649898727393,586.6815332387276,656.5544441103831,642.4037360335142,731.4526129718683,polyester
186.83202592075412,199.78074279174038,219.7570370798408,232.72834102851104,249.7789258594151,258.6236709675785,cotton
193.76738136755841,207.7858680511258,230.79851049948556,243.59655145215504,255.78989460318195,268.00873998949737,cotton
84.1491218055465,87.58252536709725,75.57102409167679,69.20039461642672,64.2910472392756,44.29216400515757,denim
825.0303109083641,1000.0,960.8902267230576,1000.0,1000.0,1000.0,polyester
195.70950178378462,213.43265731127073,228.88412182892793,238.60294236471572,258.0326463637526,268.1333965125042,cotton
757.2941970268264,834.0297372086449,869.5039330037084,977.7166381117179,1000.0,984.4887765710785,polyester
185.4649159682464,206.72327962508592,225.4577958198029,235.03469923076156,246.3387171270061,267.8603685619114,cotton
78.60922375439333,70.20430899780281,74.05252808185757,63.64489622575279,66.59726703556902,44.21969311421589,denim
89.06762823102234,98.20175457645234,83.15663874922774,79.91696213094784,73.3487498359679,59.51046436085166,denim
74.77092519801333,59.135480704036766,63.75232449585722,60.455658692886246,49.50434508592904,48.25872240238543,denim
187.3340708962763,207.09342645677665,226.15682127039338,233.45237793122791,255.38182009008503,263.1625202522545,cotton
651.6438408557613,669.2545288291789,676.178138207946,684.8369792345328,751.9046064398252,848.0332449306205,polyester
774.701140812313,809.2465563681277,831.9841162389588,940.8509658590838,1000.0,1000.0,polyester
101.04503856635901,74.57791956475108,66.01320778549035,79.33417693403943,52.111541829300684,42.02388740596613,denim
119.86719337274377,108.19869900818628,108.15214022082793,77.19590743920142,79.92073825149363,71.16686445663872,denim
84.50270836280099,60.896417550421056,95.59340167637693,61.37741508731073,62.48284699223793,56.341476472321126,denim
124.56864864126747,101.5590784594733,92.94444474942401,74.89867362334606,60.07724191539517,55.35917748103209,denim
193.0474886832473,210.5023492322834,225.06917008767434,231.68818508878869,252.449727756137,266.341303969023,cotton
365.7451530044091,398.4661236456749,420.2374559479834,461.4448261207222,483.2070911994701,503.98541586772285,cotton
184.26037060214543,201.36456691305034,222.70098270294224,229.2540554852176,245.74077969344796,257.5748725578044,cotton
84.99237431741334,85.6845391824325,64.47295756057426,76.97572782631327,50.268855635642026,49.776927475683586,denim
198.68308912759557,214.58225046825922,228.85046501336907,240.9626209918094,252.3734447294516,272.8258678443593,cotton
78.85666980249555,81.81084900053942,61.99619522727397,42.05917789719791,42.115343995383405,50.72756312087468,denim
82.28588838725364,74.4203539064148,62.57272833365145,58.1265482094878,66.32460182229373,45.27386955164815,denim
812.7425164745163,822.5316268511018,821.5089681377308,876.7308443269886,841.8446160390971,1000.0,polyester
367.05564408819805,402.9592892567324,435.55753233874395,462.32316279891677,498.074835356317,524.5585665498827,cotton
834.5538081005875,853.4354912734764,773.0283229265194,853.2884622042858,977.7058026398514,1000.0,polyester
640.7410597094678,702.9303906212969,653.228186889273,717.171377972969,811.8061228764257,871.364324680404,polyester
373.67334614803235,396.78891481340264,428.35310331974176,457.3086063376268,485.9363429778778,510.83610490301567,cotton
374.15219644665615,402.4606787123904,432.0846915415432,452.5125173502582,485.6702830269269,500.9908529380248,cotton
99.76694121635188,88.69113038217773,85.10303954277113,75.47998576241724,74.91135989731303,66.53105625740712,denim
74.79318423310455,93.49085802796368,89.41824213236387,46.48993168656124,64.87828478926833,34.961071370654224,denim
671.6989098461669,740.4539003724831,781.3651793506267,837.6775771189209,925.9312855836432,936.2671403630873,polyester
387.1319736227306,428.99166816542504,465.1431027965119,476.9186488522949,503.16541187998524,530.4246098423765,cotton
81.83619447642356,77.57859174407767,68.24806438320547,44.688348191581724,46.01496992854252,58.39049670942771,denim
554.5038948280248,675.5908235930639,710.4632924652318,728.5998543913703,673.9485821682783,713.0671966517951,polyester
98.54908410419542,81.50132836431219,88.77317762806877,81.32556648704607,77.31621026677318,66.554876469679,denim
67.45015634332722,73.34708823874816,72.0987555942463,74.33748892274627,51.032008640371316,26.370041488221723,denim
375.9229832966458,401.68788165601137,428.8568411773611,446.4908081019719,473.5597566503647,494.1056238585854,cotton
196.20222080861717,208.60509711639008,236.37863117617377,240.40644027311234,259.86262431396324,273.0367721488717,cotton
106.23327576716753,94.00479204874607,88.65447799094257,76.03025668381969,71.39009656084792,58.735917700960385,denim
745.9124576676908,830.481432974251,875.3975621977106,863.0934702396091,949.4363259576667,974.5113897053501,polyester
385.27326560541644,414.06997478943305,451.2928650221627,468.01841656620513,494.89797814075524,519.9184468720126,cotton
783.3732242200716,813.4478456805406,840.7123702987499,838.0122633332446,912.7556230042496,982.278567552022,polyester
105.21404062285553,88.28513328741779,71.38897092979394,70.75771260073431,63.67113556468784,55.68209874035927,denim
196.38788355962066,211.97550253594366,227.99833542814014,239.51782580526285,253.0590091117122,281.39557751274634,cotton
769.7258989276587,755.4442977829339,769.2004498464594,838.7965581069968,1000.0,1000.0,polyester
192.98261964242823,212.25044888609168,233.7337434101784,234.69133701406247,252.61079206433894,273.67957748533183,cotton
904.4784941452315,887.6170254486121,959.8978821864905,1000.0,961.0611866503158,976.5616503717982,polyester
650.1243420426119,806.3672044920914,744.23505273002,880.0462012485096,793.2439828229755,968.0648437691603,polyester
604.1249888354512,618.7368844302547,632.1067274561701,741.200167328289,735.0273646413232,810.2640842334263,polyester
792.0630608326095,957.1037449271747,915.7327552877289,975.4153324665981,1000.0,1000.0,polyester
92.60960937729511,81.13624011313225,78.46701374917426,68.64743148787412,76.9879290977464,39.732946450302634,denim
105.25900081009361,97.19486424886813,71.54886090605075,72.5157540978085,63.38635348954677,56.11982672368165,denim
106.02498927200237,107.84645154554345,105.58563150329138,91.63248995263791,70.5844950930885,82.74053677250302,denim
399.4257380784498,428.058567548944,468.63003618426643,496.76457105921935,514.8795787722817,537.5141753978075,cotton
73.20195386190449,68.50231725766054,67.05274357966684,54.91481210979936,38.461212138997986,38.9896819594442,denim
89.48719999938946,80.77358066559432,63.010502255860324,58.88420194513209,43.026682307849875,47.790367006498286,denim
744.1171261172614,717.8645123155874,838.7159277793464,739.9274670417545,773.8565765826751,914.9282709327468,polyester
94.5905196719016,81.94642478787989,64.54315446787587,70.39589756144024,53.79443668519284,62.20480001274116,denim
524.7880288754196,608.4350797947213,657.2551273814069,684.0183005734863,710.2174936416476,646.725649801715,polyester
84.74678265545715,66.19425149463873,77.81480135246944,64.82971061482527,54.89648666957378,55.20118638066593,denim
184.247747192556,197.82092390706254,213.7895097976171,223.9723167260091,237.83112677988038,252.09227778147454,cotton
193.61988666159846,209.38265645687693,229.86675397081927,233.65685365948644,250.2805489916789,264.6947005455016,cotton
665.3195737010983,752.0874461149217,817.1020263965457,756.8039733551167,797.7502951343004,819.079918506504,polyester
82.220197863571,73.73351978064281,78.91336159209953,47.8591238618126,52.57606376740321,44.38948929151655,denim
192.26784685269533,209.67467909487013,234.8897546978459,239.22663204504607,263.0571901075325,276.7845902131974,cotton
700.5193217186668,669.658054330556,828.5606457899769,840.4462785577216,842.3902877529554,931.1335365068662,polyester
632.0354341102932,588.5216320756857,599.134889395384,705.4058267625044,768.4534577686238,719.031756175384,polyester
772.762615054166,763.3872079346188,868.9380146015286,810.0418185805307,887.1907045482451,985.3815155244364,polyester
124.92699900980239,112.75230720835488,98.33220748788371,83.25808649951144,87.20119732736374,69.22543948046363,denim
381.91099850118707,402.7533817016527,442.34372716150074,467.9458923882163,493.47791094774647,523.3117027144717,cotton
779.5511279415243,786.5857425144591,858.826248786683,875.4547207081512,898.3477854116779,889.4115374079228,polyester
105.55446254693246,89.9123934246802,66.36482189667659,47.21495058085745,44.19829740155817,61.881429986906085,denim
384.30475629552745,403.4439102492855,445.5703034136676,466.6179745958587,499.0196844934134,531.7602501967592,cotton
387.33622939613304,426.24074088786904,452.61592495889636,485.65348710596237,517.9074536530247,525.3547705820216,cotton
76.22622171427365,70.48176362913723,50.63772206392847,46.68737421808799,46.777450635051395,51.275755349234124,denim
572.3470398936406,637.3192666731638,618.0619973465332,610.8978210098995,648.7658498492,663.3897723629549,polyester
189.4379931836002,209.3623987110492,221.834012717537,235.6930764656937,246.85610467519845,267.21763271626554,cotton
91.74037712336066,86.01577654914598,82.3155117284705,77.26573335521607,52.45096022954756,60.358999209796536,denim
100.07375995331569,110.24508585312853,100.92431439106184,78.29073388139052,69.9198866516122,54.427792603814865,denim
377.1228161904277,400.563651062514,442.15318960578827,454.34291933677366,493.84490614682284,501.62097999251586,cotton
371.8440648680186,403.8027403044713,429.2770470249712,455.1197063505226,477.05677285398434,524.8521945724234,cotton
385.5277154657043,426.4176978319848,448.28457782227866,475.88370301644875,507.72877753497244,520.5889802401008,cotton
85.65922210709508,83.44793900649216,92.12345001293525,61.819504569768995,75.85190727117727,47.80959405043883,denim
734.6690765731263,809.8791680352978,767.3579136200216,911.368270152817,851.7622547654726,879.2014316073836,polyester
68.74895547279658,64.50775842119283,75.12500700600907,72.47279521339847,53.98235028685023,41.14244073970091,denim
527.4735245825251,567.4861898842014,646.7452782325208,644.0495748872095,781.7221631914307,674.4404069573598,polyester
99.50355061250792,91.09024022876582,85.06915110453005,68.53145168472807,70.58767938181947,61.24362193496628,denim
898.845200877545,900.6493377617896,963.5641463288504,1000.0,1000.0,954.3608806815237,polyester
192.20509813369011,209.06000202225468,232.86925530715612,243.04566270138983,262.03488857736653,272.85778011967426,cotton
888.2530075730474,922.0981336768783,891.1813038682876,1000.0,1000.0,1000.0,polyester
79.39202508623461,90.11432591422471,71.22123935824175,65.60443526958092,46.357324088629696,59.52474485841992,denim
118.9423123442956,102.86049223651335,105.64416266350216,80.82828119892284,83.80335942632082,65.25453811145684,denim
93.89239430435077,80.4971481890368,82.36393241486334,79.11504265789996,62.27855245905906,57.155301082788974,denim
774.1020318400222,814.9465126329358,956.0910881205215,932.7397553910072,1000.0,1000.0,polyester
199.9858080863505,217.2315453082662,233.09969018954993,246.54323464524552,255.72404426293102,279.6989092566014,cotton
101.5695891214285,81.9265683743301,96.85700104957466,66.59455048207765,62.48959483160288,57.1775106404797,denim
102.34916989602783,87.3528317711005,67.07816812460945,73.04049635105501,63.85247897956753,62.290447890896466,denim
830.9858451880493,921.4934430019123,987.9482083534818,1000.0,1000.0,1000.0,polyester
82.0284611892504,78.0411595338102,83.40002530270763,59.405716457185164,72.423230869447,45.667779791415974,denim
604.8113367551065,639.3761001827643,729.1730483423257,651.133099895044,744.5941525039225,804.6222128732139,polyester
829.3239434344899,784.2923529014604,940.5348157414293,1000.0,948.2690070645666,935.9783743359836,polyester
52.23378326618128,78.33721774032658,54.86274350288053,57.74433502386257,42.7417442833864,54.987547124963825,denim
102.56342398172136,83.45961138301908,83.77113580730052,79.34220083123387,70.60528298508099,67.52199047037087,denim
817.3384327145491,920.9360297860912,897.0140271137444,907.2208715221707,1000.0,992.9431631830757,polyester
186.79619623862934,201.00082976401276,220.44159472000797,236.01113191766513,258.4312365058581,269.21194486361685,cotton
123.71699957149585,103.26356908117857,82.46410246054378,75.49390039049058,67.8133516295476,61.759201021551426,denim
197.15308149044586,208.7093239429444,229.8604262332367,243.67468404339516,263.06926665019904,273.8591082160869,cotton
368.8390688519997,405.1691813028519,431.81679674089344,455.9803384479016,491.7603511237465,505.8522747491643,cotton
613.4052092070298,783.4450232247934,730.8598756036416,809.0800869241339,841.3325234270231,815.6563264990873,polyester
81.63396253346546,94.95097708416685,74.1000808747592,69.49574906944424,62.434774905924435,55.547575049461685,denim
196.52878916985108,210.02929687571412,233.41830582235607,244.58362695039972,260.6161863756448,279.48755738029706,cotton
182.7307756165418,199.86610829002973,216.99797233447447,224.496772475911,235.26785897867617,256.4655315795788,cotton
636.8428924047334,678.5003916812283,734.4970027299886,708.2732240865809,854.8407961298144,775.4335047409221,polyester
616.6612317504603,673.3099108344836,732.4158777894833,775.3486087513077,814.5813190710261,919.4830182455213,polyester
549.3291395016547,567.4071552706381,601.4804520077712,632.1324927249606,668.0165627524157,695.1779099772267,polyester
74.90616396342232,56.603448439479415,65.06655170008153,47.48798400834244,44.58225869558919,32.181118820924475,denim
73.0797504855367,76.97132685287839,78.84416118950271,59.79818301853346,58.274837233763854,48.1498320014266,denim
84.65054692955346,82.46242530343,86.20548676437123,66.11596244717614,52.32388386043402,56.672659503979276,denim
790.0106512398272,824.9495687516418,894.2737409225352,1000.0,974.2780977473244,1000.0,polyester
65.22529103071065,70.36644476278748,70.96883014666408,77.79913568931521,54.94080095586245,46.51569867886914,denim
641.0100276866829,692.3722261324791,727.9442448102932,704.9517061920371,810.7405767998018,819.6331060363398,polyester
836.9343570317545,916.868905255708,836.2193933493752,902.5013641507094,943.6056106824105,971.2965771815647,polyester
706.7573189816919,771.8329872289892,759.0177470257904,909.9745489180727,875.5913207467258,982.8977075572304,polyester
509.31704393570254,638.5278703445318,598.5995237805656,629.8824363960406,679.0031242679137,740.1581007221088,polyester
87.74110419897971,87.30710751019966,79.27394460486313,64.30570573930352,57.78178253588108,64.79971971457717,denim
829.2214413686352,918.5775204549836,927.9201419620983,976.0654681393102,1000.0,1000.0,polyester
77.52597094968607,70.96812746798008,62.248034258142546,48.71383009667413,36.98683960531829,46.62469439075042,denim
74.80977478226113,68.98233878972778,64.51404657489338,78.12080419762925,61.61208996866306,40.902519220193426,denim
84.06024548942302,91.58655077842103,69.01700964467909,75.31116594475293,64.94436956995521,43.837752576346276,denim
109.86400282268892,89.3822613620071,81.42577424713384,65.79805941091152,67.83755629893133,67.75532672025669,denim
859.0719875035571,941.4273637378751,960.7584298253886,877.4180918491484,953.8983376931429,1000.0,polyester
95.19031009962939,100.01354343470943,110.7074291308849,85.40688293967764,81.27608929171258,75.83839991932075,denim
783.6258003136078,803.1230191171809,939.4627265569961,894.1529187932686,1000.0,1000.0,polyester
107.2070288133229,91.86815083085718,84.0528360257006,85.49486438847872,73.1499647051679,61.310894680830415,denim
658.5233661181161,809.6858079681693,762.1570182592807,830.9707861295938,805.6712137213497,883.3564036805928,polyester
366.7398612386943,396.02667158037303,433.7887140097263,441.8978567525277,466.5362508521722,507.12209415199675,cotton
191.78341405377657,205.93102899940746,226.95583367330664,234.52221468567902,248.73246484715736,260.1048156333633,cotton
80.0908426490927,72.97596441782173,72.92306612096452,65.83227301618889,43.51004310498135,53.4467891964544,denim
103.1566720434797,99.56931477591301,97.48545224841595,87.91234317135864,63.24338955467488,79.0270734732157,denim
75.49898403600147,60.58639852988421,53.04372717437361,53.01425821950969,58.88637893225889,50.60644668187007,denim
372.86573875459163,397.4096624198439,426.9211180116225,465.4454479734251,475.5594997257709,503.20085096756856,cotton
702.0675656005515,691.290708765894,672.9029014245098,747.6075491859972,728.1101318754934,777.5348220511302,polyester
385.97176072722294,419.88329460396295,437.78994558208177,481.06675276739475,500.5392217271456,521.6002453271935,cotton
184.047469454315,204.33941287982424,219.63350343221293,240.24363555877807,249.52467369004717,261.2115031956687,cotton
800.303704734162,913.0856987669786,843.1260924548563,888.5645424852665,1000.0,956.1884076149688,polyester
190.7986752756342,200.18906084751583,221.08352599244606,237.20161105127778,250.5196526721088,267.43629175134964,cotton
601.63839419187,589.8682085445818,648.0739310673318,627.9883264031243,726.3333587266145,750.2501164613554,polyester
192.85286008784016,211.3386712148154,235.95622126478312,244.53335210232453,261.12600778908603,275.36240044460015,cotton
790.4480726906236,805.4459256669212,809.3717541307865,797.9348591489369,881.881022473196,952.3724112125589,polyester
381.5201721812251,422.6134713815218,460.47433178623135,484.6297290943652,506.58015495836463,527.8637643835305,cotton
401.4171303004247,429.64902875390163,457.92859937092993,483.0716575353109,505.1952480384959,546.0105467125927,cotton
98.62083981013116,101.7070604910349,84.35021470192008,80.96474927936254,80.99275112113807,60.962594424019656,denim
89.61210263723642,83.34135776501077,67.53347461032223,93.65167294565467,66.26739567032105,55.698544035095544,denim
179.38976732251956,195.79845459144735,211.88870831516985,221.84947380970448,237.3419280386453,246.75027722353457,cotton
375.868569548165,409.370113923687,442.00145928045265,477.87033229938436,502.91340819736155,527.2253682528712,cotton
119.2428636269068,104.7304064333142,100.94822474390864,108.57710687468939,80.80338972403963,64.03755107009277,denim
92.5504310889067,76.97795982991583,72.46952877184296,60.80442145880001,34.11409672949429,47.871819684350726,denim
384.5960215516991,408.7077093937705,448.9780438791516,468.4316516474203,492.8710773801949,523.41176209316,cotton
139.71393481719812,86.87369341960584,78.44155823842861,69.5576627458629,61.741971966572606,65.66610372951345,denim
193.27172286989023,206.8899376811939,224.9679949779269,235.1547001114062,253.88293429400647,269.54370681013575,cotton
194.95537913738204,213.91980809312278,226.88573046742923,242.55911405011673,258.0222244825375,275.3179750826921,cotton
391.4073438599849,421.5429560817414,462.20245782886514,479.98811560350396,517.0383752375394,526.7071378582024,cotton
76.17410793364473,76.91316182904056,63.52466117631509,76.7267533215326,54.487666570082794,40.10211927977171,denim
118.69453913199784,110.4109251923886,81.7130460515883,64.67869006157457,82.19947094882106,64.90228798949721,denim
715.5137243901162,691.4183988219844,782.128549105707,762.0544863735322,791.0947595377899,799.4427987546613,polyester
797.3494125642455,793.8978878018711,844.0757510722856,970.1936541106402,1000.0,1000.0,polyester
75.74042169835836,86.35857000748524,84.2054698712302,70.51009292897601,67.0027048635041,52.64040198048476,denim
538.7844890444977,571.4140717929636,592.5458915819784,642.2153901720717,606.1410047161871,718.1896494642592,polyester
187.14147119358174,205.07903286818035,222.03292723409467,233.09243180044044,251.2845096447526,264.2311039898387,cotton
82.84151022383489,84.51065248351401,81.07637086369398,63.77540291307855,61.142344349786384,52.71233005156318,denim
400.8770238433288,434.9733765597514,469.5082267229883,494.7587866778108,512.2342426494271,555.4383377039866,cotton
120.10923732058885,88.56094276940406,85.04438611869794,85.99362838739191,59.980892207302276,70.32281972294234,denim
92.67152988380627,86.7809382653276,78.30124818541854,60.86664239566234,59.87359187309629,37.83985904706423,denim
78.27396254053238,79.22692251011107,71.45906772044631,52.185596906277794,50.00746587714141,44.06972952303385,denim
182.01705027412018,194.8457641435727,217.22837175096345,235.0029647196063,246.95517946393892,255.2854547568245,cotton
662.3879003023056,750.888787953904,692.5947550467138,755.3310145635533,839.6005257074436,843.1806475845943,polyester
677.9545487686087,728.1625572836069,856.3358264482986,772.9150981939284,939.741212055434,926.8318961061832,polyester
194.14776891794193,202.3699843401336,225.8835713135,237.73700380008145,249.49439599725216,271.63117487569656,cotton
201.21244608076736,217.4056940474662,237.5571180158682,244.32261067673943,259.2621750146668,272.3386096228126,cotton
725.9968950344168,823.4679153515245,922.5505796234698,906.275052269644,911.6675256433211,944.9444705289957,polyester
118.21732902688113,116.9393824915811,92.267650132822,82.55584896396003,57.75308100167513,62.84977843816497,denim
590.9854831881971,662.6688565052168,709.6560997073661,604.6942747919725,698.1284433952223,763.5810534048732,polyester
106.42587953924712,103.54939800726481,98.5157377672657,86.50238602342111,61.04929558105879,44.70490995616702,denim
101.45132078186953,69.49621902207446,70.91984947803134,69.48967178048959,59.375157965840124,36.81789920768598,denim
695.787437968915,652.6851913859788,760.6309695145483,728.2745107167385,720.1154311635028,895.9553237544342,polyester
377.16667633522695,409.0910615789316,448.9403926105733,464.56949716703696,488.17290129746027,515.9745529399675,cotton
602.8457313529141,634.4142274624435,622.3950134349301,647.0536541215415,683.2686907903317,667.7878299145638,polyester
679.9710611564245,659.9229050910815,637.9247532994574,717.1466603447859,743.2936215410314,747.3975004326201,polyester
386.31298523200513,426.37002607299826,454.7312558933777,480.41568049737793,497.9302266968029,527.075610174726,cotton
615.2180537763114,640.6300857746058,721.9359318283528,699.6316569621058,731.5081981563671,764.1493302051454,polyester
87.65206925529053,73.24495519589783,59.91191413008754,70.1242527012391,65.6490211997973,55.23630857290005,denim
193.0850116667235,211.96394381881115,234.55142343208055,240.59800295250866,260.32058222434773,271.0853143169422,cotton
122.4415025273967,95.42915609194029,90.33950775761194,82.89467778395664,76.7718302414745,85.15233689570613,denim
190.82026888835424,197.84960098881305,219.8487889561461,229.40217070965357,244.90242200031858,259.6011788789261,cotton
546.3079569658282,648.5551074744462,639.0136251449832,712.7000954440464,748.0446924950984,683.6444201998194,polyester
367.85635801422956,393.7930465567797,429.77929651719296,459.16461526876367,476.4439677470999,499.87041183490567,cotton
87.25749599641183,63.86233024673093,66.85025637137971,40.00960388873696,47.764794362643435,57.007388637649285,denim
734.8092581004148,790.3983723317756,827.6877215663544,787.1296316154352,952.8081057809306,964.7846949772648,polyester
706.8433671572758,739.6567564050144,680.0360237977084,719.9945927395856,710.044227634734,889.04674243172,polyester
98.83354403719117,113.5702842007137,82.79182871274945,76.08996181773148,74.9982319837444,65.77841553817983,denim
110.22187006553519,100.77282495743526,103.33545821266925,81.05044351021289,75.87519520353253,71.6757598021897,denim
651.7797839047832,748.9777574140563,704.6114755253979,800.1601721486227,821.870347164164,843.7248761915248,polyester
644.5897104910279,767.3002834642448,766.0102641516361,717.3662082494931,844.0004429927941,853.0687878920718,polyester
382.68479261684865,419.2865342145983,447.20751413767954,488.26222918107294,496.5554863332212,541.444662867159,cotton
847.8320468300006,992.1794203187231,956.0804108752965,1000.0,1000.0,1000.0,polyester
702.7416366631535,732.3316824845776,778.2148568657999,692.8177039286235,818.6783827951758,839.0688112769196,polyester
385.5636045834599,413.2157802239992,442.9837853518532,470.7641287841625,500.42842055275406,528.2932081098235,cotton
125.13279114461972,102.52732097648045,98.05101847777327,84.20800836505276,85.7436874375539,53.85479094404289,denim
89.98664427376076,110.67691564583383,98.97939366990109,67.9171486717672,62.38240988671369,44.61365812435579,denim
111.6577226126938,102.50130079879793,97.78076010298288,76.3642025156388,68.3851870989001,54.99653889000181,denim
628.9263913471905,564.3469504227912,643.8438368736208,639.5731334906163,724.9593095252335,738.8312783336359,polyester
191.79169871651527,215.3340356650408,234.39684344767147,243.8699470849978,259.0700906552973,270.6150274542243,cotton
566.919474870025,566.4879797797606,684.4624743799574,690.9708081722797,761.0715451583822,775.2108225349535,polyester
379.07237200699,401.6036665799904,444.19052691562547,473.5413076757312,483.8611095631224,524.4331249539559,cotton
195.01813765982928,205.9604309474099,229.6416175370818,235.1579532288896,256.80410934097665,269.43444218928585,cotton
397.5987311710666,429.7381043237275,457.71350308083765,483.986215722898,515.6126138002588,536.1423767434596,cotton
84.44302084656378,78.62424790181907,62.775481688602795,58.55283041674929,44.40265614442691,54.219691615443026,denim
370.225851897954,413.5833736225656,441.99792010720455,456.9464202398933,495.9406886253745,521.1972461061771,cotton
381.4933318865371,418.9869139315471,438.4437577639964,465.31666458883547,494.983754218454,528.2203186674662,cotton
49.35808985579235,57.28432086715959,68.10215670372345,42.95921107465789,42.27352848997604,39.78584042056048,denim
81.22147100756514,101.42680372256545,83.29791252950264,66.2368664867566,51.129662655872224,50.21095648823843,denim
183.27843420683712,196.93172741185128,213.9000344118942,218.98562808777498,232.50366607041886,249.10595495492876,cotton
752.5474706126965,788.2950442060927,734.3458197869476,839.586798950192,783.8754415794214,858.5034703149304,polyester
74.11130829822967,73.84082240791996,72.1339812305402,61.315383551174975,53.16619191771474,42.36857936730118,denim
190.67139529122355,212.6276278725766,234.41223922575514,243.68544488810892,253.23044137562184,270.4472530747187,cotton
695.53782445554,831.6667224687421,821.2631592840794,790.1851644758274,855.6634421824385,951.3170923131356,polyester
594.8577530556845,653.8716012623752,687.628294042017,643.9597883142587,768.5627746194341,772.778879925366,polyester
186.15457083984003,201.86719624791164,221.3019708898739,230.7220336076892,248.49670765194534,258.67278693482825,cotton
371.44919427068953,395.4998811817413,422.3242558145876,459.88205181912343,475.8072991984947,512.3506861831227,cotton
92.76482649196387,93.66441607723675,81.67955091956526,82.78434491637819,51.257615665022726,63.612517150661105,denim
198.73150753822415,221.62607367388438,228.7142315723339,240.6950200526428,260.849056811137,277.5138484681601,cotton
91.53131952029311,90.77258197203918,71.19805488138442,83.4659412215309,65.02234976749666,60.663134572155705,denim
190.63979196768307,218.0638896789324,232.9189641827772,248.5333034639555,261.35549512136595,279.63846850752935,cotton
368.2205337710411,391.81620300219805,433.3156583471511,455.5472401924059,478.3931898375258,496.8554358997699,cotton
77.13163416632212,63.35093541843395,78.21032321349975,66.09312074821183,53.82750905034411,43.80980619310263,denim
787.6316671416819,783.1229165630849,889.0583426312157,956.6557552065282,938.8883230659202,911.7417306258062,polyester
389.7377998954606,416.3864005769268,465.99883599182255,484.7659346466553,517.2464963938187,535.8202456559338,cotton
94.43854823156862,85.42587098375633,70.94286081483877,59.38918270640584,48.979880665186016,50.10331006350468,denim
764.7829598747337,787.1614949527651,833.8938861859591,796.5276995504737,839.2498446744266,905.6793289204095,polyester
197.377851560749,215.55294551550958,233.4653820651181,251.67637085114393,257.6395248774893,275.0659237412165,cotton
93.19586777317255,83.50701259350315,59.51308130774571,82.45000122801648,58.29751962550444,50.15429595850126,denim
189.3378565292292,202.25900017941953,221.9976896479264,234.42728040165753,257.8373194208594,264.3342945256753,cotton
611.6620462745407,731.0691266991671,652.2384286602407,788.2600023288996,830.6880033244167,887.9671777680063,polyester
110.47311069103932,76.63846207261348,104.28886165158423,58.77189819585066,55.7686957581314,59.13781102395241,denim
180.62398528874016,194.78984553054798,214.15649105261292,225.06548087201182,235.12012914004586,259.2343118834632,cotton
731.4982945240936,686.1790683087821,849.1008226169347,830.6121322346701,758.3694501073078,951.6043931528653,polyester
120.18659590562471,99.74467525457521,90.01405331908545,66.59587863011295,73.6588639172926,79.05592681399402,denim
187.33525497656876,201.68840104724714,217.30039808970102,237.09538566075813,251.3866357181659,259.8783353961609,cotton
356.3988581456941,388.24806900568905,424.74484082655823,451.0053485098981,463.1785904759617,488.8413121229508,cotton
72.96519880551627,70.52093941905105,65.0930591533779,47.9401858776889,46.13781052339357,44.23292565940146,denim
200.1408502617707,209.02818895075703,233.23846710115498,237.88409801984298,256.10553383024234,275.86511412031336,cotton
127.03619293797205,104.72952482348526,99.37754410394422,98.46367062464712,77.27839304808039,66.68668978886151,denim
122.22215921041762,95.48537651046594,91.33622615083279,101.61022402921742,61.204459287220004,78.10361462535647,denim
547.2803772804597,603.7163581251713,700.5771215492687,691.9458924295499,702.5207377722218,695.183797083763,polyester
112.05621848323838,103.9355424424868,82.34077157442135,75.51209996356917,82.01824286924315,69.91467487197413,denim
652.4715558256845,816.3933829243927,836.2934628224829,868.4221941174079,831.7228653971239,855.6993545417226,polyester
907.6022649576461,871.3222484797274,926.4856709799675,905.3915137698848,1000.0,1000.0,polyester
368.0365957065643,404.60884698526263,420.89674114447865,460.8389278855051,470.3860754859249,505.083682295438,cotton
876.7162856428337,889.412261693185,1000.0,979.8038544363335,997.6656909728569,1000.0,polyester
81.5774939038575,92.88140590791288,64.70537679135555,61.66243079584521,51.648232879721974,45.99090166196892,denim
369.2443188535229,403.26347202351633,442.1034764514774,447.01996829066195,480.33410565088013,513.0160550073841,cotton
101.83246646567325,77.76583282199499,71.97513124629778,63.70293292835539,61.940801233862494,48.76324995648279,denim
91.7719280806356,97.1171566436428,70.56035568094211,71.22142219641799,59.78589657067228,51.08954421584403,denim
188.81217058052496,191.92066462903634,214.60263786132128,232.00317258608283,240.4138974335202,255.62674744706231,cotton
612.4594134027162,573.457575609582,608.7728740011755,682.7130453747345,702.6275369689631,758.2974543255283,polyester
78.83193736273299,71.974374888592,60.08021791445505,65.01149941942292,51.33495363834499,57.099824490677996,denim
702.8080171601397,801.4099674403348,796.3166674088083,842.216414046398,815.1133933198214,1000.0,polyester
109.41752002247951,83.44184737602116,93.02415696780889,74.99826617104394,73.40756616299787,59.824849338967326,denim
188.0192070655077,215.60636151986006,236.07900591420716,248.44270584646145,257.84086015952295,272.5175973764104,cotton
857.9420630193986,840.5193764666875,938.0957339586438,900.8319555741243,1000.0,974.5744435003198,polyester
547.423340283026,611.3230795003656,661.1648613363683,637.9371847376134,774.321739265495,740.9177987518411,polyester
105.35023837974536,104.33622023024762,79.8011321142769,84.33384429681641,57.03397100802186,74.63914056193329,denim
646.646986698125,736.5785620973916,764.2172332139884,768.619730503667,695.3690042123424,838.779872653084,polyester
70.13987580483048,83.44720261847708,63.55791473527384,70.89484558103783,50.406832964666755,54.71198239541607,denim
98.17197942488235,100.9198585661311,71.56420107745267,91.82916580179018,61.56010667410735,52.33546541292644,denim
80.90412718867174,81.52393788010117,68.55744391543388,56.430877143355886,68.06644338075304,50.121346872545814,denim
766.3884437000443,730.4847045198259,832.2719922134872,854.969791824342,924.1511196613144,1000.0,polyester
108.53767237931129,102.14632182361376,94.20509612278174,78.79130102376112,66.20595326694978,41.72893447514663,denim
123.83133850333577,99.26347214167683,78.16023990232347,90.24771271664844,70.47417941462305,63.838144956087376,denim
390.6364730198295,425.2340101944012,452.5375953355712,469.6363745537252,512.9966231889998,526.4792054367769,cotton
366.7174123857138,410.746641599338,449.88350374556654,470.0019638011935,479.49150126927105,515.4803070429955,cotton
89.82080052337608,68.46976151754158,93.87327874296372,68.9355494094213,65.09640792102049,48.910688180069386,denim
73.4262309718464,60.7944384478443,65.51890387117248,54.17717052254959,51.091120320385016,32.105205649351035,denim
812.427599651849,1000.0,1000.0,1000.0,1000.0,1000.0,polyester
139.7021211630905,102.89603443048578,83.53449440012838,79.82236047390401,89.33057001097382,71.64000607331897,denim
712.0745360251531,740.3710534661793,680.5727026160466,783.1844349288509,805.8756879926549,787.6224574997632,polyester
579.6675980229345,645.1845123954834,690.6679194710075,696.7969169051581,657.9376043863576,649.9364019638452,polyester
820.6660919431193,938.6326423762812,923.7513059913111,882.7615918752725,1000.0,1000.0,polyester
360.34980051701206,387.1342751185577,434.69282805457186,446.69749126681444,475.97307452376623,503.29728102093446,cotton
561.8631390465807,614.3955705237203,640.0905869287305,577.8620323205619,709.2478705795074,721.8441673239361,polyester
859.2179292561078,774.5788614673723,853.5529839740517,904.9212559981382,1000.0,975.2459981729223,polyester
644.0543691500941,719.6796584617942,791.4443499194444,868.1827134657261,875.478533160236,801.9356056048837,polyester
79.7141310367383,61.0854559213127,69.96456346206296,73.74102188904068,55.34629512101631,49.4301445446552,denim
363.9603493396258,396.98602454456704,433.41418871388595,456.18361096901225,480.33114271070366,496.84174582736557,cotton
827.8936654666054,828.5735566338383,898.5479270987337,1000.0,942.2184729543046,1000.0,polyester
194.34692389858313,203.9428542205756,222.55553456530305,231.40933127827353,251.95993484540818,266.37650026204614,cotton
714.9570679119839,764.7812956970839,719.7611637348523,761.4654981335943,840.2189439889313,980.2154629742748,polyester
370.501711711134,399.24958069369427,433.50069230747977,458.00595383822855,476.4980235598796,491.13845219239727,cotton
859.1546272707177,882.3986724701059,829.3036277684625,1000.0,933.672095117173,1000.0,polyester
550.0013706054431,583.460817806997,637.4212664156266,721.1188554095356,697.0086772098737,747.5671088370455,polyester
107.68103050240495,100.95093866617542,99.49525216064768,73.50298812832627,62.491028307998086,60.41699870933792,denim
126.6237832526399,99.89543660288209,100.59163631766538,76.57374495516416,67.84639758356043,65.54296331780401,denim
199.37241046225458,207.9511222388626,230.2501623131836,231.82235117337896,252.33882674682428,264.73850459679903,cotton
105.36284178237196,105.88139045102892,82.745154442656,87.27476746737713,88.71470037950456,74.08070054109943,denim
380.2169146950055,408.03108988005613,444.9832326766284,478.88863277389305,502.4428785205923,529.1364427407004,cotton
74.38249017551654,60.03245537258413,49.89636963292866,43.89423840029834,55.76688385774246,39.31573902518036,denim
702.914260242796,823.1411037266117,851.0401018720463,824.258034371154,959.484208801736,960.4041675237471,polyester
360.9166443887322,395.47987868516225,420.5408834018962,447.51941319018493,473.9449214728026,501.8867141412205,cotton
547.4948316111117,575.4897603990898,637.2761252786629,622.01235028886,709.7354495899897,734.504453705744,polyester
784.8267198333494,966.3914722191838,1000.0,1000.0,956.8918490589707,1000.0,polyester
186.62574242522825,211.67281002082265,234.38459222516678,244.39341338553754,253.60049318616288,269.65914669525733,cotton
92.22307080238637,106.5563702485303,96.21484432769908,80.28736197499161,68.35493496491326,59.57815580862241,denim
83.3434973876032,77.0717435801287,70.94781934062284,56.20491670257632,37.93223006541433,43.893462485137576,denim
385.59011209028483,429.9921038480692,472.3781643114716,484.8010507972002,505.8790642974557,542.5716836943717,cotton
125.54688066737852,106.74926220452848,105.30695069316246,82.53580754039815,63.68723329718368,55.656858622216845,denim
936.6515647003124,1000.0,1000.0,985.1130316000217,978.0358879697613,1000.0,polyester
637.9942820670652,747.8830440658325,710.0433419717436,754.7143021639203,855.3199508908353,833.1105537457638,polyester
804.9870404129316,843.6066037665191,998.4831660542793,1000.0,1000.0,1000.0,polyester
107.10400129190191,115.00823298396105,88.35582287726076,92.51487821811537,78.44641234207617,64.64085222813006,denim
191.23358832865534,210.28479179079173,236.25485597634756,241.1668669261939,260.2777234486648,269.9480671463432,cotton
107.07316633162073,93.78116475809668,79.3009473638904,76.41984586358247,65.47090075277153,47.545638903112966,denim
708.3583720552002,645.3660734110864,816.1010613968999,726.1763970926022,884.9545952710914,928.7871264575149,polyester
386.23540918966626,415.6195356524806,451.41723009056403,479.1967368791374,503.25041584591787,537.4578330617886,cotton
91.01040457463743,73.85690528280296,89.75534644409406,68.88996312119676,73.67396396873075,57.070773888989315,denim
721.687181101055,724.9878319258605,721.5468667576645,784.4472343859359,766.2778000921248,850.9263321914589,polyester
69.77102401901313,57.988282992183294,67.9279712424169,65.24151970041464,58.93762340775299,28.019798965404192,denim
553.8709211433633,685.6457647663406,646.1706731171204,798.1181274196612,755.5371077050215,748.1342753550006,polyester
106.48262093054171,97.23826250272913,101.78509592625907,76.72284866204032,83.61601969343197,67.05291557768197,denim
89.93324654842391,73.82236804367325,44.805025564150434,49.97690766316518,53.839114681719444,46.88987481763531,denim
188.1727621167975,207.61432923516574,223.265381764818,236.8920492972472,249.27536422651318,263.6284875635831,cotton
793.9965834176564,809.7718501956513,879.2530930270619,840.7214948727294,937.2285270326277,981.8228533671567,polyester
83.75651675199782,94.64523539175492,93.98778973039316,67.91046534320051,68.70601711701455,56.86586425184008,denim
86.56866907672725,71.260123543185,54.64868503508544,57.61090560220078,54.5789795817695,54.33329900086537,denim
90.90568739199408,111.69567472730547,90.58617846169071,74.7901848755522,71.12621590520455,53.18498621714972,denim
71.8071272852321,71.3960362333538,66.46359214176742,47.17616319832151,52.31135259110899,50.24615279684264,denim
102.84165357158523,97.26541920788542,91.80285223982344,72.34812038839169,54.96297336280982,42.93600776456982,denim
507.4791733463634,638.8638808645186,669.1339872326457,577.383967060278,696.0071089313109,640.6149513884669,polyester
381.65321181877204,412.6119412210953,451.0802807918437,480.8581231120692,515.7424790355163,520.0470744227366,cotton
106.22232425507119,87.94812666821058,90.71823922279803,69.29618571092053,55.72579372787899,58.44765005255491,denim
375.8288692258597,414.05562570487865,441.37440309194704,469.22264686368095,493.8288590765613,518.9415105137757,cotton
196.4404287330389,211.80653651247712,232.9577602831657,235.49929545285798,261.58160686827335,279.0020293615696,cotton
890.2702048392172,964.7215553354898,1000.0,993.4643739545905,1000.0,1000.0,polyester
116.23364700246796,86.70456177067545,95.05347271133441,87.74902464589742,82.52361247880033,67.50032819526282,denim
185.0796549568373,196.390121111164,218.86968712659768,223.2419486497366,240.92566979237287,258.53199360835725,cotton
889.8665384183093,912.9680920217911,1000.0,949.3532310360152,1000.0,1000.0,polyester
89.90202115031559,71.9372440946622,71.17569913961154,65.39975153189255,49.16368729164462,40.84424657333853,denim
627.6360437033712,662.8610915615699,673.0684522745681,669.7907933673453,734.078519628343,854.4448142200919,polyester
586.7544301827311,581.284991328277,567.4084876126389,589.1078936102529,661.9397923317789,640.1899511343476,polyester
617.954405515269,654.6547050280484,634.9465578300674,659.4295405218043,778.0575884803563,713.6175594327618,polyester
89.89731313834815,73.59129689923395,60.073354761144984,55.213008489587,52.156127423882616,61.28423001526662,denim
111.54726080393048,104.89700342011187,69.24106974462633,74.8979922169159,80.27656443276996,59.79764831004685,denim
84.39795671232591,58.15008442643962,73.61863768268219,55.123851362795385,43.683686095899596,37.194554091246445,denim
552.6765988515544,557.2764403549799,587.2118686569087,579.3499784645353,717.0690423794965,699.5989178808378,polyester
110.94588377955087,112.98974792293139,119.26498782617267,72.66201241029535,75.39487476296554,44.87363539181061,denim
834.7475432675803,826.6984840120426,971.9762080337788,1000.0,995.4763056182395,1000.0,polyester
768.7789105066282,678.2248801269774,751.605394214805,846.9586678109528,828.8526814627414,809.2357087174161,polyester
722.8335741128215,714.7584040570675,784.5553897791518,774.9258599869155,872.5564740444358,893.7590579293072,polyester
103.15851022667057,81.67121710514516,74.83906047947387,67.50397092899698,58.768560835804436,42.84638990949648,denim
104.72352827405224,112.61287607822598,95.35175244238278,80.79573077854425,89.61974812018903,61.844970644986944,denim
820.9788519024803,789.2724650056791,888.7218995992141,920.2390876594845,928.692381405868,1000.0,polyester
177.17943907298095,198.40820295560013,215.61821524843006,229.18215390397197,237.62066691000746,256.6265820259529,cotton
110.79704487260365,99.18169833572541,93.36762575263828,72.8914447822782,75.68215330115918,55.95256560542268,denim
671.8961939170475,724.9364076561753,697.0019821230383,725.3078904706692,859.990199519109,903.1321217290646,polyester
668.8980262457943,633.9612903175087,749.0786178679301,824.602441085483,727.869119103922,890.6868283076694,polyester
75.93073938447534,84.80147019135731,73.80918039043665,60.78501700385088,50.96773716970109,42.16285657230509,denim
379.24846364791364,416.8659243979493,452.53243781018966,479.08645187569067,504.51028549192944,514.9917959393529,cotton
778.3601362487619,995.3818147867127,939.2143011120538,922.469971404883,1000.0,1000.0,polyester
184.20441178881322,198.11929900188633,216.93299563552407,229.55322436096156,243.00275699542522,259.78074029659757,cotton
193.26950515934396,208.77829670055436,227.34644749296797,239.40441233479564,261.4214490971507,263.4818610264348,cotton
364.7011109781899,401.80516067076314,427.7503657162461,450.5752530506696,474.51902743951723,506.37918976206566,cotton
199.31478183097158,214.67249552564456,233.88221802149127,245.91733183104805,256.73139380874636,280.4173650608804,cotton
376.21772772459695,402.82129921288765,434.00563670947383,454.0217026087377,478.98570878092727,494.3843722283507,cotton
185.24231934883574,201.11831162329125,213.3369199670196,227.147906963472,239.69953643894948,257.85494396550905,cotton
103.20084107251134,97.44115730822537,65.96482157251539,61.44277159484494,62.57916127625851,53.86541484690391,denim
788.2090878444682,794.8293222856748,908.7623365310225,892.1032500927347,1000.0,1000.0,polyester
628.6737226436261,710.5426360723826,650.7119421963445,716.8904412831232,847.3629705600279,789.0386123048293,polyester
616.0495588869811,690.9082274803786,653.7470721179179,702.8878306501151,731.016042830989,852.75770073976,polyester
515.5696243410027,568.1105750525763,601.0354746617602,638.5493308618286,657.771497460972,705.714521033383,polyester
186.99280124647927,203.80232202401834,225.32760039762354,233.79610703167398,247.53259023203057,263.0877970362966,cotton
119.16559110336979,111.30375085139674,97.87766224597543,76.37118718219669,67.44232631252707,59.267349261175,denim
920.3251743373986,919.2459181954777,919.1499083341427,964.8672832968284,1000.0,1000.0,polyester
71.97917811951949,67.81597170717082,51.939846033859254,37.43221034830525,54.62033398036939,42.31709072263133,denim
394.69572836351455,428.4110290315491,457.7983422987797,494.6467538225181,512.5925068445802,539.5046960077357,cotton
84.39875329854792,77.51707703426347,76.60125168739273,35.44157869551646,67.49920029100042,39.118882343070766,denim
582.6182298781725,598.5875321317611,734.8227465107432,727.276435223728,698.425018003788,814.0026731284845,polyester
112.22149786557466,87.1210815099217,84.53547216273299,76.6189719570284,78.66926516882491,63.251788796339596,denim
389.21326988931486,419.69288487192694,442.4967502777785,476.29014730919926,501.4773781450468,535.1987963207282,cotton
189.48126447340903,197.55110760978602,217.26414772281817,230.77424284593005,240.04145508753595,258.39389168238534,cotton
636.2146051091541,714.6943250526091,715.4286565599657,703.430346393489,700.3726246165143,807.2900688440683,polyester
639.592916026999,713.5166274891473,781.821574191569,775.0000113009545,744.0699026469646,794.3064429914414,polyester
768.986519594275,750.1374785557972,876.9269416310142,864.3975097689083,999.7250819849729,856.2148489681899,polyester
373.062658362561,395.79842160743743,425.67268489773835,456.2486014610541,467.2039683112656,494.8064571905815,cotton
119.92382463329743,93.36470912229453,98.63202164777445,77.10797924949382,64.26282089039609,74.50858626366552,denim
547.7612231508629,631.438882104118,639.0546892696336,644.2493550654535,641.1361936236875,726.861920319789,polyester
368.61668199307746,398.7730521825884,440.20532983316815,456.64486713407223,492.51983923813305,500.94490208824413,cotton
365.75865470532625,396.1739724651654,427.79102811809764,456.85094482140414,480.1888287058284,488.36285790774986,cotton
111.86863663453622,80.8062960989705,101.69725590864182,70.57299276730663,70.73369876693633,49.27316158389997,denim
183.21070771952265,199.3658143014252,222.29205093431293,229.4414877614246,243.32571340055856,253.16983393831887,cotton
196.060674001971,209.07095741656278,230.80122979553548,247.93505250163795,261.77817193218686,269.699073790218,cotton
383.00441527855406,421.7150137735359,452.16114970207593,479.0538655272352,494.2861302948661,534.1286440480383,cotton
179.60342499080062,197.6432964794457,221.48015799379397,225.24160044183935,236.34516707794768,252.1007073902091,cotton
198.6352084461629,217.96210495360947,234.5092343344548,243.10553987536187,259.61520091414445,278.91919593209866,cotton
124.78988001368076,102.97954454217356,87.78180676211396,77.63580690717976,85.34164939717897,62.05190994959003,denim
104.64442318209461,82.07275205263093,78.21279367416658,79.96791146774393,72.3541015914956,59.51042978612233,denim
189.85180328279674,202.44524054652217,224.68686998996864,232.9627695336884,246.4467719603565,261.3009783351742,cotton
624.6268282113867,639.7336943987924,629.5637074700863,662.794815110592,776.5626911005216,743.9169595798548,polyester
85.38735937400025,84.52846578073607,82.7997410044708,75.63279809868527,51.83601255062746,52.7065041842235,denim
380.5254390907652,403.98988073888063,438.18985283911985,473.7232302980124,492.0651057636502,519.0221762074978,cotton
973.6934417092697,962.7139875403101,1000.0,956.7125131646934,1000.0,1000.0,polyester
75.60178485227543,64.8503072756439,72.08011260307606,51.980553800606515,54.437345820115894,43.793013163540735,denim
670.6676131571556,737.7995100803379,727.9698634361888,746.5220876645265,854.9971657279294,902.652551730959,polyester
133.12872387985655,110.8486858875646,104.13343163842796,89.7673450584103,80.75315763696132,57.62977904667672,denim
192.94751806347483,207.48032814634368,226.81020841145204,235.9541604033316,246.32807828530576,265.8528046354669,cotton
112.02295097616788,109.02276622322509,83.25459582310492,77.43148806283185,73.29759709726295,63.7860686783094,denim
109.20910707417771,107.01862716114364,80.73693347513866,87.09779896393688,83.48842134235584,65.25423803528305,denim
640.1563883412001,666.603249356991,746.9758307814006,755.9111747212861,708.4823659756224,847.1026897464175,polyester
584.1667578535247,654.7614217673769,674.2491207327982,643.7502382340956,731.16285114885,722.4717406360375,polyester
74.50326152280121,68.98606297582066,62.159064061085274,54.48110255431996,49.0233834650933,52.58301654580819,denim
402.8395860697106,417.7660154604888,456.14277504101256,487.74242229989045,523.3863690295017,553.6332558757601,cotton
108.25472171402164,112.62376971628352,89.36462334918365,78.266148151653,84.58464685977276,62.435051509078306,denim
179.26448603975211,191.61637728729764,221.54631307539998,222.64631783755502,240.4290164961653,254.90313438439458,cotton
801.0454949513464,888.9472286970396,837.6147975042495,1000.0,1000.0,1000.0,polyester
193.4062900697243,205.54038707371438,225.27278133342185,232.4332367631009,254.37075084035865,262.03605924222944,cotton
187.6339514089744,202.6503135478385,218.08761515535423,230.8454115454658,244.6543248762786,264.7860558053613,cotton
855.3050341126517,906.6162232001719,986.9233146956766,995.6081503654461,977.2014855023722,996.8007207037158,polyester
665.5695445766747,747.2473006414724,665.1238584609104,697.2408829685489,747.2665273136663,808.2820262890529,polyester
777.5885720134104,887.3013915389914,898.1305000035961,932.8755081740412,899.9302624944439,859.6675548363143,polyester
367.2325608234863,393.5440414369159,424.57837152500895,454.0934830106037,472.4860257404822,499.61674134553994,cotton
706.3247327495876,737.9134190979552,711.6107714267364,752.355367285058,762.5518852359991,804.644185293562,polyester
556.5088430584547,653.7938824030655,742.2631800261555,760.7156575104574,772.2397207773,816.6904508958356,polyester
403.5866777139674,428.23352057174094,463.30807821078065,487.0064033966239,516.9614009852704,531.3981296585054,cotton
761.2319066341543,830.0641495863235,912.5617023768538,957.8707375805598,890.1089416884395,926.4136870341333,polyester
599.3803397514275,706.0648504912187,745.9759735718175,757.3161314866471,794.3620530166661,762.9955056559623,polyester
385.7455546588931,427.7186711657121,455.01753962418826,480.48608498434237,505.8873429485107,536.9822289999303,cotton
100.08090971082613,91.95336767995568,65.45408014315154,65.77932185451809,42.20730785643983,46.517873054492554,denim
74.76206997102823,50.87180282484439,62.17778151543858,52.04521998311304,46.092331534369514,43.947065405107985,denim
72.99395670002036,71.59729390922152,79.40489847787623,65.30191605323274,61.94445124816315,40.32588850697757,denim
631.2180231033203,611.6055143916816,628.4745198608215,711.7925222250378,698.5723698836872,822.8525475695584,polyester
184.43073100773552,213.07680130954955,227.70199896500918,235.27999005868574,257.39698700219816,263.62486616393545,cotton
548.1331400406916,607.4575456124228,675.9700026621065,749.237504683431,787.1398134217715,785.1492648583859,polyester
68.10756355202797,81.0376459134142,57.98039667909393,52.47325799117482,50.834738754380304,45.89269237898414,denim
612.8400563713512,560.5327377297965,654.5093576823866,697.2872123038205,651.8481181516788,718.6876686901483,polyester
373.1515857342639,399.58295888843963,434.9262253559263,459.35358292930744,471.824269059135,502.4131741577194,cotton
629.0111803045983,608.9627621605079,600.7371243782421,731.2686554238946,644.3939818773952,785.7413893946529,polyester
200.4410607385243,211.76401434388737,239.37432180075572,238.7332361601742,256.91931640491083,267.7998670676793,cotton
940.0035761319916,989.376258623324,982.2039808950365,910.0333643307157,967.4339554289631,1000.0,polyester
705.4459366760547,737.6622073555429,766.7222964193311,898.675059281101,959.4174611242613,874.72653158823,polyester
846.4020514332669,880.4612449654542,946.9733851165281,1000.0,1000.0,1000.0,polyester
189.16796133327165,207.82614787968785,233.25747665960998,233.94912989265416,250.08735431264157,262.4044328945521,cotton
373.54293798230015,413.1333579030128,442.0964513973056,464.8162970245978,496.7983691824859,514.9931806273556,cotton
769.0660252689097,837.7940085793923,883.5719058305956,829.3230195947098,968.6458679341333,986.4060850136917,polyester
82.59952824914714,61.283244986806864,71.41687269028307,54.998343209297154,42.09792228589966,41.498447335131544,denim
101.40175495104307,82.33102569703291,75.9367396070443,74.58031647107613,65.7568543352266,42.57298265304152,denim
189.38676086566034,203.43080974952224,217.15499159074486,234.733603178812,252.02552227355156,263.8532387860798,cotton
797.764453181395,751.9971784043444,845.1184383858617,907.5920326750387,851.9879653234083,922.3739277524668,polyester
600.7226073545006,645.4753390677567,665.8088038049982,705.9793708166636,643.5404468995554,750.2166528608841,polyester
189.2687975517391,203.03619854339158,222.95440949108533,234.51650851422903,250.09835446675146,265.340433166845,cotton
871.3397012983154,915.0671312131425,999.3454511599325,1000.0,1000.0,1000.0,polyester
377.450428216335,418.82145019262026,452.4294024414559,480.4707576781527,506.35513673206384,529.8251703405283,cotton
862.494312270689,906.3854962272662,1000.0,921.9310663184345,975.3131210010287,1000.0,polyester
75.96089640325866,74.37885857644542,79.34901315048798,73.20848487147298,46.627055998097134,59.85177150601552,denim
71.13237629845626,56.15883204619844,56.04956291281739,51.66128839307801,34.16782856258632,39.54231143539698,denim
99.028843707686,78.1101328052934,75.33325824941788,70.85047999283702,57.74578222083783,44.30221884580411,denim
370.21432189558533,406.5912277843828,429.44524217066686,456.8842758971653,493.41522828579326,510.923331630015,cotton
79.5008922495829,66.44917053381666,63.747067974175465,75.9804229970595,58.49045055800347,30.752498497420625,denim
81.33727878243967,70.01227925275444,64.96225506073172,50.06072470377947,51.76850361349071,48.721775883966664,denim
203.7257771112029,213.33087414455844,232.96981761412326,245.30662188815282,255.46521705037262,268.07958873716336,cotton
